-- MySQL dump 10.13  Distrib 5.5.24, for debian-linux-gnu (x86_64)
--
-- Host: localhost    Database: kaiju_dev
-- ------------------------------------------------------
-- Server version	5.5.24-0ubuntu0.12.04.1

/*!40101 SET @OLD_CHARACTER_SET_CLIENT=@@CHARACTER_SET_CLIENT */;
/*!40101 SET @OLD_CHARACTER_SET_RESULTS=@@CHARACTER_SET_RESULTS */;
/*!40101 SET @OLD_COLLATION_CONNECTION=@@COLLATION_CONNECTION */;
/*!40101 SET NAMES utf8 */;
/*!40103 SET @OLD_TIME_ZONE=@@TIME_ZONE */;
/*!40103 SET TIME_ZONE='+00:00' */;
/*!40014 SET @OLD_UNIQUE_CHECKS=@@UNIQUE_CHECKS, UNIQUE_CHECKS=0 */;
/*!40014 SET @OLD_FOREIGN_KEY_CHECKS=@@FOREIGN_KEY_CHECKS, FOREIGN_KEY_CHECKS=0 */;
/*!40101 SET @OLD_SQL_MODE=@@SQL_MODE, SQL_MODE='NO_AUTO_VALUE_ON_ZERO' */;
/*!40111 SET @OLD_SQL_NOTES=@@SQL_NOTES, SQL_NOTES=0 */;

--
-- Table structure for table `action`
--

DROP TABLE IF EXISTS `action`;
/*!40101 SET @saved_cs_client     = @@character_set_client */;
/*!40101 SET character_set_client = utf8 */;
CREATE TABLE `action` (
  `action` int(3) NOT NULL AUTO_INCREMENT,
  `abbrev` varchar(32) COLLATE utf8_bin NOT NULL,
  `params` bit(1) NOT NULL,
  `js` bit(1) NOT NULL,
  `repeatable` bit(1) NOT NULL,
  `descr` varchar(64) COLLATE utf8_bin NOT NULL,
  `cost` int(2) NOT NULL,
  `atype` enum('actor','building','cell','dead','global','structure') COLLATE utf8_bin NOT NULL DEFAULT 'global',
  PRIMARY KEY (`action`),
  UNIQUE KEY `abbrev` (`abbrev`),
  KEY `params` (`params`,`js`,`cost`),
  KEY `atype` (`atype`),
  KEY `js` (`js`),
  KEY `repeatable` (`repeatable`)
) ENGINE=MyISAM AUTO_INCREMENT=20 DEFAULT CHARSET=utf8 COLLATE=utf8_bin;
/*!40101 SET character_set_client = @saved_cs_client */;

--
-- Dumping data for table `action`
--

LOCK TABLES `action` WRITE;
/*!40000 ALTER TABLE `action` DISABLE KEYS */;
INSERT INTO `action` VALUES (1,'give','','\0','\0','Give',1,'actor'),(2,'ascend','','\0','\0','Ascend',1,'cell'),(3,'auction_list','\0','','\0','Auctions',0,'building'),(4,'rez','\0','\0','\0','Resurrect',5,'dead'),(5,'rez_graveyard','\0','\0','\0','Resurrect at the nearest graveyard',5,'dead'),(6,'rez_bad','\0','\0','\0','Resurrect at the nearest graveyard',30,'dead'),(7,'srch','\0','\0','','Search',1,'global'),(8,'bldg_enter','\0','\0','\0','Enter',1,'global'),(9,'bldg_exit','\0','\0','\0','Exit',1,'global'),(10,'scanhrzn','\0','','\0','Scan the horizon',1,'global'),(11,'bldg_upkeep','\0','\0','','Building upkeep',1,'global'),(12,'attackbarrier','\0','','\0','Attack the barrier',0,'global'),(13,'sh_establish','\0','\0','\0','Establish stronghold',1,'global'),(14,'sh_abandon','\0','','\0','Abandon stronghold',1,'global'),(15,'sh_capture','\0','\0','\0','Capture standard',1,'global'),(16,'clan_create','\0','','\0','Form a clan',0,'cell'),(17,'bldg_opts','','','\0','Building options',0,'global'),(18,'sh_reclaim','\0','\0','\0','Reclaim standard',1,'global'),(19,'act_use','','\0','\0','Use',0,'actor');
/*!40000 ALTER TABLE `action` ENABLE KEYS */;
UNLOCK TABLES;

--
-- Table structure for table `action_building`
--

DROP TABLE IF EXISTS `action_building`;
/*!40101 SET @saved_cs_client     = @@character_set_client */;
/*!40101 SET character_set_client = utf8 */;
CREATE TABLE `action_building` (
  `map` int(3) NOT NULL,
  `building` int(3) NOT NULL,
  `action` int(3) NOT NULL,
  `indoors` tinyint(1) NOT NULL DEFAULT '-1',
  PRIMARY KEY (`map`,`building`,`action`,`indoors`),
  KEY `fk_action_building_building1` (`building`,`map`),
  KEY `map` (`indoors`)
) ENGINE=MyISAM DEFAULT CHARSET=utf8 COLLATE=utf8_bin;
/*!40101 SET character_set_client = @saved_cs_client */;

--
-- Dumping data for table `action_building`
--

LOCK TABLES `action_building` WRITE;
/*!40000 ALTER TABLE `action_building` DISABLE KEYS */;
/*!40000 ALTER TABLE `action_building` ENABLE KEYS */;
UNLOCK TABLES;

--
-- Table structure for table `action_building_class`
--

DROP TABLE IF EXISTS `action_building_class`;
/*!40101 SET @saved_cs_client     = @@character_set_client */;
/*!40101 SET character_set_client = utf8 */;
CREATE TABLE `action_building_class` (
  `bclass` int(3) NOT NULL,
  `action` int(3) NOT NULL,
  PRIMARY KEY (`bclass`,`action`)
) ENGINE=MyISAM DEFAULT CHARSET=utf8 COLLATE=utf8_bin;
/*!40101 SET character_set_client = @saved_cs_client */;

--
-- Dumping data for table `action_building_class`
--

LOCK TABLES `action_building_class` WRITE;
/*!40000 ALTER TABLE `action_building_class` DISABLE KEYS */;
INSERT INTO `action_building_class` VALUES (6,3);
/*!40000 ALTER TABLE `action_building_class` ENABLE KEYS */;
UNLOCK TABLES;

--
-- Table structure for table `action_cell`
--

DROP TABLE IF EXISTS `action_cell`;
/*!40101 SET @saved_cs_client     = @@character_set_client */;
/*!40101 SET character_set_client = utf8 */;
CREATE TABLE `action_cell` (
  `action` int(3) NOT NULL,
  `map` int(2) NOT NULL,
  `x` int(3) NOT NULL,
  `y` int(3) NOT NULL,
  `indoors` tinyint(1) NOT NULL DEFAULT '-1',
  PRIMARY KEY (`action`,`map`,`x`,`y`,`indoors`),
  KEY `fk_action_cell_map_cell1` (`x`,`y`,`map`),
  KEY `map` (`indoors`)
) ENGINE=MyISAM DEFAULT CHARSET=utf8 COLLATE=utf8_bin;
/*!40101 SET character_set_client = @saved_cs_client */;

--
-- Dumping data for table `action_cell`
--

LOCK TABLES `action_cell` WRITE;
/*!40000 ALTER TABLE `action_cell` DISABLE KEYS */;
/*!40000 ALTER TABLE `action_cell` ENABLE KEYS */;
UNLOCK TABLES;

--
-- Table structure for table `action_cell_class`
--

DROP TABLE IF EXISTS `action_cell_class`;
/*!40101 SET @saved_cs_client     = @@character_set_client */;
/*!40101 SET character_set_client = utf8 */;
CREATE TABLE `action_cell_class` (
  `cclass` int(3) NOT NULL,
  `action` int(3) NOT NULL,
  PRIMARY KEY (`cclass`,`action`)
) ENGINE=MyISAM DEFAULT CHARSET=utf8 COLLATE=utf8_bin;
/*!40101 SET character_set_client = @saved_cs_client */;

--
-- Dumping data for table `action_cell_class`
--

LOCK TABLES `action_cell_class` WRITE;
/*!40000 ALTER TABLE `action_cell_class` DISABLE KEYS */;
INSERT INTO `action_cell_class` VALUES (9,2),(9,16);
/*!40000 ALTER TABLE `action_cell_class` ENABLE KEYS */;
UNLOCK TABLES;

--
-- Table structure for table `action_structure`
--

DROP TABLE IF EXISTS `action_structure`;
/*!40101 SET @saved_cs_client     = @@character_set_client */;
/*!40101 SET character_set_client = utf8 */;
CREATE TABLE `action_structure` (
  `structure` int(3) NOT NULL,
  `action` int(3) NOT NULL AUTO_INCREMENT,
  `indoors` tinyint(1) NOT NULL DEFAULT '-1',
  PRIMARY KEY (`structure`,`action`,`indoors`),
  KEY `fk_action_structure_structure1` (`structure`),
  KEY `structure` (`indoors`)
) ENGINE=MyISAM DEFAULT CHARSET=utf8 COLLATE=utf8_bin;
/*!40101 SET character_set_client = @saved_cs_client */;

--
-- Dumping data for table `action_structure`
--

LOCK TABLES `action_structure` WRITE;
/*!40000 ALTER TABLE `action_structure` DISABLE KEYS */;
/*!40000 ALTER TABLE `action_structure` ENABLE KEYS */;
UNLOCK TABLES;

--
-- Table structure for table `action_structure_class`
--

DROP TABLE IF EXISTS `action_structure_class`;
/*!40101 SET @saved_cs_client     = @@character_set_client */;
/*!40101 SET character_set_client = utf8 */;
CREATE TABLE `action_structure_class` (
  `sclass` int(3) NOT NULL,
  `action` int(3) NOT NULL,
  PRIMARY KEY (`sclass`,`action`)
) ENGINE=MyISAM DEFAULT CHARSET=utf8 COLLATE=utf8_bin;
/*!40101 SET character_set_client = @saved_cs_client */;

--
-- Dumping data for table `action_structure_class`
--

LOCK TABLES `action_structure_class` WRITE;
/*!40000 ALTER TABLE `action_structure_class` DISABLE KEYS */;
INSERT INTO `action_structure_class` VALUES (3,3),(6,3);
/*!40000 ALTER TABLE `action_structure_class` ENABLE KEYS */;
UNLOCK TABLES;

--
-- Table structure for table `actor`
--

DROP TABLE IF EXISTS `actor`;
/*!40101 SET @saved_cs_client     = @@character_set_client */;
/*!40101 SET character_set_client = utf8 */;
CREATE TABLE `actor` (
  `user` int(11) NOT NULL,
  `actor` int(11) NOT NULL AUTO_INCREMENT,
  `faction` int(1) NOT NULL,
  `map` int(2) NOT NULL DEFAULT '2',
  `x` int(3) NOT NULL DEFAULT '12',
  `y` int(3) NOT NULL DEFAULT '12',
  `aname` varchar(24) COLLATE utf8_bin NOT NULL,
  `indoors` tinyint(1) NOT NULL DEFAULT '0',
  `stat_hp` int(3) NOT NULL DEFAULT '30',
  `stat_hpmax` int(3) NOT NULL DEFAULT '30',
  `stat_mp` int(3) NOT NULL DEFAULT '0',
  `stat_mpmax` int(3) NOT NULL DEFAULT '0',
  `stat_xp` int(9) NOT NULL DEFAULT '750',
  `stat_xplevel` int(9) NOT NULL DEFAULT '1000',
  `stat_xpspent` int(5) unsigned NOT NULL DEFAULT '0',
  `stat_ap` int(3) NOT NULL DEFAULT '150',
  `stat_apmax` int(3) NOT NULL DEFAULT '150',
  `evts` bit(1) NOT NULL,
  `evtm` bit(1) NOT NULL,
  `last` int(11) NOT NULL DEFAULT '0',
  PRIMARY KEY (`actor`,`user`),
  KEY `indoors` (`indoors`),
  KEY `evt` (`evts`),
  KEY `stat_xp` (`stat_xp`,`stat_xplevel`),
  KEY `stat_xpspent` (`stat_xpspent`),
  KEY `fk_actor_map_cell1` (`x`,`y`,`map`),
  KEY `fk_actor_user1` (`user`),
  KEY `faction` (`faction`)
) ENGINE=MyISAM AUTO_INCREMENT=8 DEFAULT CHARSET=utf8 COLLATE=utf8_bin;
/*!40101 SET character_set_client = @saved_cs_client */;

--
-- Dumping data for table `actor`
--

LOCK TABLES `actor` WRITE;
/*!40000 ALTER TABLE `actor` DISABLE KEYS */;
INSERT INTO `actor` VALUES (1,1,2,2,8,13,'haliphax',0,1000,1000,1000,1000,370,1000,2025,975,1000,'\0','\0',1350943671),(3,6,1,2,23,10,'Hitaki Tamamoto',1,29,30,0,0,750,1000,0,150,150,'','',1333134070),(1,3,2,2,19,20,'otherphax',0,26,30,0,0,407,1000,425,137,150,'','',1350943435),(-1,4,0,2,8,13,'A Vile Oni',0,30,30,0,0,811,1000,0,150,150,'','',1350943639),(-1,5,0,2,19,20,'A Vile Oni',0,30,30,0,0,754,1000,0,150,150,'','',1350943639),(4,7,2,2,8,13,'Xerian Silas',0,30,30,0,0,750,1000,0,150,150,'','',1339448250);
/*!40000 ALTER TABLE `actor` ENABLE KEYS */;
UNLOCK TABLES;

--
-- Table structure for table `actor_class`
--

DROP TABLE IF EXISTS `actor_class`;
/*!40101 SET @saved_cs_client     = @@character_set_client */;
/*!40101 SET character_set_client = utf8 */;
CREATE TABLE `actor_class` (
  `actor` int(11) NOT NULL,
  `aclass` int(3) NOT NULL,
  PRIMARY KEY (`actor`,`aclass`),
  KEY `fk_actor_class_actor` (`actor`),
  KEY `fk_actor_class_class_actor1` (`aclass`)
) ENGINE=MyISAM DEFAULT CHARSET=utf8 COLLATE=utf8_bin;
/*!40101 SET character_set_client = @saved_cs_client */;

--
-- Dumping data for table `actor_class`
--

LOCK TABLES `actor_class` WRITE;
/*!40000 ALTER TABLE `actor_class` DISABLE KEYS */;
INSERT INTO `actor_class` VALUES (1,1),(1,4),(1,6),(2,1),(3,1),(6,1),(7,1);
/*!40000 ALTER TABLE `actor_class` ENABLE KEYS */;
UNLOCK TABLES;

--
-- Table structure for table `actor_effect`
--

DROP TABLE IF EXISTS `actor_effect`;
/*!40101 SET @saved_cs_client     = @@character_set_client */;
/*!40101 SET character_set_client = utf8 */;
CREATE TABLE `actor_effect` (
  `actor` int(11) NOT NULL,
  `effect` int(3) NOT NULL,
  PRIMARY KEY (`actor`,`effect`),
  KEY `fk_actor_effect_actor1` (`actor`),
  KEY `fk_actor_effect_effect1` (`effect`)
) ENGINE=MyISAM DEFAULT CHARSET=utf8 COLLATE=utf8_bin;
/*!40101 SET character_set_client = @saved_cs_client */;

--
-- Dumping data for table `actor_effect`
--

LOCK TABLES `actor_effect` WRITE;
/*!40000 ALTER TABLE `actor_effect` DISABLE KEYS */;
INSERT INTO `actor_effect` VALUES (0,17),(1,10),(1,11),(1,12),(1,49),(2,11),(2,12),(3,11),(3,12),(3,13),(4,17),(4,50),(4,51),(4,52),(5,50),(5,51),(5,52),(6,9);
/*!40000 ALTER TABLE `actor_effect` ENABLE KEYS */;
UNLOCK TABLES;

--
-- Table structure for table `actor_item`
--

DROP TABLE IF EXISTS `actor_item`;
/*!40101 SET @saved_cs_client     = @@character_set_client */;
/*!40101 SET character_set_client = utf8 */;
CREATE TABLE `actor_item` (
  `instance` int(11) NOT NULL AUTO_INCREMENT,
  `actor` int(11) NOT NULL,
  `inum` int(4) NOT NULL,
  `eq_slot` enum('MH','OH','Head','Torso','Legs','Arms') COLLATE utf8_bin DEFAULT NULL,
  `lifespan` int(3) DEFAULT NULL,
  `durability` int(3) DEFAULT NULL,
  `durmax` int(3) DEFAULT NULL,
  PRIMARY KEY (`instance`),
  KEY `eq_slot` (`eq_slot`),
  KEY `lifespan` (`lifespan`,`durability`),
  KEY `durmax` (`durmax`),
  KEY `fk_actor_item_actor1` (`actor`),
  KEY `fk_actor_item_item1` (`inum`)
) ENGINE=MyISAM AUTO_INCREMENT=125 DEFAULT CHARSET=utf8 COLLATE=utf8_bin;
/*!40101 SET character_set_client = @saved_cs_client */;

--
-- Dumping data for table `actor_item`
--

LOCK TABLES `actor_item` WRITE;
/*!40000 ALTER TABLE `actor_item` DISABLE KEYS */;
INSERT INTO `actor_item` VALUES (4,2,2,'MH',NULL,4,0),(93,7,10,'Arms',NULL,20,0),(92,7,5,NULL,NULL,NULL,0),(91,7,5,NULL,NULL,NULL,0),(83,6,8,'MH',NULL,14,0),(21,1,20,NULL,NULL,19,0),(82,6,4,NULL,NULL,20,20),(81,6,6,NULL,NULL,NULL,0),(27,3,1,'MH',NULL,NULL,NULL),(77,1,31,'MH',NULL,NULL,NULL),(76,1,31,'OH',NULL,NULL,NULL),(122,3,23,NULL,NULL,NULL,NULL),(43,2,24,NULL,NULL,NULL,NULL),(35,3,24,NULL,NULL,NULL,NULL),(39,3,24,NULL,NULL,NULL,NULL),(41,3,24,NULL,NULL,NULL,NULL),(109,1,4,'Head',NULL,19,20),(84,6,11,'Legs',NULL,20,0),(85,6,4,NULL,NULL,20,20),(102,1,12,NULL,NULL,NULL,NULL),(123,1,11,'Legs',NULL,20,0);
/*!40000 ALTER TABLE `actor_item` ENABLE KEYS */;
UNLOCK TABLES;

--
-- Table structure for table `actor_item_ammo`
--

DROP TABLE IF EXISTS `actor_item_ammo`;
/*!40101 SET @saved_cs_client     = @@character_set_client */;
/*!40101 SET character_set_client = utf8 */;
CREATE TABLE `actor_item_ammo` (
  `instance` int(11) NOT NULL,
  `ammo` int(4) NOT NULL,
  PRIMARY KEY (`instance`),
  KEY `fk_actor_item_ammo_item_ammo1` (`ammo`)
) ENGINE=MyISAM DEFAULT CHARSET=utf8 COLLATE=utf8_bin;
/*!40101 SET character_set_client = @saved_cs_client */;

--
-- Dumping data for table `actor_item_ammo`
--

LOCK TABLES `actor_item_ammo` WRITE;
/*!40000 ALTER TABLE `actor_item_ammo` DISABLE KEYS */;
/*!40000 ALTER TABLE `actor_item_ammo` ENABLE KEYS */;
UNLOCK TABLES;

--
-- Table structure for table `actor_npc`
--

DROP TABLE IF EXISTS `actor_npc`;
/*!40101 SET @saved_cs_client     = @@character_set_client */;
/*!40101 SET character_set_client = utf8 */;
CREATE TABLE `actor_npc` (
  `actor` int(11) NOT NULL,
  `npc` int(11) NOT NULL,
  PRIMARY KEY (`actor`,`npc`)
) ENGINE=MyISAM DEFAULT CHARSET=latin1;
/*!40101 SET character_set_client = @saved_cs_client */;

--
-- Dumping data for table `actor_npc`
--

LOCK TABLES `actor_npc` WRITE;
/*!40000 ALTER TABLE `actor_npc` DISABLE KEYS */;
INSERT INTO `actor_npc` VALUES (4,1),(5,1);
/*!40000 ALTER TABLE `actor_npc` ENABLE KEYS */;
UNLOCK TABLES;

--
-- Table structure for table `actor_skill`
--

DROP TABLE IF EXISTS `actor_skill`;
/*!40101 SET @saved_cs_client     = @@character_set_client */;
/*!40101 SET character_set_client = utf8 */;
CREATE TABLE `actor_skill` (
  `actor` int(11) NOT NULL,
  `skill` int(3) NOT NULL,
  PRIMARY KEY (`actor`,`skill`),
  KEY `fk_actor_skill_actor1` (`actor`),
  KEY `fk_actor_skill_skill1` (`skill`)
) ENGINE=MyISAM DEFAULT CHARSET=utf8 COLLATE=utf8_bin;
/*!40101 SET character_set_client = @saved_cs_client */;

--
-- Dumping data for table `actor_skill`
--

LOCK TABLES `actor_skill` WRITE;
/*!40000 ALTER TABLE `actor_skill` DISABLE KEYS */;
INSERT INTO `actor_skill` VALUES (0,66),(1,3),(1,14),(1,16),(1,18),(1,20),(1,21),(1,22),(1,24),(1,25),(1,26),(1,27),(1,29),(1,30),(1,52),(1,53),(1,65),(1,66),(1,73),(1,74),(1,75),(1,76),(1,77),(1,78),(3,17);
/*!40000 ALTER TABLE `actor_skill` ENABLE KEYS */;
UNLOCK TABLES;

--
-- Table structure for table `auction_bid`
--

DROP TABLE IF EXISTS `auction_bid`;
/*!40101 SET @saved_cs_client     = @@character_set_client */;
/*!40101 SET character_set_client = utf8 */;
CREATE TABLE `auction_bid` (
  `auction` int(11) NOT NULL,
  `actor` int(11) NOT NULL,
  `timeleft` int(2) NOT NULL DEFAULT '24',
  PRIMARY KEY (`auction`,`actor`),
  KEY `timeleft` (`timeleft`)
) ENGINE=MyISAM DEFAULT CHARSET=utf8 COLLATE=utf8_bin;
/*!40101 SET character_set_client = @saved_cs_client */;

--
-- Dumping data for table `auction_bid`
--

LOCK TABLES `auction_bid` WRITE;
/*!40000 ALTER TABLE `auction_bid` DISABLE KEYS */;
/*!40000 ALTER TABLE `auction_bid` ENABLE KEYS */;
UNLOCK TABLES;

--
-- Table structure for table `auction_bid_item`
--

DROP TABLE IF EXISTS `auction_bid_item`;
/*!40101 SET @saved_cs_client     = @@character_set_client */;
/*!40101 SET character_set_client = utf8 */;
CREATE TABLE `auction_bid_item` (
  `auction` int(11) NOT NULL,
  `actor` int(11) NOT NULL,
  `instance` int(11) NOT NULL,
  PRIMARY KEY (`instance`,`auction`,`actor`),
  KEY `fk_auction_bid_item_actor_item1` (`instance`),
  KEY `fk_auction_bid_item_auction_bid1` (`auction`,`actor`)
) ENGINE=MyISAM DEFAULT CHARSET=utf8 COLLATE=utf8_bin;
/*!40101 SET character_set_client = @saved_cs_client */;

--
-- Dumping data for table `auction_bid_item`
--

LOCK TABLES `auction_bid_item` WRITE;
/*!40000 ALTER TABLE `auction_bid_item` DISABLE KEYS */;
/*!40000 ALTER TABLE `auction_bid_item` ENABLE KEYS */;
UNLOCK TABLES;

--
-- Table structure for table `auction_sale`
--

DROP TABLE IF EXISTS `auction_sale`;
/*!40101 SET @saved_cs_client     = @@character_set_client */;
/*!40101 SET character_set_client = utf8 */;
CREATE TABLE `auction_sale` (
  `auction` int(11) NOT NULL AUTO_INCREMENT,
  `map` int(3) NOT NULL,
  `building` int(6) NOT NULL,
  `actor` int(11) NOT NULL,
  `price` varchar(250) COLLATE utf8_bin NOT NULL,
  `time_left` int(3) NOT NULL,
  `active` bit(1) NOT NULL,
  PRIMARY KEY (`auction`),
  KEY `actor` (`actor`),
  KEY `active` (`active`),
  KEY `map` (`map`),
  KEY `building` (`building`)
) ENGINE=MyISAM DEFAULT CHARSET=utf8 COLLATE=utf8_bin;
/*!40101 SET character_set_client = @saved_cs_client */;

--
-- Dumping data for table `auction_sale`
--

LOCK TABLES `auction_sale` WRITE;
/*!40000 ALTER TABLE `auction_sale` DISABLE KEYS */;
/*!40000 ALTER TABLE `auction_sale` ENABLE KEYS */;
UNLOCK TABLES;

--
-- Table structure for table `auction_sale_item`
--

DROP TABLE IF EXISTS `auction_sale_item`;
/*!40101 SET @saved_cs_client     = @@character_set_client */;
/*!40101 SET character_set_client = utf8 */;
CREATE TABLE `auction_sale_item` (
  `auction` int(11) NOT NULL,
  `instance` int(11) NOT NULL,
  PRIMARY KEY (`instance`,`auction`),
  KEY `fk_auction_sale_item_actor_item1` (`instance`),
  KEY `fk_auction_sale_item_auction_sale1` (`auction`)
) ENGINE=MyISAM DEFAULT CHARSET=utf8 COLLATE=utf8_bin;
/*!40101 SET character_set_client = @saved_cs_client */;

--
-- Dumping data for table `auction_sale_item`
--

LOCK TABLES `auction_sale_item` WRITE;
/*!40000 ALTER TABLE `auction_sale_item` DISABLE KEYS */;
/*!40000 ALTER TABLE `auction_sale_item` ENABLE KEYS */;
UNLOCK TABLES;

--
-- Table structure for table `building`
--

DROP TABLE IF EXISTS `building`;
/*!40101 SET @saved_cs_client     = @@character_set_client */;
/*!40101 SET character_set_client = utf8 */;
CREATE TABLE `building` (
  `map` int(3) NOT NULL,
  `building` int(6) NOT NULL,
  `owner` int(11) DEFAULT NULL,
  `structure` int(3) DEFAULT NULL,
  `elevation` tinyint(1) DEFAULT NULL,
  `hp` int(3) DEFAULT '120',
  `descr` varchar(64) COLLATE utf8_bin DEFAULT NULL,
  `surr` varchar(512) COLLATE utf8_bin DEFAULT NULL,
  `surr_i` varchar(512) COLLATE utf8_bin DEFAULT NULL,
  PRIMARY KEY (`building`,`map`),
  KEY `fk_building_structure1` (`structure`),
  KEY `owner` (`owner`),
  KEY `hp` (`hp`)
) ENGINE=MyISAM DEFAULT CHARSET=utf8 COLLATE=utf8_bin;
/*!40101 SET character_set_client = @saved_cs_client */;

--
-- Dumping data for table `building`
--

LOCK TABLES `building` WRITE;
/*!40000 ALTER TABLE `building` DISABLE KEYS */;
INSERT INTO `building` VALUES (5,16018,NULL,2,NULL,NULL,NULL,NULL,NULL),(2,2012,NULL,6,NULL,NULL,NULL,NULL,NULL),(2,31,NULL,2,NULL,NULL,NULL,NULL,NULL),(2,30,NULL,NULL,NULL,NULL,NULL,NULL,NULL),(2,51,NULL,NULL,NULL,NULL,NULL,NULL,NULL),(2,12,NULL,2,NULL,NULL,NULL,NULL,NULL),(2,5,NULL,2,NULL,NULL,NULL,NULL,NULL),(2,44,NULL,4,NULL,NULL,NULL,NULL,NULL),(2,1422,NULL,4,NULL,NULL,NULL,NULL,NULL),(2,14028,28,5,NULL,NULL,'A Taste of Venice','What a quaint little bazaar!',''),(2,45,NULL,7,NULL,NULL,NULL,NULL,NULL),(2,17026,NULL,7,NULL,NULL,NULL,NULL,NULL),(5,17016,NULL,7,NULL,NULL,NULL,NULL,NULL),(5,19016,NULL,4,NULL,NULL,NULL,NULL,NULL),(2,40,NULL,2,NULL,NULL,NULL,NULL,NULL),(2,21,NULL,NULL,NULL,NULL,NULL,NULL,NULL),(5,17017,NULL,NULL,NULL,NULL,'Mato City Hall',NULL,NULL);
/*!40000 ALTER TABLE `building` ENABLE KEYS */;
UNLOCK TABLES;

--
-- Table structure for table `building_class`
--

DROP TABLE IF EXISTS `building_class`;
/*!40101 SET @saved_cs_client     = @@character_set_client */;
/*!40101 SET character_set_client = utf8 */;
CREATE TABLE `building_class` (
  `map` int(3) NOT NULL,
  `building` int(3) NOT NULL,
  `indoors` tinyint(1) NOT NULL DEFAULT '-1',
  `bclass` int(3) NOT NULL,
  PRIMARY KEY (`indoors`,`building`,`map`,`bclass`),
  KEY `fk_building_class_building1` (`building`,`map`),
  KEY `fk_building_class_bclass` (`bclass`)
) ENGINE=MyISAM DEFAULT CHARSET=utf8 COLLATE=utf8_bin;
/*!40101 SET character_set_client = @saved_cs_client */;

--
-- Dumping data for table `building_class`
--

LOCK TABLES `building_class` WRITE;
/*!40000 ALTER TABLE `building_class` DISABLE KEYS */;
INSERT INTO `building_class` VALUES (2,14028,-1,6),(2,16021,-1,7);
/*!40000 ALTER TABLE `building_class` ENABLE KEYS */;
UNLOCK TABLES;

--
-- Table structure for table `building_progress`
--

DROP TABLE IF EXISTS `building_progress`;
/*!40101 SET @saved_cs_client     = @@character_set_client */;
/*!40101 SET character_set_client = utf8 */;
CREATE TABLE `building_progress` (
  `map` int(3) NOT NULL,
  `building` int(3) NOT NULL,
  `amt` int(11) NOT NULL DEFAULT '0',
  `inum` int(4) NOT NULL,
  PRIMARY KEY (`building`,`map`,`inum`),
  KEY `fk_building_construction_progress_building1` (`building`,`map`),
  KEY `fk_building_construction_progress_item1` (`inum`)
) ENGINE=MyISAM DEFAULT CHARSET=utf8 COLLATE=utf8_bin;
/*!40101 SET character_set_client = @saved_cs_client */;

--
-- Dumping data for table `building_progress`
--

LOCK TABLES `building_progress` WRITE;
/*!40000 ALTER TABLE `building_progress` DISABLE KEYS */;
/*!40000 ALTER TABLE `building_progress` ENABLE KEYS */;
UNLOCK TABLES;

--
-- Table structure for table `building_search`
--

DROP TABLE IF EXISTS `building_search`;
/*!40101 SET @saved_cs_client     = @@character_set_client */;
/*!40101 SET character_set_client = utf8 */;
CREATE TABLE `building_search` (
  `map` int(3) NOT NULL,
  `building` int(3) NOT NULL,
  `inum` int(4) NOT NULL,
  `odds` int(2) NOT NULL,
  PRIMARY KEY (`building`,`map`,`inum`),
  KEY `odds` (`odds`),
  KEY `fk_building_search_building1` (`building`,`map`),
  KEY `fk_building_search_item1` (`inum`)
) ENGINE=MyISAM DEFAULT CHARSET=utf8 COLLATE=utf8_bin;
/*!40101 SET character_set_client = @saved_cs_client */;

--
-- Dumping data for table `building_search`
--

LOCK TABLES `building_search` WRITE;
/*!40000 ALTER TABLE `building_search` DISABLE KEYS */;
/*!40000 ALTER TABLE `building_search` ENABLE KEYS */;
UNLOCK TABLES;

--
-- Table structure for table `building_trigger`
--

DROP TABLE IF EXISTS `building_trigger`;
/*!40101 SET @saved_cs_client     = @@character_set_client */;
/*!40101 SET character_set_client = utf8 */;
CREATE TABLE `building_trigger` (
  `map` int(3) NOT NULL,
  `building` int(6) NOT NULL,
  `abbrev` varchar(24) COLLATE utf8_bin NOT NULL,
  `enter` bit(1) NOT NULL,
  `exit` bit(1) NOT NULL,
  PRIMARY KEY (`map`,`building`),
  KEY `enter` (`enter`),
  KEY `exit` (`exit`)
) ENGINE=MyISAM DEFAULT CHARSET=utf8 COLLATE=utf8_bin;
/*!40101 SET character_set_client = @saved_cs_client */;

--
-- Dumping data for table `building_trigger`
--

LOCK TABLES `building_trigger` WRITE;
/*!40000 ALTER TABLE `building_trigger` DISABLE KEYS */;
/*!40000 ALTER TABLE `building_trigger` ENABLE KEYS */;
UNLOCK TABLES;

--
-- Table structure for table `ci_sessions`
--

DROP TABLE IF EXISTS `ci_sessions`;
/*!40101 SET @saved_cs_client     = @@character_set_client */;
/*!40101 SET character_set_client = utf8 */;
CREATE TABLE `ci_sessions` (
  `session_id` varchar(40) COLLATE utf8_bin NOT NULL DEFAULT '0',
  `ip_address` varchar(16) COLLATE utf8_bin NOT NULL DEFAULT '0',
  `user_agent` varchar(50) COLLATE utf8_bin NOT NULL,
  `last_activity` int(10) unsigned NOT NULL DEFAULT '0',
  `user_data` text COLLATE utf8_bin NOT NULL,
  PRIMARY KEY (`session_id`)
) ENGINE=MyISAM DEFAULT CHARSET=utf8 COLLATE=utf8_bin;
/*!40101 SET character_set_client = @saved_cs_client */;

--
-- Dumping data for table `ci_sessions`
--

LOCK TABLES `ci_sessions` WRITE;
/*!40000 ALTER TABLE `ci_sessions` DISABLE KEYS */;
INSERT INTO `ci_sessions` VALUES ('ba76dd384d9e456aa65b870c37ea7e75','173.31.95.134','Mozilla/5.0 (Windows NT 6.1; WOW64) AppleWebKit/53',1336241932,''),('5dd9e301c3695d80afb0fcb4a786d614','173.31.95.134','Mozilla/5.0 (Windows NT 6.1; WOW64) AppleWebKit/53',1336241935,''),('6a3916ea6a51ebc06edf72107b7d3243','173.31.95.134','Mozilla/5.0 (Windows NT 6.1; WOW64) AppleWebKit/53',1336241920,''),('7eb985d7a9405b1df12e69a872ee1be9','173.31.95.134','Mozilla/5.0 (Windows NT 6.1; WOW64) AppleWebKit/53',1336241923,'');
/*!40000 ALTER TABLE `ci_sessions` ENABLE KEYS */;
UNLOCK TABLES;

--
-- Table structure for table `clan`
--

DROP TABLE IF EXISTS `clan`;
/*!40101 SET @saved_cs_client     = @@character_set_client */;
/*!40101 SET character_set_client = utf8 */;
CREATE TABLE `clan` (
  `clan` int(11) NOT NULL AUTO_INCREMENT,
  `faction` tinyint(1) NOT NULL,
  `descr` varchar(32) COLLATE utf8_bin NOT NULL,
  `policy` enum('open','closed') COLLATE utf8_bin NOT NULL DEFAULT 'open',
  PRIMARY KEY (`clan`),
  KEY `faction` (`faction`),
  KEY `policy` (`policy`)
) ENGINE=MyISAM AUTO_INCREMENT=2 DEFAULT CHARSET=utf8 COLLATE=utf8_bin;
/*!40101 SET character_set_client = @saved_cs_client */;

--
-- Dumping data for table `clan`
--

LOCK TABLES `clan` WRITE;
/*!40000 ALTER TABLE `clan` DISABLE KEYS */;
INSERT INTO `clan` VALUES (1,2,'Test Clan','open');
/*!40000 ALTER TABLE `clan` ENABLE KEYS */;
UNLOCK TABLES;

--
-- Table structure for table `clan_actor`
--

DROP TABLE IF EXISTS `clan_actor`;
/*!40101 SET @saved_cs_client     = @@character_set_client */;
/*!40101 SET character_set_client = utf8 */;
CREATE TABLE `clan_actor` (
  `clan` int(11) NOT NULL,
  `actor` int(11) NOT NULL,
  `rank` int(1) NOT NULL DEFAULT '1',
  PRIMARY KEY (`clan`,`actor`),
  KEY `rank` (`rank`)
) ENGINE=MyISAM DEFAULT CHARSET=utf8 COLLATE=utf8_bin;
/*!40101 SET character_set_client = @saved_cs_client */;

--
-- Dumping data for table `clan_actor`
--

LOCK TABLES `clan_actor` WRITE;
/*!40000 ALTER TABLE `clan_actor` DISABLE KEYS */;
INSERT INTO `clan_actor` VALUES (1,1,0);
/*!40000 ALTER TABLE `clan_actor` ENABLE KEYS */;
UNLOCK TABLES;

--
-- Table structure for table `clan_application`
--

DROP TABLE IF EXISTS `clan_application`;
/*!40101 SET @saved_cs_client     = @@character_set_client */;
/*!40101 SET character_set_client = utf8 */;
CREATE TABLE `clan_application` (
  `clan` int(11) NOT NULL,
  `actor` int(11) NOT NULL,
  `stamp` int(11) NOT NULL,
  `msg` varchar(500) COLLATE utf8_bin DEFAULT NULL,
  PRIMARY KEY (`clan`,`actor`),
  KEY `stamp` (`stamp`)
) ENGINE=MyISAM DEFAULT CHARSET=utf8 COLLATE=utf8_bin;
/*!40101 SET character_set_client = @saved_cs_client */;

--
-- Dumping data for table `clan_application`
--

LOCK TABLES `clan_application` WRITE;
/*!40000 ALTER TABLE `clan_application` DISABLE KEYS */;
/*!40000 ALTER TABLE `clan_application` ENABLE KEYS */;
UNLOCK TABLES;

--
-- Table structure for table `clan_capture`
--

DROP TABLE IF EXISTS `clan_capture`;
/*!40101 SET @saved_cs_client     = @@character_set_client */;
/*!40101 SET character_set_client = utf8 */;
CREATE TABLE `clan_capture` (
  `clan` int(11) NOT NULL,
  `rclan` int(11) NOT NULL,
  `stamp` int(11) NOT NULL,
  `reclaimed` bit(1) NOT NULL,
  PRIMARY KEY (`clan`,`rclan`,`stamp`),
  KEY `reclaimed` (`reclaimed`)
) ENGINE=MyISAM DEFAULT CHARSET=utf8 COLLATE=utf8_bin;
/*!40101 SET character_set_client = @saved_cs_client */;

--
-- Dumping data for table `clan_capture`
--

LOCK TABLES `clan_capture` WRITE;
/*!40000 ALTER TABLE `clan_capture` DISABLE KEYS */;
INSERT INTO `clan_capture` VALUES (1,1,1348683634,'\0');
/*!40000 ALTER TABLE `clan_capture` ENABLE KEYS */;
UNLOCK TABLES;

--
-- Table structure for table `clan_invitation`
--

DROP TABLE IF EXISTS `clan_invitation`;
/*!40101 SET @saved_cs_client     = @@character_set_client */;
/*!40101 SET character_set_client = utf8 */;
CREATE TABLE `clan_invitation` (
  `clan` int(11) NOT NULL,
  `actor` int(11) NOT NULL,
  `stamp` int(11) NOT NULL,
  `msg` varchar(500) COLLATE utf8_bin NOT NULL,
  PRIMARY KEY (`clan`,`actor`),
  KEY `stamp` (`stamp`)
) ENGINE=MyISAM DEFAULT CHARSET=utf8 COLLATE=utf8_bin;
/*!40101 SET character_set_client = @saved_cs_client */;

--
-- Dumping data for table `clan_invitation`
--

LOCK TABLES `clan_invitation` WRITE;
/*!40000 ALTER TABLE `clan_invitation` DISABLE KEYS */;
/*!40000 ALTER TABLE `clan_invitation` ENABLE KEYS */;
UNLOCK TABLES;

--
-- Table structure for table `clan_relation`
--

DROP TABLE IF EXISTS `clan_relation`;
/*!40101 SET @saved_cs_client     = @@character_set_client */;
/*!40101 SET character_set_client = utf8 */;
CREATE TABLE `clan_relation` (
  `clan` int(11) NOT NULL,
  `rclan` int(11) NOT NULL,
  `standing` enum('Ally','Enemy') COLLATE utf8_bin NOT NULL DEFAULT 'Ally',
  PRIMARY KEY (`clan`,`rclan`),
  KEY `standing` (`standing`)
) ENGINE=MyISAM DEFAULT CHARSET=utf8 COLLATE=utf8_bin;
/*!40101 SET character_set_client = @saved_cs_client */;

--
-- Dumping data for table `clan_relation`
--

LOCK TABLES `clan_relation` WRITE;
/*!40000 ALTER TABLE `clan_relation` DISABLE KEYS */;
/*!40000 ALTER TABLE `clan_relation` ENABLE KEYS */;
UNLOCK TABLES;

--
-- Table structure for table `clan_stronghold`
--

DROP TABLE IF EXISTS `clan_stronghold`;
/*!40101 SET @saved_cs_client     = @@character_set_client */;
/*!40101 SET character_set_client = utf8 */;
CREATE TABLE `clan_stronghold` (
  `clan` int(11) NOT NULL,
  `map` int(3) NOT NULL,
  `building` int(6) NOT NULL,
  `shield` int(3) unsigned NOT NULL DEFAULT '0',
  PRIMARY KEY (`clan`),
  KEY `map` (`map`,`building`)
) ENGINE=MyISAM DEFAULT CHARSET=utf8 COLLATE=utf8_bin;
/*!40101 SET character_set_client = @saved_cs_client */;

--
-- Dumping data for table `clan_stronghold`
--

LOCK TABLES `clan_stronghold` WRITE;
/*!40000 ALTER TABLE `clan_stronghold` DISABLE KEYS */;
/*!40000 ALTER TABLE `clan_stronghold` ENABLE KEYS */;
UNLOCK TABLES;

--
-- Table structure for table `class_action`
--

DROP TABLE IF EXISTS `class_action`;
/*!40101 SET @saved_cs_client     = @@character_set_client */;
/*!40101 SET character_set_client = utf8 */;
CREATE TABLE `class_action` (
  `aclass` int(3) NOT NULL,
  `abbrev` varchar(24) COLLATE utf8_bin NOT NULL,
  `descr` varchar(64) COLLATE utf8_bin NOT NULL,
  PRIMARY KEY (`aclass`),
  UNIQUE KEY `abbrev` (`abbrev`)
) ENGINE=MyISAM DEFAULT CHARSET=utf8 COLLATE=utf8_bin;
/*!40101 SET character_set_client = @saved_cs_client */;

--
-- Dumping data for table `class_action`
--

LOCK TABLES `class_action` WRITE;
/*!40000 ALTER TABLE `class_action` DISABLE KEYS */;
/*!40000 ALTER TABLE `class_action` ENABLE KEYS */;
UNLOCK TABLES;

--
-- Table structure for table `class_actor`
--

DROP TABLE IF EXISTS `class_actor`;
/*!40101 SET @saved_cs_client     = @@character_set_client */;
/*!40101 SET character_set_client = utf8 */;
CREATE TABLE `class_actor` (
  `aclass` int(3) NOT NULL AUTO_INCREMENT,
  `abbrev` varchar(24) COLLATE utf8_bin NOT NULL,
  `descr` varchar(64) COLLATE utf8_bin NOT NULL,
  PRIMARY KEY (`aclass`)
) ENGINE=MyISAM AUTO_INCREMENT=7 DEFAULT CHARSET=utf8 COLLATE=utf8_bin;
/*!40101 SET character_set_client = @saved_cs_client */;

--
-- Dumping data for table `class_actor`
--

LOCK TABLES `class_actor` WRITE;
/*!40000 ALTER TABLE `class_actor` DISABLE KEYS */;
INSERT INTO `class_actor` VALUES (1,'citizen','Citizen'),(2,'monk','Monk'),(3,'ninja','Ninja'),(4,'samurai','Samurai'),(5,'geisha','Geisha'),(6,'entrepeneur','Entrepeneur');
/*!40000 ALTER TABLE `class_actor` ENABLE KEYS */;
UNLOCK TABLES;

--
-- Table structure for table `class_cell`
--

DROP TABLE IF EXISTS `class_cell`;
/*!40101 SET @saved_cs_client     = @@character_set_client */;
/*!40101 SET character_set_client = utf8 */;
CREATE TABLE `class_cell` (
  `cclass` int(3) NOT NULL AUTO_INCREMENT,
  `abbrev` varchar(24) COLLATE utf8_bin NOT NULL,
  `gen` bit(1) NOT NULL,
  `surr` varchar(64) COLLATE utf8_bin NOT NULL,
  PRIMARY KEY (`cclass`),
  KEY `gen` (`gen`)
) ENGINE=MyISAM AUTO_INCREMENT=10 DEFAULT CHARSET=utf8 COLLATE=utf8_bin;
/*!40101 SET character_set_client = @saved_cs_client */;

--
-- Dumping data for table `class_cell`
--

LOCK TABLES `class_cell` WRITE;
/*!40000 ALTER TABLE `class_cell` DISABLE KEYS */;
INSERT INTO `class_cell` VALUES (1,'climb','\0',''),(2,'scan','\0',''),(3,'ore_lead','\0',''),(4,'lumber','\0',''),(5,'scavenge','\0',''),(6,'lumber_dense','\0',''),(7,'ore','\0',''),(8,'water','\0',''),(9,'capitol','\0','');
/*!40000 ALTER TABLE `class_cell` ENABLE KEYS */;
UNLOCK TABLES;

--
-- Table structure for table `class_cell_trigger`
--

DROP TABLE IF EXISTS `class_cell_trigger`;
/*!40101 SET @saved_cs_client     = @@character_set_client */;
/*!40101 SET character_set_client = utf8 */;
CREATE TABLE `class_cell_trigger` (
  `cclass` int(3) NOT NULL,
  `arrive` bit(1) NOT NULL,
  `leave` bit(1) NOT NULL,
  PRIMARY KEY (`cclass`),
  KEY `arrive` (`arrive`,`leave`)
) ENGINE=MyISAM DEFAULT CHARSET=utf8 COLLATE=utf8_bin;
/*!40101 SET character_set_client = @saved_cs_client */;

--
-- Dumping data for table `class_cell_trigger`
--

LOCK TABLES `class_cell_trigger` WRITE;
/*!40000 ALTER TABLE `class_cell_trigger` DISABLE KEYS */;
INSERT INTO `class_cell_trigger` VALUES (6,'','\0');
/*!40000 ALTER TABLE `class_cell_trigger` ENABLE KEYS */;
UNLOCK TABLES;

--
-- Table structure for table `class_effect`
--

DROP TABLE IF EXISTS `class_effect`;
/*!40101 SET @saved_cs_client     = @@character_set_client */;
/*!40101 SET character_set_client = utf8 */;
CREATE TABLE `class_effect` (
  `eclass` int(3) NOT NULL AUTO_INCREMENT,
  `abbrev` varchar(24) COLLATE utf8_bin NOT NULL,
  `descr` varchar(64) COLLATE utf8_bin NOT NULL,
  PRIMARY KEY (`eclass`)
) ENGINE=MyISAM DEFAULT CHARSET=utf8 COLLATE=utf8_bin;
/*!40101 SET character_set_client = @saved_cs_client */;

--
-- Dumping data for table `class_effect`
--

LOCK TABLES `class_effect` WRITE;
/*!40000 ALTER TABLE `class_effect` DISABLE KEYS */;
/*!40000 ALTER TABLE `class_effect` ENABLE KEYS */;
UNLOCK TABLES;

--
-- Table structure for table `class_effect_trigger`
--

DROP TABLE IF EXISTS `class_effect_trigger`;
/*!40101 SET @saved_cs_client     = @@character_set_client */;
/*!40101 SET character_set_client = utf8 */;
CREATE TABLE `class_effect_trigger` (
  `eclass` int(3) NOT NULL,
  `ap` bit(1) NOT NULL,
  `attack` bit(1) NOT NULL,
  `defend` bit(1) NOT NULL,
  `chancetohit` bit(1) NOT NULL,
  `heal` bit(1) NOT NULL,
  `healed` bit(1) NOT NULL,
  `hit` bit(1) NOT NULL,
  `miss` bit(1) NOT NULL,
  `move` bit(1) NOT NULL,
  `struck` bit(1) NOT NULL,
  `tick` tinyint(1) NOT NULL,
  PRIMARY KEY (`eclass`),
  KEY `attack` (`attack`,`chancetohit`,`heal`,`healed`,`hit`,`miss`,`move`,`struck`,`tick`),
  KEY `defend` (`defend`),
  KEY `fk_effect_trigger_effect1` (`eclass`)
) ENGINE=MyISAM DEFAULT CHARSET=utf8 COLLATE=utf8_bin;
/*!40101 SET character_set_client = @saved_cs_client */;

--
-- Dumping data for table `class_effect_trigger`
--

LOCK TABLES `class_effect_trigger` WRITE;
/*!40000 ALTER TABLE `class_effect_trigger` DISABLE KEYS */;
/*!40000 ALTER TABLE `class_effect_trigger` ENABLE KEYS */;
UNLOCK TABLES;

--
-- Table structure for table `class_item`
--

DROP TABLE IF EXISTS `class_item`;
/*!40101 SET @saved_cs_client     = @@character_set_client */;
/*!40101 SET character_set_client = utf8 */;
CREATE TABLE `class_item` (
  `iclass` int(3) NOT NULL AUTO_INCREMENT,
  `abbrev` varchar(24) COLLATE utf8_bin NOT NULL,
  `descr` varchar(64) COLLATE utf8_bin NOT NULL,
  PRIMARY KEY (`iclass`)
) ENGINE=MyISAM AUTO_INCREMENT=8 DEFAULT CHARSET=utf8 COLLATE=utf8_bin;
/*!40101 SET character_set_client = @saved_cs_client */;

--
-- Dumping data for table `class_item`
--

LOCK TABLES `class_item` WRITE;
/*!40000 ALTER TABLE `class_item` DISABLE KEYS */;
INSERT INTO `class_item` VALUES (1,'arrow','Arrow'),(2,'bow','Bow'),(3,'food','Food'),(4,'throwable','Throwable'),(5,'blueprint','Blueprint'),(6,'construction_mats','Construction materials'),(7,'recipe_ingredients','Recipe ingredients');
/*!40000 ALTER TABLE `class_item` ENABLE KEYS */;
UNLOCK TABLES;

--
-- Table structure for table `class_item_trigger`
--

DROP TABLE IF EXISTS `class_item_trigger`;
/*!40101 SET @saved_cs_client     = @@character_set_client */;
/*!40101 SET character_set_client = utf8 */;
CREATE TABLE `class_item_trigger` (
  `iclass` int(3) NOT NULL,
  `abbrev` varchar(24) COLLATE utf8_bin NOT NULL,
  `use` bit(1) NOT NULL,
  `equip` bit(1) NOT NULL,
  `remove` bit(1) NOT NULL,
  PRIMARY KEY (`iclass`),
  KEY `use` (`use`,`equip`,`remove`)
) ENGINE=MyISAM DEFAULT CHARSET=utf8 COLLATE=utf8_bin;
/*!40101 SET character_set_client = @saved_cs_client */;

--
-- Dumping data for table `class_item_trigger`
--

LOCK TABLES `class_item_trigger` WRITE;
/*!40000 ALTER TABLE `class_item_trigger` DISABLE KEYS */;
/*!40000 ALTER TABLE `class_item_trigger` ENABLE KEYS */;
UNLOCK TABLES;

--
-- Table structure for table `class_skill`
--

DROP TABLE IF EXISTS `class_skill`;
/*!40101 SET @saved_cs_client     = @@character_set_client */;
/*!40101 SET character_set_client = utf8 */;
CREATE TABLE `class_skill` (
  `sclass` int(3) NOT NULL,
  `abbrev` varchar(24) COLLATE utf8_bin NOT NULL,
  `descr` varchar(64) COLLATE utf8_bin NOT NULL,
  PRIMARY KEY (`sclass`),
  UNIQUE KEY `abbrev` (`abbrev`)
) ENGINE=MyISAM DEFAULT CHARSET=utf8 COLLATE=utf8_bin;
/*!40101 SET character_set_client = @saved_cs_client */;

--
-- Dumping data for table `class_skill`
--

LOCK TABLES `class_skill` WRITE;
/*!40000 ALTER TABLE `class_skill` DISABLE KEYS */;
/*!40000 ALTER TABLE `class_skill` ENABLE KEYS */;
UNLOCK TABLES;

--
-- Table structure for table `class_structure`
--

DROP TABLE IF EXISTS `class_structure`;
/*!40101 SET @saved_cs_client     = @@character_set_client */;
/*!40101 SET character_set_client = utf8 */;
CREATE TABLE `class_structure` (
  `sclass` int(3) NOT NULL AUTO_INCREMENT,
  `abbrev` varchar(24) COLLATE utf8_bin NOT NULL,
  `gen` bit(1) NOT NULL,
  `surr` varchar(64) COLLATE utf8_bin DEFAULT NULL,
  PRIMARY KEY (`sclass`),
  UNIQUE KEY `abbrev` (`abbrev`),
  KEY `gen` (`gen`)
) ENGINE=MyISAM AUTO_INCREMENT=8 DEFAULT CHARSET=utf8 COLLATE=utf8_bin;
/*!40101 SET character_set_client = @saved_cs_client */;

--
-- Dumping data for table `class_structure`
--

LOCK TABLES `class_structure` WRITE;
/*!40000 ALTER TABLE `class_structure` DISABLE KEYS */;
INSERT INTO `class_structure` VALUES (1,'forge','\0','There is a <b>forge</b> here.'),(2,'workbench','\0','There is a <b>workbench</b> here.'),(3,'ah','\0','There is an <b>auction manifest</b> here.'),(4,'stronghold','',NULL),(5,'zenshrine','\0',NULL),(6,'shop','\0','There is a <b>shop</b> here.'),(7,'stove','\0','There is a <b>stove</b> here. ');
/*!40000 ALTER TABLE `class_structure` ENABLE KEYS */;
UNLOCK TABLES;

--
-- Table structure for table `class_structure_trigger`
--

DROP TABLE IF EXISTS `class_structure_trigger`;
/*!40101 SET @saved_cs_client     = @@character_set_client */;
/*!40101 SET character_set_client = utf8 */;
CREATE TABLE `class_structure_trigger` (
  `sclass` int(3) NOT NULL,
  `enter` bit(1) NOT NULL,
  `exit` bit(1) NOT NULL,
  `arrive` bit(1) NOT NULL,
  `leave` bit(1) NOT NULL,
  PRIMARY KEY (`sclass`),
  KEY `enter` (`enter`,`exit`,`arrive`,`leave`)
) ENGINE=MyISAM DEFAULT CHARSET=utf8 COLLATE=utf8_bin;
/*!40101 SET character_set_client = @saved_cs_client */;

--
-- Dumping data for table `class_structure_trigger`
--

LOCK TABLES `class_structure_trigger` WRITE;
/*!40000 ALTER TABLE `class_structure_trigger` DISABLE KEYS */;
INSERT INTO `class_structure_trigger` VALUES (5,'','','\0','\0');
/*!40000 ALTER TABLE `class_structure_trigger` ENABLE KEYS */;
UNLOCK TABLES;

--
-- Table structure for table `effect`
--

DROP TABLE IF EXISTS `effect`;
/*!40101 SET @saved_cs_client     = @@character_set_client */;
/*!40101 SET character_set_client = utf8 */;
CREATE TABLE `effect` (
  `effect` int(3) NOT NULL AUTO_INCREMENT,
  `abbrev` varchar(24) COLLATE utf8_bin NOT NULL,
  `ename` varchar(32) COLLATE utf8_bin NOT NULL,
  `persist` bit(1) NOT NULL,
  `hide` bit(1) NOT NULL,
  `perm` bit(1) NOT NULL,
  `priority` int(1) NOT NULL DEFAULT '0',
  `on` bit(1) NOT NULL,
  `off` bit(1) NOT NULL,
  `descr` text COLLATE utf8_bin,
  PRIMARY KEY (`effect`),
  KEY `hide` (`hide`),
  KEY `abbrev` (`abbrev`),
  KEY `perm` (`perm`),
  KEY `priority` (`priority`),
  KEY `on` (`on`),
  KEY `off` (`off`)
) ENGINE=MyISAM AUTO_INCREMENT=53 DEFAULT CHARSET=utf8 COLLATE=utf8_bin;
/*!40101 SET character_set_client = @saved_cs_client */;

--
-- Dumping data for table `effect`
--

LOCK TABLES `effect` WRITE;
/*!40000 ALTER TABLE `effect` DISABLE KEYS */;
INSERT INTO `effect` VALUES (1,'hiding','Hiding','\0','\0','\0',0,'','','While Hiding, your presence will be concealed from others. People searching the map cell you are hiding in may find you in their pursuit of valuable goods.'),(3,'poison','Poison','\0','\0','\0',0,'','','While under the effects of Poison, each action you perform will drain you of 1HP. Poison can be removed with the Antidote item or through various skills.'),(4,'poisonstrike','Poison Strike','\0','','\0',0,'','',NULL),(5,'poisondeadly','Deadly poison','\0','\0','\0',0,'','','While under the effects of Deadly poison, each action you perform will drain you of 1HP. In addition, you will be drained of 1HP every 5 minutes while afflicted.'),(6,'healinghands','Healing Hands','','\0','\0',0,'','','Your skill at healing is increased; both when using items and skills.'),(7,'parry','Parry','','','',0,'\0','\0','When attacked, you have a small chance to parry your opponent\'s blow, mitigating all damage.'),(8,'block','Block','','','',0,'\0','\0','When attacked, you have a small chance to block your opponent\'s blow, reducing its damage.'),(9,'ancestralrage','Ancestral Rage','','\0','\0',0,'','','The fury of your fallen ancestors will fuel your actions in battle, giving you a chance to renew your assault when one of your attacks misses your opponent.'),(10,'onehandmelee','1H Melee Weapons','','','',9,'\0','\0','Increases your chance to hit with one-handed melee weapons.'),(11,'twohandmelee','2H Melee Weapons','','','',9,'\0','\0','Increases your chance to hit with two-handed melee weapons.'),(12,'combat','Combat Training','','','',9,'\0','\0','Increases your base chance to hit with normal attacks.'),(13,'marksmanship','Marksmanship','','','',9,'\0','\0','Increases your chance to hit with ranged weapons.'),(14,'climbing','Climbing','\0','\0','\0',0,'','','While you are above your opponent, your chance to hit is increased (while theirs is decreased). A character who is climbing and a character who is not cannot engage in melee-ranged combat. Climbing will allow you to move through certain tiles without the usual impairment (i.e., Dense forests).'),(15,'exertion','Exertion','\0','\0','\0',0,'','','Physical toil will tire you out. When a certain level of Exertion is reached, some actions may be hampered (or prevented). Your Exertion level declines over time&mdash;though it will <b>increase</b> while in the water.'),(16,'decay','Decay','\0','','\0',0,'\0','\0',NULL),(17,'decayed','Decayed','\0','','\0',0,'','',NULL),(18,'food_ap','Well fed (AP)','\0','\0','\0',0,'','','You will regenerate an additional AP with each regeneration tick. Any Well fed effect will prevent you from eating more food.'),(19,'karate','Karate','','','',99,'\0','\0','Increases your chance to hit with Fists, as well as the damage inflicted when attacking with Fists.'),(20,'kata_tiger','Kata: Tiger','\0','\0','\0',98,'','','Your Fists deal Slashing damage.'),(21,'kata_mantis','Kata: Mantis','\0','\0','\0',98,'','','Your Fists deal Piercing damage.'),(22,'kata_crane','Kata: Crane','\0','\0','\0',98,'','','You will Kick for +1 damage rather than use Fists.'),(39,'dance_mtnpath','Dance of the Mountain Path','\0','\0','\0',0,'','\0','Nearby allies\' armor values are bolstered while inspired by this dance.'),(24,'meditation','Meditation','\0','\0','\0',0,'','','Under the effects of Meditation, you have a random chance to regenerate an additional MP every 5 minutes.'),(25,'ninjutsu','Ninjutsu','','','',99,'\0','\0','Increases your chance to score a critical hit with one-handed melee weapons.'),(26,'poisonweapon','Poisoned weapon','\0','\0','\0',0,'','','Coating your weapon in a powerful poison, you may inflict it on your victim with a successful strike.'),(27,'caltrops','Caltrops','\0','','\0',0,'\0','\0',NULL),(28,'kujikiri','Kuji-kiri','','','',99,'\0','\0','Unlocks the Ninja\'s Kuji-in forms and grants an additional chance-to-hit when using fists.'),(29,'kujiin_rin','Kuji-in: Rin','\0','\0','\0',99,'','','You inflict additional damage when using your fists.'),(30,'kujiin_kyo','Kuji-in: Kyo','\0','\0','\0',99,'','','Provides additional accuracy when attacking with fists.'),(31,'kujiin_sha','Kuji-in: Sha','\0','\0','\0',99,'','','You will heal yourself when striking successfully with your fists.'),(32,'kendo','Kendo','','','',99,'\0','\0','Increases your chance to score a critical hit with 2H melee weapons.'),(33,'bleeding','Bleeding','\0','\0','\0',0,'','','You will lose health over time, as well as when you perform certain actions.'),(34,'counterattack','Counter-attack','','','',99,'\0','\0','Grants a small chance to take advantage of attacks of opportunity when you are being attacked by an opponent (even while offline).'),(35,'archery','Archery','','','',99,'\0','\0','Increases your chance to score a critical hit when using bows.'),(36,'vigilance','Vigilance','','','',0,'\0','\0','When moving about, you will have a small chance to automatically detect hidden characters at your location.'),(37,'quickness','Quickness','','','',0,'\0','\0','When attacking, you have a small chance of being refunded 1AP.'),(38,'soothed','Soothed','\0','\0','\0',0,'','','You will regain additional mana points per tick in this state. Any display of violence will remove the effect.'),(40,'insp_dance_mtnpath','Inspired (DotMP)','\0','\0','\0',0,'','','Inspired by some friendly Geisha\'s Dance of the Mountain Path, you feel stalwart and alert, increasing your defense.'),(41,'preparation','Preparation','','','',0,'\0','\0','Your breadth of experience makes you better prepared for any situation, leading to less damage taken from standard attacks.'),(42,'ardentpassion','Ardent Passion','','','',99,'\0','\0','Your performance is driven by a fury from within. While your Dance of the Mountain Path is active, you have an increased chance to hit with attacks.'),(43,'dance_fallingleaf','Dance of the Falling Leaf','\0','\0','\0',0,'','\0','Nearby allies may dodge damaging blows like a leaf riding the wind while inspired by this dance.'),(44,'insp_dance_fallingleaf','Inspired (DotFL)','\0','\0','\0',98,'','','Inspired by some friendly Geisha\'s Dance of the Falling Leaf, you feel relaxed and aloof, granting you a chance to avoid damaging blows.'),(45,'evasivemovement','Evasive Movement','','','',98,'\0','\0','Your unflinching devotion to your craft has imbued your movements with an almost ghostly evasive quality, making you harder to strike in combat.'),(46,'aggression','Aggression','','','',98,'\0','\0','Your movements, though fluid, are forceful and aggressive. While your Dance of the Falling Leaf is active, you will inflict additional damage with your attacks.'),(47,'medicine','Medicine','','','',98,'\0','\0','Your knowledge of various plants and healing methods increases your healing effectiveness.'),(48,'song_luminescentsoul','Song of the Luminescent Soul','\0','\0','\0',0,'','\0','This song pierces the very darkness, possibly revealing hidden enemies.'),(49,'defense_ranged','Improved defense: Ranged','','\0','',0,'\0','\0','You have increased defense against ranged weaponry.'),(50,'npc_counterattack','NPC: Counterattack','','\0','',0,'\0','\0',NULL),(51,'noinventory','No inventory','','','',9,'\0','\0',NULL),(52,'npc_chancetohit75','NPC: Chance to hit 75%','','\0','',9,'\0','\0',NULL);
/*!40000 ALTER TABLE `effect` ENABLE KEYS */;
UNLOCK TABLES;

--
-- Table structure for table `effect_class`
--

DROP TABLE IF EXISTS `effect_class`;
/*!40101 SET @saved_cs_client     = @@character_set_client */;
/*!40101 SET character_set_client = utf8 */;
CREATE TABLE `effect_class` (
  `effect` int(3) NOT NULL,
  `eclass` int(3) NOT NULL,
  PRIMARY KEY (`effect`,`eclass`),
  KEY `fk_effect_class_class_effect1` (`eclass`),
  KEY `fk_effect_class_effect1` (`effect`)
) ENGINE=MyISAM DEFAULT CHARSET=utf8 COLLATE=utf8_bin;
/*!40101 SET character_set_client = @saved_cs_client */;

--
-- Dumping data for table `effect_class`
--

LOCK TABLES `effect_class` WRITE;
/*!40000 ALTER TABLE `effect_class` DISABLE KEYS */;
/*!40000 ALTER TABLE `effect_class` ENABLE KEYS */;
UNLOCK TABLES;

--
-- Table structure for table `effect_elevated`
--

DROP TABLE IF EXISTS `effect_elevated`;
/*!40101 SET @saved_cs_client     = @@character_set_client */;
/*!40101 SET character_set_client = utf8 */;
CREATE TABLE `effect_elevated` (
  `effect` int(3) NOT NULL,
  PRIMARY KEY (`effect`),
  KEY `fk_effect_elevated_effect1` (`effect`)
) ENGINE=MyISAM DEFAULT CHARSET=utf8 COLLATE=utf8_bin;
/*!40101 SET character_set_client = @saved_cs_client */;

--
-- Dumping data for table `effect_elevated`
--

LOCK TABLES `effect_elevated` WRITE;
/*!40000 ALTER TABLE `effect_elevated` DISABLE KEYS */;
INSERT INTO `effect_elevated` VALUES (14);
/*!40000 ALTER TABLE `effect_elevated` ENABLE KEYS */;
UNLOCK TABLES;

--
-- Table structure for table `effect_hide`
--

DROP TABLE IF EXISTS `effect_hide`;
/*!40101 SET @saved_cs_client     = @@character_set_client */;
/*!40101 SET character_set_client = utf8 */;
CREATE TABLE `effect_hide` (
  `effect` int(3) NOT NULL,
  PRIMARY KEY (`effect`),
  KEY `fk_effect_hide_effect1` (`effect`)
) ENGINE=MyISAM DEFAULT CHARSET=utf8 COLLATE=utf8_bin;
/*!40101 SET character_set_client = @saved_cs_client */;

--
-- Dumping data for table `effect_hide`
--

LOCK TABLES `effect_hide` WRITE;
/*!40000 ALTER TABLE `effect_hide` DISABLE KEYS */;
INSERT INTO `effect_hide` VALUES (1);
/*!40000 ALTER TABLE `effect_hide` ENABLE KEYS */;
UNLOCK TABLES;

--
-- Table structure for table `effect_trigger`
--

DROP TABLE IF EXISTS `effect_trigger`;
/*!40101 SET @saved_cs_client     = @@character_set_client */;
/*!40101 SET character_set_client = utf8 */;
CREATE TABLE `effect_trigger` (
  `effect` int(3) NOT NULL,
  `ap` bit(1) NOT NULL,
  `attack` bit(1) NOT NULL,
  `defend` bit(1) NOT NULL,
  `chancetohit` bit(1) NOT NULL,
  `heal` bit(1) NOT NULL,
  `healed` bit(1) NOT NULL,
  `hit` bit(1) NOT NULL,
  `miss` bit(1) NOT NULL,
  `move` bit(1) NOT NULL,
  `struck` bit(1) NOT NULL,
  `armor` bit(1) NOT NULL,
  `tick` tinyint(2) DEFAULT NULL,
  PRIMARY KEY (`effect`),
  KEY `attack` (`attack`,`chancetohit`,`heal`,`healed`,`hit`,`miss`,`move`,`struck`,`tick`),
  KEY `defend` (`defend`),
  KEY `fk_effect_trigger_effect1` (`effect`),
  KEY `armor` (`armor`)
) ENGINE=MyISAM DEFAULT CHARSET=utf8 COLLATE=utf8_bin;
/*!40101 SET character_set_client = @saved_cs_client */;

--
-- Dumping data for table `effect_trigger`
--

LOCK TABLES `effect_trigger` WRITE;
/*!40000 ALTER TABLE `effect_trigger` DISABLE KEYS */;
INSERT INTO `effect_trigger` VALUES (1,'','\0','\0','\0','\0','\0','\0','\0','\0','\0','\0',20),(3,'','\0','\0','\0','\0','\0','\0','\0','\0','\0','\0',NULL),(4,'\0','\0','\0','\0','\0','\0','','\0','\0','\0','\0',NULL),(5,'','\0','\0','\0','\0','\0','\0','\0','\0','\0','\0',20),(6,'\0','\0','\0','\0','','\0','\0','\0','\0','\0','\0',NULL),(7,'\0','\0','\0','\0','\0','\0','\0','\0','\0','','\0',NULL),(8,'\0','\0','\0','\0','\0','\0','\0','\0','\0','','\0',NULL),(9,'\0','\0','\0','\0','\0','\0','\0','','\0','\0','\0',5),(10,'\0','\0','\0','','\0','\0','\0','\0','\0','\0','\0',NULL),(11,'\0','\0','\0','','\0','\0','\0','\0','\0','\0','\0',NULL),(12,'\0','\0','\0','','\0','\0','\0','\0','\0','\0','\0',NULL),(13,'\0','\0','\0','','\0','\0','\0','\0','\0','\0','\0',NULL),(14,'\0','\0','\0','\0','\0','\0','\0','\0','','\0','\0',NULL),(15,'\0','\0','\0','\0','\0','\0','\0','\0','\0','\0','\0',5),(16,'\0','\0','\0','\0','\0','\0','\0','\0','\0','\0','\0',20),(18,'\0','\0','\0','\0','\0','\0','\0','\0','\0','\0','\0',20),(20,'\0','','\0','\0','\0','\0','\0','\0','\0','\0','\0',NULL),(19,'\0','','\0','','\0','\0','\0','\0','\0','\0','\0',NULL),(21,'\0','','\0','\0','\0','\0','\0','\0','\0','\0','\0',NULL),(22,'\0','','\0','\0','\0','\0','','\0','\0','\0','\0',NULL),(24,'','\0','','\0','\0','\0','\0','\0','\0','\0','\0',5),(25,'\0','','\0','\0','\0','\0','\0','\0','\0','\0','\0',NULL),(26,'','\0','\0','\0','\0','\0','','\0','\0','\0','\0',20),(27,'\0','\0','\0','\0','\0','\0','\0','\0','','\0','\0',NULL),(28,'\0','\0','\0','','\0','\0','\0','\0','\0','\0','\0',NULL),(29,'\0','','\0','\0','\0','\0','','\0','\0','\0','\0',NULL),(30,'\0','','\0','','\0','\0','\0','\0','\0','\0','\0',NULL),(31,'\0','','\0','\0','\0','\0','','\0','\0','\0','\0',NULL),(32,'\0','','\0','\0','\0','\0','\0','\0','\0','\0','\0',NULL),(33,'','\0','\0','\0','\0','\0','\0','\0','\0','\0','\0',5),(34,'\0','\0','','\0','\0','\0','\0','\0','\0','\0','\0',NULL),(36,'\0','\0','\0','\0','\0','\0','\0','\0','','\0','\0',NULL),(37,'\0','','\0','\0','\0','\0','\0','\0','\0','\0','\0',NULL),(38,'\0','','\0','\0','\0','\0','\0','\0','\0','','\0',10),(39,'\0','\0','\0','\0','\0','\0','\0','\0','\0','\0','\0',5),(40,'\0','\0','\0','\0','\0','\0','\0','\0','\0','\0','',5),(41,'\0','\0','\0','\0','\0','\0','\0','\0','\0','\0','',NULL),(42,'\0','\0','\0','','\0','\0','\0','\0','\0','\0','\0',NULL),(43,'\0','\0','\0','\0','\0','\0','\0','\0','\0','\0','\0',5),(44,'\0','\0','\0','\0','\0','\0','\0','\0','\0','','\0',5),(48,'\0','\0','\0','\0','\0','\0','\0','\0','\0','\0','\0',20),(49,'\0','\0','','\0','\0','\0','\0','\0','\0','\0','\0',NULL),(50,'\0','\0','','\0','\0','\0','\0','\0','\0','\0','\0',NULL),(52,'\0','\0','\0','','\0','\0','\0','\0','\0','\0','\0',NULL);
/*!40000 ALTER TABLE `effect_trigger` ENABLE KEYS */;
UNLOCK TABLES;

--
-- Table structure for table `event`
--

DROP TABLE IF EXISTS `event`;
/*!40101 SET @saved_cs_client     = @@character_set_client */;
/*!40101 SET character_set_client = utf8 */;
CREATE TABLE `event` (
  `event` int(11) NOT NULL AUTO_INCREMENT,
  `stamp` int(11) NOT NULL,
  `descr` varchar(255) COLLATE utf8_bin NOT NULL,
  PRIMARY KEY (`event`)
) ENGINE=MyISAM AUTO_INCREMENT=719 DEFAULT CHARSET=utf8 COLLATE=utf8_bin;
/*!40101 SET character_set_client = @saved_cs_client */;

--
-- Dumping data for table `event`
--

LOCK TABLES `event` WRITE;
/*!40000 ALTER TABLE `event` DISABLE KEYS */;
INSERT INTO `event` VALUES (691,1350018013,'Your building (Chez Devaney [12,20]) has collapsed.'),(689,1350018013,'Your building (Chez Devaney [12,19]) has collapsed.'),(687,1350018013,'Your building (Chez Devaney [11,23]) has collapsed.'),(685,1350018013,'Your building (Chez Devaney [11,22]) has collapsed.'),(683,1350018013,'Your building (Chez Devaney [11,21]) has collapsed.'),(681,1350018013,'Your building (Chez Devaney [11,20]) has collapsed.'),(679,1350018013,'Your building (Chez Devaney [11,19]) has collapsed.'),(677,1350018013,'Your building (Shack [11,24]) has collapsed.'),(653,1349758804,'Your building (Shack [11,24]) is near collapse.'),(654,1349758805,'Your building (Chez Devaney [11,19]) is near collapse.'),(655,1349758805,'Your building (Chez Devaney [11,20]) is near collapse.'),(656,1349758805,'Your building (Chez Devaney [11,21]) is near collapse.'),(657,1349758805,'Your building (Chez Devaney [11,22]) is near collapse.'),(658,1349758805,'Your building (Chez Devaney [11,23]) is near collapse.'),(659,1349758805,'Your building (Chez Devaney [12,19]) is near collapse.'),(660,1349758805,'Your building (Chez Devaney [12,20]) is near collapse.'),(661,1349845204,'Your building (Shack [11,24]) is near collapse.'),(662,1349845205,'Your building (Chez Devaney [11,19]) is near collapse.'),(663,1349845205,'Your building (Chez Devaney [11,20]) is near collapse.'),(664,1349845205,'Your building (Chez Devaney [11,21]) is near collapse.'),(665,1349845205,'Your building (Chez Devaney [11,22]) is near collapse.'),(666,1349845205,'Your building (Chez Devaney [11,23]) is near collapse.'),(667,1349845205,'Your building (Chez Devaney [12,19]) is near collapse.'),(668,1349845205,'Your building (Chez Devaney [12,20]) is near collapse.'),(669,1349931608,'Your building (Shack [11,24]) is near collapse.'),(670,1349931609,'Your building (Chez Devaney [11,19]) is near collapse.'),(671,1349931609,'Your building (Chez Devaney [11,20]) is near collapse.'),(672,1349931609,'Your building (Chez Devaney [11,21]) is near collapse.'),(673,1349931609,'Your building (Chez Devaney [11,22]) is near collapse.'),(674,1349931609,'Your building (Chez Devaney [11,23]) is near collapse.'),(675,1349931609,'Your building (Chez Devaney [12,19]) is near collapse.'),(676,1349931609,'Your building (Chez Devaney [12,20]) is near collapse.'),(693,1350942945,'A Vile Oni appears from beyond the void.'),(694,1350942945,'A Vile Oni appears from beyond the void.'),(695,1350942956,'A Vile Oni appears from beyond the void.'),(696,1350942956,'A Vile Oni appears from beyond the void.'),(697,1350942980,'A Vile Oni appears from beyond the void.'),(698,1350942980,'A Vile Oni appears from beyond the void.'),(699,1350942992,'A Vile Oni appears from beyond the void.'),(700,1350942992,'A Vile Oni appears from beyond the void.'),(701,1350943052,'A Vile Oni appears from beyond the void.'),(702,1350943052,'A Vile Oni appears from beyond the void.'),(703,1350943077,'A Vile Oni appears from beyond the void.'),(704,1350943077,'A Vile Oni appears from beyond the void.'),(705,1350943103,'A Vile Oni appears from beyond the void.'),(706,1350943103,'A Vile Oni appears from beyond the void.'),(707,1350943136,'A Vile Oni appears from beyond the void.'),(708,1350943136,'A Vile Oni appears from beyond the void.'),(709,1350943182,'A Vile Oni appears from beyond the void.'),(710,1350943182,'A Vile Oni appears from beyond the void.'),(711,1350943202,'A Vile Oni appears from beyond the void.'),(712,1350943202,'A Vile Oni appears from beyond the void.'),(713,1350943202,'A Vile Oni appears from beyond the void.'),(714,1350943202,'A Vile Oni appears from beyond the void.'),(715,1350943238,'A Vile Oni appears from beyond the void.'),(716,1350943238,'A Vile Oni appears from beyond the void.'),(717,1350943639,'A Vile Oni appears from beyond the void.'),(718,1350943639,'A Vile Oni appears from beyond the void.');
/*!40000 ALTER TABLE `event` ENABLE KEYS */;
UNLOCK TABLES;

--
-- Table structure for table `event_thread`
--

DROP TABLE IF EXISTS `event_thread`;
/*!40101 SET @saved_cs_client     = @@character_set_client */;
/*!40101 SET character_set_client = utf8 */;
CREATE TABLE `event_thread` (
  `event` int(11) NOT NULL,
  `actor` int(11) NOT NULL,
  PRIMARY KEY (`event`,`actor`),
  KEY `fk_event_thread_actor1` (`actor`),
  KEY `fk_event_thread_event1` (`event`)
) ENGINE=MyISAM DEFAULT CHARSET=utf8 COLLATE=utf8_bin;
/*!40101 SET character_set_client = @saved_cs_client */;

--
-- Dumping data for table `event_thread`
--

LOCK TABLES `event_thread` WRITE;
/*!40000 ALTER TABLE `event_thread` DISABLE KEYS */;
INSERT INTO `event_thread` VALUES (717,7),(718,3);
/*!40000 ALTER TABLE `event_thread` ENABLE KEYS */;
UNLOCK TABLES;

--
-- Table structure for table `faction`
--

DROP TABLE IF EXISTS `faction`;
/*!40101 SET @saved_cs_client     = @@character_set_client */;
/*!40101 SET character_set_client = utf8 */;
CREATE TABLE `faction` (
  `faction` int(1) NOT NULL AUTO_INCREMENT,
  `abbrev` varchar(24) COLLATE utf8_bin NOT NULL,
  `descr` varchar(64) COLLATE utf8_bin NOT NULL,
  PRIMARY KEY (`faction`),
  UNIQUE KEY `abbrev` (`abbrev`)
) ENGINE=MyISAM AUTO_INCREMENT=3 DEFAULT CHARSET=utf8 COLLATE=utf8_bin;
/*!40101 SET character_set_client = @saved_cs_client */;

--
-- Dumping data for table `faction`
--

LOCK TABLES `faction` WRITE;
/*!40000 ALTER TABLE `faction` DISABLE KEYS */;
INSERT INTO `faction` VALUES (1,'izanagi','Avatars of Izanagi'),(2,'izanami','Avatars of Izanami');
/*!40000 ALTER TABLE `faction` ENABLE KEYS */;
UNLOCK TABLES;

--
-- Table structure for table `item`
--

DROP TABLE IF EXISTS `item`;
/*!40101 SET @saved_cs_client     = @@character_set_client */;
/*!40101 SET character_set_client = utf8 */;
CREATE TABLE `item` (
  `inum` int(4) NOT NULL AUTO_INCREMENT,
  `iname` varchar(64) COLLATE utf8_bin NOT NULL,
  `abbrev` varchar(24) COLLATE utf8_bin DEFAULT NULL,
  `txt` text COLLATE utf8_bin NOT NULL,
  `img` varchar(32) COLLATE utf8_bin NOT NULL,
  `weight` int(3) NOT NULL DEFAULT '1',
  `eq_type` enum('1H','2H','Torso','Head','Arms','Legs') COLLATE utf8_bin DEFAULT NULL,
  `target` tinyint(1) DEFAULT NULL,
  `stack` bit(1) NOT NULL,
  `lifespan` int(3) DEFAULT NULL,
  `durability` int(3) DEFAULT NULL,
  `repair` bit(1) NOT NULL,
  PRIMARY KEY (`inum`),
  KEY `eq_type` (`eq_type`),
  KEY `target` (`target`),
  KEY `stack` (`stack`),
  KEY `lifespan` (`lifespan`,`durability`),
  KEY `repair` (`repair`),
  KEY `abbrev` (`abbrev`)
) ENGINE=MyISAM AUTO_INCREMENT=32 DEFAULT CHARSET=utf8 COLLATE=utf8_bin;
/*!40101 SET character_set_client = @saved_cs_client */;

--
-- Dumping data for table `item`
--

LOCK TABLES `item` WRITE;
/*!40000 ALTER TABLE `item` DISABLE KEYS */;
INSERT INTO `item` VALUES (1,'Sai',NULL,'The sai () is a traditional Okinawan weapon. The basic form of the weapon is that of a pointed, dagger-shaped truncheon, with two curved prongs called yoku projecting from the handle.','sai.gif',1,'1H',NULL,'\0',NULL,20,''),(2,'Bokuto',NULL,'A bokuto (), is a Japanese wooden sword used for training, usually the size and shape of a katana, but sometimes shaped like other swords, such as the wakizashi and tantou. Bokuto should not be confused with shinai, a sword made of bamboo that is used for practice in kendo.','bokuto.gif',2,'2H',NULL,'\0',NULL,30,''),(3,'Tattered kimono',NULL,'This kimono has seen better days, and it smells like yesterday\'s sushi. Nevertheless, it has a rustic charm&mdash;and what are you going to do, walk around naked?','',1,'Torso',NULL,'\0',NULL,20,'\0'),(4,'Bowl',NULL,'There are still some bits of rice stuck in the bottom. Maybe after you\'re done using it for armor, you could eat out of it (provided you are still alive).','',1,'Head',NULL,'\0',NULL,20,''),(5,'Bandage','bandage','Using a bandage will heal the target for 5HP.','',1,NULL,1,'',NULL,NULL,'\0'),(6,'Antidote','antidote','Using antidote will cure the target of any Poison effects.','',1,NULL,1,'',NULL,NULL,'\0'),(7,'Ceremonial robes','ceremonialrobes','These flowing, ceremonial robes glow with a faint, white light. They are warm to the touch, and an immediate sense of calm washes over any individual wearing this fashionable item.','',1,'Torso',NULL,'\0',NULL,14,'\0'),(8,'Family chokuto','familychokuto','This chokuto (, \"straight sword\") has a deep and bloody family history. If it is left unsheathed, the cries of vengeance from a thousand years of ancestors will devour you.','',3,'2H',NULL,'\0',NULL,14,'\0'),(10,'Straw kote',NULL,'These woven straw sparring gloves offer minor protection from damage.','',1,'Arms',NULL,'\0',NULL,20,'\0'),(11,'Straw sandals',NULL,'These simple farmer\'s footwear are barely enough beneath your feet to protect them from the earth; but they\'re better than nothing.','straw-sandals.gif',1,'Legs',NULL,'\0',NULL,20,'\0'),(12,'Hankyuu',NULL,'The hankyuu, or short bow, is an effective ranged weapon capable of producing good results when hunting game&mdash;or enemy soldiers.','',3,'2H',NULL,'\0',NULL,30,''),(13,'Wooden arrow',NULL,'Though they don\'t pack the most powerful punch, these artfully-crafted wooden arrows will get the job done.','',1,NULL,NULL,'',NULL,NULL,'\0'),(14,'Steel arrow',NULL,'These more technologically-advanced, steel-tipped arrows inflict additional damage when they strike home.','',1,NULL,NULL,'',NULL,NULL,'\0'),(15,'Kurumaken',NULL,'Shuriken (), or \"sword hidden in the hand,\" are traditional Japanese concealed throwing weapons. The kurumaken (), or \"wheel\" shuriken, are generally referred to as \"throwing stars\" in western culture.','kurumaken.gif',1,NULL,NULL,'',NULL,NULL,'\0'),(16,'Lead ore',NULL,'This is a common metal used in crafting tools, weapons, and rudimentary armor.','',3,NULL,NULL,'',NULL,NULL,'\0'),(17,'Lumber',NULL,'This is a basic crafting material used for weapons, tools, construction, and more.','',3,NULL,NULL,'',NULL,NULL,'\0'),(18,'Lead bar',NULL,'This is a crafting material to be used in the construction of tools, armor, etc.','',3,NULL,NULL,'',NULL,NULL,'\0'),(19,'Mining pick',NULL,'This mining pick is used in the procurement of raw precious metals from the mountains. It can also be used as a makeshift weapon.','',3,'2H',NULL,'\0',NULL,20,'\0'),(20,'Wood axe',NULL,'This is a tool used for gathering lumber from forests. It can also be used as a makeshift weapon.','',3,'2H',NULL,'\0',NULL,20,'\0'),(21,'Wood plank',NULL,'These planks are used by carpenters to craft useful items.','',2,NULL,NULL,'',NULL,NULL,'\0'),(22,'Raw fish','food_rawfish','This raw fish is somewhat edible&hellip; but at what peril?','',1,NULL,0,'',72,NULL,'\0'),(23,'Blueprint: Shack','bp_shack','With this blueprint, you can be the proud owner of your very own Shack. It\'s the first step to making your way in the world of real estate.\r\n<p style=\"clear:both\">Items required:<ul><li>15x Wood plank</li><li>10x Lead bar</li></ul></p>','shack.gif',1,NULL,0,'',NULL,NULL,'\0'),(24,'Shack in a Box&trade;','instantshack','When used on an empty Grass tile, this magical suitcase will fold out into your very own Shack&mdash;no assembly required!','shack.gif',10,NULL,0,'\0',NULL,NULL,'\0'),(25,'Uncooked Rice',NULL,'This bag of uncooked rice is inedible in its current state.','bagofrice.gif',2,NULL,NULL,'',NULL,NULL,'\0'),(26,'Steamed rice','food_steamedrice','This dish is nothing special by itself&mdash;but it <i>is</i> food.','cookedrice.gif',1,NULL,0,'\0',72,NULL,'\0'),(27,'Sushi','food_sushi','This plain, raw fish has been prepared properly.','',1,NULL,0,'\0',NULL,NULL,'\0'),(28,'Copper armor','copperarmor','','',3,'Torso',NULL,'\0',NULL,12,''),(29,'Copper ore','ore_copper','','',1,NULL,NULL,'',NULL,NULL,'\0'),(30,'Copper bar','copperbar','','',1,NULL,NULL,'',NULL,NULL,'\0'),(31,'Tessen (Iron fan)','tessen','This fan is composed of iron spokes and blades. It makes for a handy truncheon, and aids in defense against ranged weapons.','',2,'1H',NULL,'\0',NULL,20,'');
/*!40000 ALTER TABLE `item` ENABLE KEYS */;
UNLOCK TABLES;

--
-- Table structure for table `item_ammo`
--

DROP TABLE IF EXISTS `item_ammo`;
/*!40101 SET @saved_cs_client     = @@character_set_client */;
/*!40101 SET character_set_client = utf8 */;
CREATE TABLE `item_ammo` (
  `inum` int(4) NOT NULL,
  `dmg` varchar(2) COLLATE utf8_bin NOT NULL DEFAULT '1',
  PRIMARY KEY (`inum`),
  KEY `dmg` (`dmg`),
  KEY `fk_item_ammo_item1` (`inum`)
) ENGINE=MyISAM DEFAULT CHARSET=utf8 COLLATE=utf8_bin;
/*!40101 SET character_set_client = @saved_cs_client */;

--
-- Dumping data for table `item_ammo`
--

LOCK TABLES `item_ammo` WRITE;
/*!40000 ALTER TABLE `item_ammo` DISABLE KEYS */;
INSERT INTO `item_ammo` VALUES (0,'2');
/*!40000 ALTER TABLE `item_ammo` ENABLE KEYS */;
UNLOCK TABLES;

--
-- Table structure for table `item_armor`
--

DROP TABLE IF EXISTS `item_armor`;
/*!40101 SET @saved_cs_client     = @@character_set_client */;
/*!40101 SET character_set_client = utf8 */;
CREATE TABLE `item_armor` (
  `inum` int(4) NOT NULL,
  `aclass` enum('Cloth','Leather','Plate') COLLATE utf8_bin NOT NULL,
  `slashing` int(2) NOT NULL DEFAULT '0',
  `piercing` int(2) NOT NULL DEFAULT '0',
  `blunt` int(2) NOT NULL DEFAULT '0',
  PRIMARY KEY (`inum`),
  KEY `class` (`aclass`),
  KEY `fk_item_armor_item1` (`inum`)
) ENGINE=MyISAM DEFAULT CHARSET=utf8 COLLATE=utf8_bin;
/*!40101 SET character_set_client = @saved_cs_client */;

--
-- Dumping data for table `item_armor`
--

LOCK TABLES `item_armor` WRITE;
/*!40000 ALTER TABLE `item_armor` DISABLE KEYS */;
INSERT INTO `item_armor` VALUES (3,'Cloth',1,1,1),(4,'Cloth',0,0,1),(7,'Cloth',1,1,1),(10,'Cloth',1,0,1),(11,'Cloth',1,0,1),(28,'Plate',2,2,2),(31,'Plate',1,1,0);
/*!40000 ALTER TABLE `item_armor` ENABLE KEYS */;
UNLOCK TABLES;

--
-- Table structure for table `item_class`
--

DROP TABLE IF EXISTS `item_class`;
/*!40101 SET @saved_cs_client     = @@character_set_client */;
/*!40101 SET character_set_client = utf8 */;
CREATE TABLE `item_class` (
  `inum` int(4) NOT NULL,
  `iclass` int(3) NOT NULL,
  PRIMARY KEY (`inum`,`iclass`),
  KEY `fk_item_class_class_item1` (`iclass`),
  KEY `fk_item_class_item1` (`inum`)
) ENGINE=MyISAM DEFAULT CHARSET=utf8 COLLATE=utf8_bin;
/*!40101 SET character_set_client = @saved_cs_client */;

--
-- Dumping data for table `item_class`
--

LOCK TABLES `item_class` WRITE;
/*!40000 ALTER TABLE `item_class` DISABLE KEYS */;
INSERT INTO `item_class` VALUES (12,2),(13,1),(14,1),(15,4),(18,6),(21,6),(22,3),(23,5),(25,7),(26,3),(26,7);
/*!40000 ALTER TABLE `item_class` ENABLE KEYS */;
UNLOCK TABLES;

--
-- Table structure for table `item_effect`
--

DROP TABLE IF EXISTS `item_effect`;
/*!40101 SET @saved_cs_client     = @@character_set_client */;
/*!40101 SET character_set_client = utf8 */;
CREATE TABLE `item_effect` (
  `inum` int(4) NOT NULL,
  `effect` int(3) NOT NULL,
  PRIMARY KEY (`inum`,`effect`),
  KEY `fk_item_effect_effect1` (`effect`),
  KEY `fk_item_effect_item1` (`inum`)
) ENGINE=MyISAM DEFAULT CHARSET=utf8 COLLATE=utf8_bin;
/*!40101 SET character_set_client = @saved_cs_client */;

--
-- Dumping data for table `item_effect`
--

LOCK TABLES `item_effect` WRITE;
/*!40000 ALTER TABLE `item_effect` DISABLE KEYS */;
INSERT INTO `item_effect` VALUES (7,6),(8,9);
/*!40000 ALTER TABLE `item_effect` ENABLE KEYS */;
UNLOCK TABLES;

--
-- Table structure for table `item_trigger`
--

DROP TABLE IF EXISTS `item_trigger`;
/*!40101 SET @saved_cs_client     = @@character_set_client */;
/*!40101 SET character_set_client = utf8 */;
CREATE TABLE `item_trigger` (
  `inum` int(3) NOT NULL,
  `use` bit(1) NOT NULL,
  `equip` bit(1) NOT NULL,
  `remove` bit(1) NOT NULL,
  PRIMARY KEY (`inum`),
  KEY `use` (`use`,`equip`,`remove`)
) ENGINE=MyISAM DEFAULT CHARSET=utf8 COLLATE=utf8_bin;
/*!40101 SET character_set_client = @saved_cs_client */;

--
-- Dumping data for table `item_trigger`
--

LOCK TABLES `item_trigger` WRITE;
/*!40000 ALTER TABLE `item_trigger` DISABLE KEYS */;
INSERT INTO `item_trigger` VALUES (7,'\0','',''),(8,'\0','',''),(5,'','\0','\0'),(6,'','\0','\0'),(22,'','\0','\0'),(23,'','\0','\0'),(24,'','\0','\0'),(26,'','\0','\0'),(27,'','\0','\0'),(31,'\0','','');
/*!40000 ALTER TABLE `item_trigger` ENABLE KEYS */;
UNLOCK TABLES;

--
-- Table structure for table `item_weapon`
--

DROP TABLE IF EXISTS `item_weapon`;
/*!40101 SET @saved_cs_client     = @@character_set_client */;
/*!40101 SET character_set_client = utf8 */;
CREATE TABLE `item_weapon` (
  `inum` int(4) NOT NULL,
  `dmg_min` int(3) NOT NULL,
  `dmg_max` int(3) NOT NULL,
  `dmg_bonus` int(3) NOT NULL DEFAULT '0',
  `distance` enum('melee','ranged','both') COLLATE utf8_bin NOT NULL DEFAULT 'melee',
  `dmg_type` enum('slashing','piercing','blunt','poison','air','wind','water','fire') COLLATE utf8_bin NOT NULL,
  PRIMARY KEY (`inum`),
  KEY `type` (`distance`),
  KEY `dmg_type` (`dmg_type`),
  KEY `fk_item_weapon_item1` (`inum`)
) ENGINE=MyISAM DEFAULT CHARSET=utf8 COLLATE=utf8_bin;
/*!40101 SET character_set_client = @saved_cs_client */;

--
-- Dumping data for table `item_weapon`
--

LOCK TABLES `item_weapon` WRITE;
/*!40000 ALTER TABLE `item_weapon` DISABLE KEYS */;
INSERT INTO `item_weapon` VALUES (1,1,2,0,'melee','piercing'),(2,2,5,1,'melee','blunt'),(8,2,5,0,'melee','slashing'),(12,2,5,0,'ranged','piercing'),(15,2,4,0,'ranged','slashing'),(19,2,2,0,'melee','piercing'),(20,2,2,0,'melee','slashing'),(31,1,2,0,'melee','blunt');
/*!40000 ALTER TABLE `item_weapon` ENABLE KEYS */;
UNLOCK TABLES;

--
-- Table structure for table `map`
--

DROP TABLE IF EXISTS `map`;
/*!40101 SET @saved_cs_client     = @@character_set_client */;
/*!40101 SET character_set_client = utf8 */;
CREATE TABLE `map` (
  `map` int(2) NOT NULL AUTO_INCREMENT,
  `mname` varchar(64) COLLATE utf8_bin NOT NULL,
  PRIMARY KEY (`map`)
) ENGINE=MyISAM AUTO_INCREMENT=6 DEFAULT CHARSET=utf8 COLLATE=utf8_bin;
/*!40101 SET character_set_client = @saved_cs_client */;

--
-- Dumping data for table `map`
--

LOCK TABLES `map` WRITE;
/*!40000 ALTER TABLE `map` DISABLE KEYS */;
INSERT INTO `map` VALUES (2,'Hokkaido'),(1,'Volcanic island'),(3,'razi\'s map'),(4,'Suffusion\'s Map'),(5,'City Test');
/*!40000 ALTER TABLE `map` ENABLE KEYS */;
UNLOCK TABLES;

--
-- Table structure for table `map_cell`
--

DROP TABLE IF EXISTS `map_cell`;
/*!40101 SET @saved_cs_client     = @@character_set_client */;
/*!40101 SET character_set_client = utf8 */;
CREATE TABLE `map_cell` (
  `map` int(2) NOT NULL,
  `x` int(3) NOT NULL,
  `y` int(3) NOT NULL,
  `tile` int(3) NOT NULL,
  `base_tile` int(3) NOT NULL DEFAULT '1',
  `building` int(5) DEFAULT NULL,
  `descr` varchar(180) COLLATE utf8_bin DEFAULT NULL,
  PRIMARY KEY (`x`,`y`,`map`),
  KEY `building` (`building`),
  KEY `fk_map_cell_map1` (`map`),
  KEY `fk_map_cell_tile1` (`tile`),
  KEY `base_tile` (`base_tile`)
) ENGINE=MyISAM DEFAULT CHARSET=utf8 COLLATE=utf8_bin;
/*!40101 SET character_set_client = @saved_cs_client */;

--
-- Dumping data for table `map_cell`
--

LOCK TABLES `map_cell` WRITE;
/*!40000 ALTER TABLE `map_cell` DISABLE KEYS */;
INSERT INTO `map_cell` VALUES (1,1,1,3,3,NULL,NULL),(1,1,2,3,3,NULL,NULL),(1,1,3,3,3,NULL,NULL),(1,1,4,3,3,NULL,NULL),(1,1,5,3,3,NULL,NULL),(1,1,6,3,3,NULL,NULL),(1,1,7,3,3,NULL,NULL),(1,1,8,3,3,NULL,NULL),(1,1,9,3,3,NULL,NULL),(1,1,10,3,3,NULL,NULL),(1,1,11,3,3,NULL,NULL),(1,1,12,3,3,NULL,NULL),(1,1,13,3,3,NULL,NULL),(1,1,14,3,3,NULL,NULL),(1,1,15,3,3,NULL,NULL),(1,1,16,3,3,NULL,NULL),(1,1,17,3,3,NULL,NULL),(1,1,18,3,3,NULL,NULL),(1,1,19,3,3,NULL,NULL),(1,1,20,3,3,NULL,NULL),(1,1,21,3,3,NULL,NULL),(1,1,22,3,3,NULL,NULL),(1,1,23,3,3,NULL,NULL),(1,1,24,3,3,NULL,NULL),(1,1,25,3,3,NULL,NULL),(1,1,26,3,3,NULL,NULL),(1,1,27,3,3,NULL,NULL),(1,1,28,3,3,NULL,NULL),(1,1,29,3,3,NULL,NULL),(1,1,30,3,3,NULL,NULL),(1,2,1,3,3,NULL,NULL),(1,2,2,3,3,NULL,NULL),(1,2,3,2,2,NULL,NULL),(1,2,4,5,5,NULL,NULL),(1,2,5,5,5,NULL,NULL),(1,2,6,3,3,NULL,NULL),(1,2,7,3,3,NULL,NULL),(1,2,8,3,3,NULL,NULL),(1,2,9,3,3,NULL,NULL),(1,2,10,3,3,NULL,NULL),(1,2,11,3,3,NULL,NULL),(1,2,12,3,3,NULL,NULL),(1,2,13,3,3,NULL,NULL),(1,2,14,3,3,NULL,NULL),(1,2,15,3,3,NULL,NULL),(1,2,16,5,5,NULL,NULL),(1,2,17,3,3,NULL,NULL),(1,2,18,3,3,NULL,NULL),(1,2,19,3,3,NULL,NULL),(1,2,20,3,3,NULL,NULL),(1,2,21,3,3,NULL,NULL),(1,2,22,3,3,NULL,NULL),(1,2,23,3,3,NULL,NULL),(1,2,24,3,3,NULL,NULL),(1,2,25,3,3,NULL,NULL),(1,2,26,3,3,NULL,NULL),(1,2,27,3,3,NULL,NULL),(1,2,28,3,3,NULL,NULL),(1,2,29,3,3,NULL,NULL),(1,2,30,3,3,NULL,NULL),(1,3,1,3,3,NULL,NULL),(1,3,2,2,2,NULL,NULL),(1,3,3,8,2,1,NULL),(1,3,4,4,4,NULL,NULL),(1,3,5,5,5,NULL,NULL),(1,3,6,5,5,NULL,NULL),(1,3,7,3,3,NULL,NULL),(1,3,8,3,3,NULL,NULL),(1,3,9,3,3,NULL,NULL),(1,3,10,3,3,NULL,NULL),(1,3,11,3,3,NULL,NULL),(1,3,12,3,3,NULL,NULL),(1,3,13,3,3,NULL,NULL),(1,3,14,3,3,NULL,NULL),(1,3,15,5,5,NULL,NULL),(1,3,16,4,4,NULL,NULL),(1,3,17,5,5,NULL,NULL),(1,3,18,3,3,NULL,NULL),(1,3,19,3,3,NULL,NULL),(1,3,20,3,3,NULL,NULL),(1,3,21,3,3,NULL,NULL),(1,3,22,3,3,NULL,NULL),(1,3,23,3,3,NULL,NULL),(1,3,24,3,3,NULL,NULL),(1,3,25,3,3,NULL,NULL),(1,3,26,3,3,NULL,NULL),(1,3,27,3,3,NULL,NULL),(1,3,28,3,3,NULL,NULL),(1,3,29,3,3,NULL,NULL),(1,3,30,3,3,NULL,NULL),(1,4,1,3,3,NULL,NULL),(1,4,2,5,5,NULL,NULL),(1,4,3,4,4,NULL,NULL),(1,4,4,4,4,NULL,NULL),(1,4,5,4,4,NULL,NULL),(1,4,6,5,5,NULL,NULL),(1,4,7,3,3,NULL,NULL),(1,4,8,3,3,NULL,NULL),(1,4,9,3,3,NULL,NULL),(1,4,10,3,3,NULL,NULL),(1,4,11,3,3,NULL,NULL),(1,4,12,3,3,NULL,NULL),(1,4,13,3,3,NULL,NULL),(1,4,14,5,5,NULL,NULL),(1,4,15,4,4,NULL,NULL),(1,4,16,6,6,NULL,NULL),(1,4,17,4,4,NULL,NULL),(1,4,18,5,5,NULL,NULL),(1,4,19,3,3,NULL,NULL),(1,4,20,3,3,NULL,NULL),(1,4,21,3,3,NULL,NULL),(1,4,22,3,3,NULL,NULL),(1,4,23,3,3,NULL,NULL),(1,4,24,3,3,NULL,NULL),(1,4,25,3,3,NULL,NULL),(1,4,26,3,3,NULL,NULL),(1,4,27,3,3,NULL,NULL),(1,4,28,3,3,NULL,NULL),(1,4,29,3,3,NULL,NULL),(1,4,30,3,3,NULL,NULL),(1,5,1,3,3,NULL,NULL),(1,5,2,5,5,NULL,NULL),(1,5,3,5,5,NULL,NULL),(1,5,4,4,4,NULL,NULL),(1,5,5,5,5,NULL,NULL),(1,5,6,5,5,NULL,NULL),(1,5,7,3,3,NULL,NULL),(1,5,8,3,3,NULL,NULL),(1,5,9,3,3,NULL,NULL),(1,5,10,3,3,NULL,NULL),(1,5,11,3,3,NULL,NULL),(1,5,12,3,3,NULL,NULL),(1,5,13,3,3,NULL,NULL),(1,5,14,3,3,NULL,NULL),(1,5,15,5,5,NULL,NULL),(1,5,16,4,4,NULL,NULL),(1,5,17,5,5,NULL,NULL),(1,5,18,3,3,NULL,NULL),(1,5,19,3,3,NULL,NULL),(1,5,20,3,3,NULL,NULL),(1,5,21,3,3,NULL,NULL),(1,5,22,3,3,NULL,NULL),(1,5,23,3,3,NULL,NULL),(1,5,24,3,3,NULL,NULL),(1,5,25,3,3,NULL,NULL),(1,5,26,3,3,NULL,NULL),(1,5,27,3,3,NULL,NULL),(1,5,28,3,3,NULL,NULL),(1,5,29,3,3,NULL,NULL),(1,5,30,3,3,NULL,NULL),(1,6,1,3,3,NULL,NULL),(1,6,2,3,3,NULL,NULL),(1,6,3,5,5,NULL,NULL),(1,6,4,5,5,NULL,NULL),(1,6,5,5,5,NULL,NULL),(1,6,6,5,5,NULL,NULL),(1,6,7,3,3,NULL,NULL),(1,6,8,3,3,NULL,NULL),(1,6,9,3,3,NULL,NULL),(1,6,10,3,3,NULL,NULL),(1,6,11,3,3,NULL,NULL),(1,6,12,3,3,NULL,NULL),(1,6,13,3,3,NULL,NULL),(1,6,14,3,3,NULL,NULL),(1,6,15,3,3,NULL,NULL),(1,6,16,5,5,NULL,NULL),(1,6,17,3,3,NULL,NULL),(1,6,18,3,3,NULL,NULL),(1,6,19,3,3,NULL,NULL),(1,6,20,3,3,NULL,NULL),(1,6,21,3,3,NULL,NULL),(1,6,22,3,3,NULL,NULL),(1,6,23,3,3,NULL,NULL),(1,6,24,3,3,NULL,NULL),(1,6,25,3,3,NULL,NULL),(1,6,26,3,3,NULL,NULL),(1,6,27,3,3,NULL,NULL),(1,6,28,3,3,NULL,NULL),(1,6,29,3,3,NULL,NULL),(1,6,30,3,3,NULL,NULL),(1,7,1,3,3,NULL,NULL),(1,7,2,3,3,NULL,NULL),(1,7,3,3,3,NULL,NULL),(1,7,4,3,3,NULL,NULL),(1,7,5,3,3,NULL,NULL),(1,7,6,3,3,NULL,NULL),(1,7,7,5,5,NULL,NULL),(1,7,8,3,3,NULL,NULL),(1,7,9,3,3,NULL,NULL),(1,7,10,3,3,NULL,NULL),(1,7,11,3,3,NULL,NULL),(1,7,12,3,3,NULL,NULL),(1,7,13,3,3,NULL,NULL),(1,7,14,3,3,NULL,NULL),(1,7,15,3,3,NULL,NULL),(1,7,16,3,3,NULL,NULL),(1,7,17,3,3,NULL,NULL),(1,7,18,3,3,NULL,NULL),(1,7,19,3,3,NULL,NULL),(1,7,20,3,3,NULL,NULL),(1,7,21,3,3,NULL,NULL),(1,7,22,3,3,NULL,NULL),(1,7,23,3,3,NULL,NULL),(1,7,24,3,3,NULL,NULL),(1,7,25,3,3,NULL,NULL),(1,7,26,3,3,NULL,NULL),(1,7,27,3,3,NULL,NULL),(1,7,28,3,3,NULL,NULL),(1,7,29,3,3,NULL,NULL),(1,7,30,3,3,NULL,NULL),(1,8,1,3,3,NULL,NULL),(1,8,2,3,3,NULL,NULL),(1,8,3,3,3,NULL,NULL),(1,8,4,3,3,NULL,NULL),(1,8,5,3,3,NULL,NULL),(1,8,6,3,3,NULL,NULL),(1,8,7,3,3,NULL,NULL),(1,8,8,5,5,NULL,NULL),(1,8,9,5,5,NULL,NULL),(1,8,10,3,3,NULL,NULL),(1,8,11,3,3,NULL,NULL),(1,8,12,3,3,NULL,NULL),(1,8,13,3,3,NULL,NULL),(1,8,14,3,3,NULL,NULL),(1,8,15,3,3,NULL,NULL),(1,8,16,3,3,NULL,NULL),(1,8,17,3,3,NULL,NULL),(1,8,18,3,3,NULL,NULL),(1,8,19,3,3,NULL,NULL),(1,8,20,3,3,NULL,NULL),(1,8,21,3,3,NULL,NULL),(1,8,22,3,3,NULL,NULL),(1,8,23,3,3,NULL,NULL),(1,8,24,3,3,NULL,NULL),(1,8,25,3,3,NULL,NULL),(1,8,26,3,3,NULL,NULL),(1,8,27,3,3,NULL,NULL),(1,8,28,3,3,NULL,NULL),(1,8,29,3,3,NULL,NULL),(1,8,30,3,3,NULL,NULL),(1,9,1,3,3,NULL,NULL),(1,9,2,3,3,NULL,NULL),(1,9,3,3,3,NULL,NULL),(1,9,4,3,3,NULL,NULL),(1,9,5,3,3,NULL,NULL),(1,9,6,3,3,NULL,NULL),(1,9,7,3,3,NULL,NULL),(1,9,8,3,3,NULL,NULL),(1,9,9,5,5,NULL,NULL),(1,9,10,5,5,NULL,NULL),(1,9,11,5,5,NULL,NULL),(1,9,12,3,3,NULL,NULL),(1,9,13,3,3,NULL,NULL),(1,9,14,3,3,NULL,NULL),(1,9,15,3,3,NULL,NULL),(1,9,16,3,3,NULL,NULL),(1,9,17,3,3,NULL,NULL),(1,9,18,3,3,NULL,NULL),(1,9,19,3,3,NULL,NULL),(1,9,20,3,3,NULL,NULL),(1,9,21,3,3,NULL,NULL),(1,9,22,3,3,NULL,NULL),(1,9,23,3,3,NULL,NULL),(1,9,24,3,3,NULL,NULL),(1,9,25,3,3,NULL,NULL),(1,9,26,3,3,NULL,NULL),(1,9,27,3,3,NULL,NULL),(1,9,28,3,3,NULL,NULL),(1,9,29,3,3,NULL,NULL),(1,9,30,3,3,NULL,NULL),(1,10,1,3,3,NULL,NULL),(1,10,2,3,3,NULL,NULL),(1,10,3,3,3,NULL,NULL),(1,10,4,3,3,NULL,NULL),(1,10,5,3,3,NULL,NULL),(1,10,6,3,3,NULL,NULL),(1,10,7,3,3,NULL,NULL),(1,10,8,3,3,NULL,NULL),(1,10,9,3,3,NULL,NULL),(1,10,10,5,5,NULL,NULL),(1,10,11,5,5,NULL,NULL),(1,10,12,2,2,NULL,NULL),(1,10,13,4,4,NULL,NULL),(1,10,14,3,3,NULL,NULL),(1,10,15,3,3,NULL,NULL),(1,10,16,3,3,NULL,NULL),(1,10,17,3,3,NULL,NULL),(1,10,18,3,3,NULL,NULL),(1,10,19,3,3,NULL,NULL),(1,10,20,3,3,NULL,NULL),(1,10,21,3,3,NULL,NULL),(1,10,22,3,3,NULL,NULL),(1,10,23,3,3,NULL,NULL),(1,10,24,3,3,NULL,NULL),(1,10,25,3,3,NULL,NULL),(1,10,26,3,3,NULL,NULL),(1,10,27,3,3,NULL,NULL),(1,10,28,3,3,NULL,NULL),(1,10,29,3,3,NULL,NULL),(1,10,30,3,3,NULL,NULL),(1,11,1,3,3,NULL,NULL),(1,11,2,3,3,NULL,NULL),(1,11,3,3,3,NULL,NULL),(1,11,4,3,3,NULL,NULL),(1,11,5,3,3,NULL,NULL),(1,11,6,3,3,NULL,NULL),(1,11,7,3,3,NULL,NULL),(1,11,8,3,3,NULL,NULL),(1,11,9,3,3,NULL,NULL),(1,11,10,5,5,NULL,NULL),(1,11,11,5,5,NULL,NULL),(1,11,12,2,2,NULL,NULL),(1,11,13,4,4,NULL,NULL),(1,11,14,3,3,NULL,NULL),(1,11,15,3,3,NULL,NULL),(1,11,16,3,3,NULL,NULL),(1,11,17,3,3,NULL,NULL),(1,11,18,3,3,NULL,NULL),(1,11,19,3,3,NULL,NULL),(1,11,20,3,3,NULL,NULL),(1,11,21,3,3,NULL,NULL),(1,11,22,3,3,NULL,NULL),(1,11,23,3,3,NULL,NULL),(1,11,24,3,3,NULL,NULL),(1,11,25,3,3,NULL,NULL),(1,11,26,3,3,NULL,NULL),(1,11,27,3,3,NULL,NULL),(1,11,28,3,3,NULL,NULL),(1,11,29,3,3,NULL,NULL),(1,11,30,3,3,NULL,NULL),(1,12,1,3,3,NULL,NULL),(1,12,2,3,3,NULL,NULL),(1,12,3,3,3,NULL,NULL),(1,12,4,3,3,NULL,NULL),(1,12,5,3,3,NULL,NULL),(1,12,6,3,3,NULL,NULL),(1,12,7,3,3,NULL,NULL),(1,12,8,3,3,NULL,NULL),(1,12,9,3,3,NULL,NULL),(1,12,10,5,5,NULL,NULL),(1,12,11,5,5,NULL,NULL),(1,12,12,2,2,NULL,NULL),(1,12,13,4,4,NULL,NULL),(1,12,14,3,3,NULL,NULL),(1,12,15,3,3,NULL,NULL),(1,12,16,3,3,NULL,NULL),(1,12,17,3,3,NULL,NULL),(1,12,18,3,3,NULL,NULL),(1,12,19,3,3,NULL,NULL),(1,12,20,3,3,NULL,NULL),(1,12,21,3,3,NULL,NULL),(1,12,22,3,3,NULL,NULL),(1,12,23,3,3,NULL,NULL),(1,12,24,3,3,NULL,NULL),(1,12,25,3,3,NULL,NULL),(1,12,26,3,3,NULL,NULL),(1,12,27,3,3,NULL,NULL),(1,12,28,3,3,NULL,NULL),(1,12,29,3,3,NULL,NULL),(1,12,30,3,3,NULL,NULL),(1,13,1,3,3,NULL,NULL),(1,13,2,3,3,NULL,NULL),(1,13,3,8,2,2,NULL),(1,13,4,8,2,2,NULL),(1,13,5,3,3,NULL,NULL),(1,13,6,3,3,NULL,NULL),(1,13,7,3,3,NULL,NULL),(1,13,8,3,3,NULL,NULL),(1,13,9,3,3,NULL,NULL),(1,13,10,3,3,NULL,NULL),(1,13,11,5,5,NULL,NULL),(1,13,12,2,2,NULL,NULL),(1,13,13,4,4,NULL,NULL),(1,13,14,4,4,NULL,NULL),(1,13,15,3,3,NULL,NULL),(1,13,16,3,3,NULL,NULL),(1,13,17,3,3,NULL,NULL),(1,13,18,3,3,NULL,NULL),(1,13,19,3,3,NULL,NULL),(1,13,20,3,3,NULL,NULL),(1,13,21,3,3,NULL,NULL),(1,13,22,3,3,NULL,NULL),(1,13,23,3,3,NULL,NULL),(1,13,24,3,3,NULL,NULL),(1,13,25,3,3,NULL,NULL),(1,13,26,3,3,NULL,NULL),(1,13,27,3,3,NULL,NULL),(1,13,28,3,3,NULL,NULL),(1,13,29,3,3,NULL,NULL),(1,13,30,3,3,NULL,NULL),(1,14,1,3,3,NULL,NULL),(1,14,2,3,3,NULL,NULL),(1,14,3,8,2,2,NULL),(1,14,4,8,2,2,NULL),(1,14,5,3,3,NULL,NULL),(1,14,6,3,3,NULL,NULL),(1,14,7,3,3,NULL,NULL),(1,14,8,3,3,NULL,NULL),(1,14,9,3,3,NULL,NULL),(1,14,10,3,3,NULL,NULL),(1,14,11,5,5,NULL,NULL),(1,14,12,2,2,NULL,NULL),(1,14,13,2,2,NULL,NULL),(1,14,14,4,4,NULL,NULL),(1,14,15,3,3,NULL,NULL),(1,14,16,3,3,NULL,NULL),(1,14,17,3,3,NULL,NULL),(1,14,18,3,3,NULL,NULL),(1,14,19,3,3,NULL,NULL),(1,14,20,3,3,NULL,NULL),(1,14,21,3,3,NULL,NULL),(1,14,22,3,3,NULL,NULL),(1,14,23,3,3,NULL,NULL),(1,14,24,3,3,NULL,NULL),(1,14,25,3,3,NULL,NULL),(1,14,26,3,3,NULL,NULL),(1,14,27,3,3,NULL,NULL),(1,14,28,3,3,NULL,NULL),(1,14,29,3,3,NULL,NULL),(1,14,30,3,3,NULL,NULL),(1,15,1,3,3,NULL,NULL),(1,15,2,5,5,NULL,NULL),(1,15,3,5,5,NULL,NULL),(1,15,4,3,3,NULL,NULL),(1,15,5,3,3,NULL,NULL),(1,15,6,3,3,NULL,NULL),(1,15,7,3,3,NULL,NULL),(1,15,8,3,3,NULL,NULL),(1,15,9,3,3,NULL,NULL),(1,15,10,3,3,NULL,NULL),(1,15,11,5,5,NULL,NULL),(1,15,12,2,2,NULL,NULL),(1,15,13,2,2,NULL,NULL),(1,15,14,4,4,NULL,NULL),(1,15,15,3,3,NULL,NULL),(1,15,16,3,3,NULL,NULL),(1,15,17,3,3,NULL,NULL),(1,15,18,3,3,NULL,NULL),(1,15,19,3,3,NULL,NULL),(1,15,20,3,3,NULL,NULL),(1,15,21,3,3,NULL,NULL),(1,15,22,3,3,NULL,NULL),(1,15,23,3,3,NULL,NULL),(1,15,24,3,3,NULL,NULL),(1,15,25,3,3,NULL,NULL),(1,15,26,3,3,NULL,NULL),(1,15,27,3,3,NULL,NULL),(1,15,28,3,3,NULL,NULL),(1,15,29,3,3,NULL,NULL),(1,15,30,3,3,NULL,NULL),(1,16,1,3,3,NULL,NULL),(1,16,2,5,5,NULL,NULL),(1,16,3,5,5,NULL,NULL),(1,16,4,3,3,NULL,NULL),(1,16,5,3,3,NULL,NULL),(1,16,6,3,3,NULL,NULL),(1,16,7,3,3,NULL,NULL),(1,16,8,3,3,NULL,NULL),(1,16,9,3,3,NULL,NULL),(1,16,10,3,3,NULL,NULL),(1,16,11,5,5,NULL,NULL),(1,16,12,2,2,NULL,NULL),(1,16,13,2,2,NULL,NULL),(1,16,14,4,4,NULL,NULL),(1,16,15,3,3,NULL,NULL),(1,16,16,3,3,NULL,NULL),(1,16,17,5,5,NULL,NULL),(1,16,18,3,3,NULL,NULL),(1,16,19,3,3,NULL,NULL),(1,16,20,3,3,NULL,NULL),(1,16,21,3,3,NULL,NULL),(1,16,22,3,3,NULL,NULL),(1,16,23,3,3,NULL,NULL),(1,16,24,3,3,NULL,NULL),(1,16,25,3,3,NULL,NULL),(1,16,26,3,3,NULL,NULL),(1,16,27,3,3,NULL,NULL),(1,16,28,3,3,NULL,NULL),(1,16,29,3,3,NULL,NULL),(1,16,30,3,3,NULL,NULL),(1,17,1,3,3,NULL,NULL),(1,17,2,5,5,NULL,NULL),(1,17,3,5,5,NULL,NULL),(1,17,4,3,3,NULL,NULL),(1,17,5,3,3,NULL,NULL),(1,17,6,3,3,NULL,NULL),(1,17,7,3,3,NULL,NULL),(1,17,8,3,3,NULL,NULL),(1,17,9,3,3,NULL,NULL),(1,17,10,3,3,NULL,NULL),(1,17,11,5,5,NULL,NULL),(1,17,12,2,2,NULL,NULL),(1,17,13,8,2,3,NULL),(1,17,14,4,4,NULL,NULL),(1,17,15,3,3,NULL,NULL),(1,17,16,5,5,NULL,NULL),(1,17,17,5,5,NULL,NULL),(1,17,18,3,3,NULL,NULL),(1,17,19,3,3,NULL,NULL),(1,17,20,3,3,NULL,NULL),(1,17,21,3,3,NULL,NULL),(1,17,22,3,3,NULL,NULL),(1,17,23,3,3,NULL,NULL),(1,17,24,3,3,NULL,NULL),(1,17,25,3,3,NULL,NULL),(1,17,26,3,3,NULL,NULL),(1,17,27,3,3,NULL,NULL),(1,17,28,3,3,NULL,NULL),(1,17,29,3,3,NULL,NULL),(1,17,30,3,3,NULL,NULL),(1,18,1,3,3,NULL,NULL),(1,18,2,3,3,NULL,NULL),(1,18,3,5,5,NULL,NULL),(1,18,4,5,5,NULL,NULL),(1,18,5,3,3,NULL,NULL),(1,18,6,3,3,NULL,NULL),(1,18,7,3,3,NULL,NULL),(1,18,8,3,3,NULL,NULL),(1,18,9,3,3,NULL,NULL),(1,18,10,2,2,NULL,NULL),(1,18,11,2,2,NULL,NULL),(1,18,12,8,2,3,NULL),(1,18,13,8,2,3,NULL),(1,18,14,4,4,NULL,NULL),(1,18,15,3,3,NULL,NULL),(1,18,16,5,5,NULL,NULL),(1,18,17,5,5,NULL,NULL),(1,18,18,3,3,NULL,NULL),(1,18,19,3,3,NULL,NULL),(1,18,20,3,3,NULL,NULL),(1,18,21,3,3,NULL,NULL),(1,18,22,3,3,NULL,NULL),(1,18,23,3,3,NULL,NULL),(1,18,24,3,3,NULL,NULL),(1,18,25,3,3,NULL,NULL),(1,18,26,3,3,NULL,NULL),(1,18,27,3,3,NULL,NULL),(1,18,28,3,3,NULL,NULL),(1,18,29,3,3,NULL,NULL),(1,18,30,3,3,NULL,NULL),(1,19,1,3,3,NULL,NULL),(1,19,2,3,3,NULL,NULL),(1,19,3,3,3,NULL,NULL),(1,19,4,5,5,NULL,NULL),(1,19,5,5,5,NULL,NULL),(1,19,6,5,5,NULL,NULL),(1,19,7,5,5,NULL,NULL),(1,19,8,2,2,NULL,NULL),(1,19,9,2,2,NULL,NULL),(1,19,10,2,2,NULL,NULL),(1,19,11,2,2,NULL,NULL),(1,19,12,4,4,NULL,NULL),(1,19,13,4,4,NULL,NULL),(1,19,14,4,4,NULL,NULL),(1,19,15,3,3,NULL,NULL),(1,19,16,5,5,NULL,NULL),(1,19,17,3,3,NULL,NULL),(1,19,18,3,3,NULL,NULL),(1,19,19,3,3,NULL,NULL),(1,19,20,3,3,NULL,NULL),(1,19,21,3,3,NULL,NULL),(1,19,22,3,3,NULL,NULL),(1,19,23,3,3,NULL,NULL),(1,19,24,3,3,NULL,NULL),(1,19,25,3,3,NULL,NULL),(1,19,26,3,3,NULL,NULL),(1,19,27,3,3,NULL,NULL),(1,19,28,3,3,NULL,NULL),(1,19,29,3,3,NULL,NULL),(1,19,30,3,3,NULL,NULL),(1,20,1,3,3,NULL,NULL),(1,20,2,3,3,NULL,NULL),(1,20,3,3,3,NULL,NULL),(1,20,4,3,3,NULL,NULL),(1,20,5,2,2,NULL,NULL),(1,20,6,2,2,NULL,NULL),(1,20,7,2,2,NULL,NULL),(1,20,8,2,2,NULL,NULL),(1,20,9,2,2,NULL,NULL),(1,20,10,2,2,NULL,NULL),(1,20,11,4,4,NULL,NULL),(1,20,12,4,4,NULL,NULL),(1,20,13,3,3,NULL,NULL),(1,20,14,3,3,NULL,NULL),(1,20,15,3,3,NULL,NULL),(1,20,16,3,3,NULL,NULL),(1,20,17,3,3,NULL,NULL),(1,20,18,3,3,NULL,NULL),(1,20,19,3,3,NULL,NULL),(1,20,20,3,3,NULL,NULL),(1,20,21,3,3,NULL,NULL),(1,20,22,3,3,NULL,NULL),(1,20,23,3,3,NULL,NULL),(1,20,24,3,3,NULL,NULL),(1,20,25,3,3,NULL,NULL),(1,20,26,3,3,NULL,NULL),(1,20,27,3,3,NULL,NULL),(1,20,28,3,3,NULL,NULL),(1,20,29,3,3,NULL,NULL),(1,20,30,3,3,NULL,NULL),(1,21,1,3,3,NULL,NULL),(1,21,2,3,3,NULL,NULL),(1,21,3,3,3,NULL,NULL),(1,21,4,3,3,NULL,NULL),(1,21,5,3,3,NULL,NULL),(1,21,6,3,3,NULL,NULL),(1,21,7,3,3,NULL,NULL),(1,21,8,3,3,NULL,NULL),(1,21,9,3,3,NULL,NULL),(1,21,10,3,3,NULL,NULL),(1,21,11,3,3,NULL,NULL),(1,21,12,3,3,NULL,NULL),(1,21,13,3,3,NULL,NULL),(1,21,14,3,3,NULL,NULL),(1,21,15,3,3,NULL,NULL),(1,21,16,3,3,NULL,NULL),(1,21,17,3,3,NULL,NULL),(1,21,18,3,3,NULL,NULL),(1,21,19,3,3,NULL,NULL),(1,21,20,3,3,NULL,NULL),(1,21,21,3,3,NULL,NULL),(1,21,22,3,3,NULL,NULL),(1,21,23,3,3,NULL,NULL),(1,21,24,3,3,NULL,NULL),(1,21,25,3,3,NULL,NULL),(1,21,26,3,3,NULL,NULL),(1,21,27,3,3,NULL,NULL),(1,21,28,3,3,NULL,NULL),(1,21,29,3,3,NULL,NULL),(1,21,30,3,3,NULL,NULL),(1,22,1,3,3,NULL,NULL),(1,22,2,3,3,NULL,NULL),(1,22,3,3,3,NULL,NULL),(1,22,4,3,3,NULL,NULL),(1,22,5,3,3,NULL,NULL),(1,22,6,3,3,NULL,NULL),(1,22,7,3,3,NULL,NULL),(1,22,8,3,3,NULL,NULL),(1,22,9,3,3,NULL,NULL),(1,22,10,3,3,NULL,NULL),(1,22,11,3,3,NULL,NULL),(1,22,12,3,3,NULL,NULL),(1,22,13,3,3,NULL,NULL),(1,22,14,3,3,NULL,NULL),(1,22,15,3,3,NULL,NULL),(1,22,16,3,3,NULL,NULL),(1,22,17,3,3,NULL,NULL),(1,22,18,3,3,NULL,NULL),(1,22,19,3,3,NULL,NULL),(1,22,20,3,3,NULL,NULL),(1,22,21,3,3,NULL,NULL),(1,22,22,3,3,NULL,NULL),(1,22,23,3,3,NULL,NULL),(1,22,24,3,3,NULL,NULL),(1,22,25,3,3,NULL,NULL),(1,22,26,3,3,NULL,NULL),(1,22,27,3,3,NULL,NULL),(1,22,28,3,3,NULL,NULL),(1,22,29,3,3,NULL,NULL),(1,22,30,3,3,NULL,NULL),(1,23,1,3,3,NULL,NULL),(1,23,2,3,3,NULL,NULL),(1,23,3,3,3,NULL,NULL),(1,23,4,3,3,NULL,NULL),(1,23,5,3,3,NULL,NULL),(1,23,6,3,3,NULL,NULL),(1,23,7,3,3,NULL,NULL),(1,23,8,3,3,NULL,NULL),(1,23,9,3,3,NULL,NULL),(1,23,10,3,3,NULL,NULL),(1,23,11,3,3,NULL,NULL),(1,23,12,3,3,NULL,NULL),(1,23,13,3,3,NULL,NULL),(1,23,14,3,3,NULL,NULL),(1,23,15,3,3,NULL,NULL),(1,23,16,3,3,NULL,NULL),(1,23,17,3,3,NULL,NULL),(1,23,18,3,3,NULL,NULL),(1,23,19,3,3,NULL,NULL),(1,23,20,3,3,NULL,NULL),(1,23,21,3,3,NULL,NULL),(1,23,22,3,3,NULL,NULL),(1,23,23,3,3,NULL,NULL),(1,23,24,3,3,NULL,NULL),(1,23,25,3,3,NULL,NULL),(1,23,26,3,3,NULL,NULL),(1,23,27,3,3,NULL,NULL),(1,23,28,3,3,NULL,NULL),(1,23,29,3,3,NULL,NULL),(1,23,30,3,3,NULL,NULL),(1,24,1,3,3,NULL,NULL),(1,24,2,3,3,NULL,NULL),(1,24,3,3,3,NULL,NULL),(1,24,4,3,3,NULL,NULL),(1,24,5,3,3,NULL,NULL),(1,24,6,3,3,NULL,NULL),(1,24,7,3,3,NULL,NULL),(1,24,8,3,3,NULL,NULL),(1,24,9,3,3,NULL,NULL),(1,24,10,3,3,NULL,NULL),(1,24,11,3,3,NULL,NULL),(1,24,12,3,3,NULL,NULL),(1,24,13,3,3,NULL,NULL),(1,24,14,3,3,NULL,NULL),(1,24,15,3,3,NULL,NULL),(1,24,16,3,3,NULL,NULL),(1,24,17,3,3,NULL,NULL),(1,24,18,3,3,NULL,NULL),(1,24,19,3,3,NULL,NULL),(1,24,20,3,3,NULL,NULL),(1,24,21,3,3,NULL,NULL),(1,24,22,3,3,NULL,NULL),(1,24,23,3,3,NULL,NULL),(1,24,24,3,3,NULL,NULL),(1,24,25,3,3,NULL,NULL),(1,24,26,3,3,NULL,NULL),(1,24,27,3,3,NULL,NULL),(1,24,28,3,3,NULL,NULL),(1,24,29,3,3,NULL,NULL),(1,24,30,3,3,NULL,NULL),(1,25,1,3,3,NULL,NULL),(1,25,2,3,3,NULL,NULL),(1,25,3,3,3,NULL,NULL),(1,25,4,3,3,NULL,NULL),(1,25,5,3,3,NULL,NULL),(1,25,6,3,3,NULL,NULL),(1,25,7,3,3,NULL,NULL),(1,25,8,3,3,NULL,NULL),(1,25,9,3,3,NULL,NULL),(1,25,10,3,3,NULL,NULL),(1,25,11,3,3,NULL,NULL),(1,25,12,3,3,NULL,NULL),(1,25,13,3,3,NULL,NULL),(1,25,14,3,3,NULL,NULL),(1,25,15,3,3,NULL,NULL),(1,25,16,3,3,NULL,NULL),(1,25,17,3,3,NULL,NULL),(1,25,18,3,3,NULL,NULL),(1,25,19,3,3,NULL,NULL),(1,25,20,3,3,NULL,NULL),(1,25,21,3,3,NULL,NULL),(1,25,22,3,3,NULL,NULL),(1,25,23,3,3,NULL,NULL),(1,25,24,3,3,NULL,NULL),(1,25,25,3,3,NULL,NULL),(1,25,26,3,3,NULL,NULL),(1,25,27,3,3,NULL,NULL),(1,25,28,3,3,NULL,NULL),(1,25,29,3,3,NULL,NULL),(1,25,30,3,3,NULL,NULL),(1,26,1,3,3,NULL,NULL),(1,26,2,3,3,NULL,NULL),(1,26,3,3,3,NULL,NULL),(1,26,4,3,3,NULL,NULL),(1,26,5,3,3,NULL,NULL),(1,26,6,3,3,NULL,NULL),(1,26,7,3,3,NULL,NULL),(1,26,8,3,3,NULL,NULL),(1,26,9,3,3,NULL,NULL),(1,26,10,3,3,NULL,NULL),(1,26,11,3,3,NULL,NULL),(1,26,12,3,3,NULL,NULL),(1,26,13,3,3,NULL,NULL),(1,26,14,3,3,NULL,NULL),(1,26,15,3,3,NULL,NULL),(1,26,16,3,3,NULL,NULL),(1,26,17,3,3,NULL,NULL),(1,26,18,3,3,NULL,NULL),(1,26,19,3,3,NULL,NULL),(1,26,20,3,3,NULL,NULL),(1,26,21,3,3,NULL,NULL),(1,26,22,3,3,NULL,NULL),(1,26,23,3,3,NULL,NULL),(1,26,24,3,3,NULL,NULL),(1,26,25,3,3,NULL,NULL),(1,26,26,3,3,NULL,NULL),(1,26,27,3,3,NULL,NULL),(1,26,28,3,3,NULL,NULL),(1,26,29,3,3,NULL,NULL),(1,26,30,3,3,NULL,NULL),(1,27,1,3,3,NULL,NULL),(1,27,2,3,3,NULL,NULL),(1,27,3,3,3,NULL,NULL),(1,27,4,3,3,NULL,NULL),(1,27,5,3,3,NULL,NULL),(1,27,6,3,3,NULL,NULL),(1,27,7,3,3,NULL,NULL),(1,27,8,3,3,NULL,NULL),(1,27,9,3,3,NULL,NULL),(1,27,10,3,3,NULL,NULL),(1,27,11,3,3,NULL,NULL),(1,27,12,3,3,NULL,NULL),(1,27,13,3,3,NULL,NULL),(1,27,14,3,3,NULL,NULL),(1,27,15,3,3,NULL,NULL),(1,27,16,3,3,NULL,NULL),(1,27,17,3,3,NULL,NULL),(1,27,18,3,3,NULL,NULL),(1,27,19,3,3,NULL,NULL),(1,27,20,3,3,NULL,NULL),(1,27,21,3,3,NULL,NULL),(1,27,22,3,3,NULL,NULL),(1,27,23,3,3,NULL,NULL),(1,27,24,3,3,NULL,NULL),(1,27,25,3,3,NULL,NULL),(1,27,26,3,3,NULL,NULL),(1,27,27,3,3,NULL,NULL),(1,27,28,3,3,NULL,NULL),(1,27,29,3,3,NULL,NULL),(1,27,30,3,3,NULL,NULL),(1,28,1,3,3,NULL,NULL),(1,28,2,3,3,NULL,NULL),(1,28,3,3,3,NULL,NULL),(1,28,4,3,3,NULL,NULL),(1,28,5,3,3,NULL,NULL),(1,28,6,3,3,NULL,NULL),(1,28,7,3,3,NULL,NULL),(1,28,8,3,3,NULL,NULL),(1,28,9,3,3,NULL,NULL),(1,28,10,3,3,NULL,NULL),(1,28,11,3,3,NULL,NULL),(1,28,12,3,3,NULL,NULL),(1,28,13,3,3,NULL,NULL),(1,28,14,3,3,NULL,NULL),(1,28,15,3,3,NULL,NULL),(1,28,16,3,3,NULL,NULL),(1,28,17,3,3,NULL,NULL),(1,28,18,3,3,NULL,NULL),(1,28,19,3,3,NULL,NULL),(1,28,20,3,3,NULL,NULL),(1,28,21,3,3,NULL,NULL),(1,28,22,3,3,NULL,NULL),(1,28,23,3,3,NULL,NULL),(1,28,24,3,3,NULL,NULL),(1,28,25,3,3,NULL,NULL),(1,28,26,3,3,NULL,NULL),(1,28,27,3,3,NULL,NULL),(1,28,28,3,3,NULL,NULL),(1,28,29,3,3,NULL,NULL),(1,28,30,3,3,NULL,NULL),(1,29,1,3,3,NULL,NULL),(1,29,2,3,3,NULL,NULL),(1,29,3,3,3,NULL,NULL),(1,29,4,3,3,NULL,NULL),(1,29,5,3,3,NULL,NULL),(1,29,6,3,3,NULL,NULL),(1,29,7,3,3,NULL,NULL),(1,29,8,3,3,NULL,NULL),(1,29,9,3,3,NULL,NULL),(1,29,10,3,3,NULL,NULL),(1,29,11,3,3,NULL,NULL),(1,29,12,3,3,NULL,NULL),(1,29,13,3,3,NULL,NULL),(1,29,14,3,3,NULL,NULL),(1,29,15,3,3,NULL,NULL),(1,29,16,3,3,NULL,NULL),(1,29,17,3,3,NULL,NULL),(1,29,18,3,3,NULL,NULL),(1,29,19,3,3,NULL,NULL),(1,29,20,3,3,NULL,NULL),(1,29,21,3,3,NULL,NULL),(1,29,22,3,3,NULL,NULL),(1,29,23,3,3,NULL,NULL),(1,29,24,3,3,NULL,NULL),(1,29,25,3,3,NULL,NULL),(1,29,26,3,3,NULL,NULL),(1,29,27,3,3,NULL,NULL),(1,29,28,3,3,NULL,NULL),(1,29,29,3,3,NULL,NULL),(1,29,30,3,3,NULL,NULL),(1,30,1,3,3,NULL,NULL),(1,30,2,3,3,NULL,NULL),(1,30,3,3,3,NULL,NULL),(1,30,4,3,3,NULL,NULL),(1,30,5,3,3,NULL,NULL),(1,30,6,3,3,NULL,NULL),(1,30,7,3,3,NULL,NULL),(1,30,8,3,3,NULL,NULL),(1,30,9,3,3,NULL,NULL),(1,30,10,3,3,NULL,NULL),(1,30,11,3,3,NULL,NULL),(1,30,12,3,3,NULL,NULL),(1,30,13,3,3,NULL,NULL),(1,30,14,3,3,NULL,NULL),(1,30,15,3,3,NULL,NULL),(1,30,16,3,3,NULL,NULL),(1,30,17,3,3,NULL,NULL),(1,30,18,3,3,NULL,NULL),(1,30,19,3,3,NULL,NULL),(1,30,20,3,3,NULL,NULL),(1,30,21,3,3,NULL,NULL),(1,30,22,3,3,NULL,NULL),(1,30,23,3,3,NULL,NULL),(1,30,24,3,3,NULL,NULL),(1,30,25,3,3,NULL,NULL),(1,30,26,3,3,NULL,NULL),(1,30,27,3,3,NULL,NULL),(1,30,28,3,3,NULL,NULL),(1,30,29,3,3,NULL,NULL),(1,30,30,3,3,NULL,NULL),(2,2,8,3,3,NULL,NULL),(2,2,9,3,3,NULL,NULL),(2,2,10,3,3,NULL,NULL),(2,2,11,3,3,NULL,NULL),(2,2,12,3,3,NULL,NULL),(2,2,13,3,3,NULL,NULL),(2,2,14,3,3,NULL,NULL),(2,2,15,3,3,NULL,NULL),(2,2,16,3,3,NULL,NULL),(2,2,17,3,3,NULL,NULL),(2,2,18,3,3,NULL,NULL),(2,2,19,3,3,NULL,NULL),(2,2,20,3,3,NULL,NULL),(2,2,21,3,3,NULL,NULL),(2,2,22,3,3,NULL,NULL),(2,2,23,3,3,NULL,NULL),(2,2,24,3,3,NULL,NULL),(2,2,25,3,3,NULL,NULL),(2,2,26,3,3,NULL,NULL),(2,2,27,3,3,NULL,NULL),(2,2,28,3,3,NULL,NULL),(2,2,29,3,3,NULL,NULL),(2,2,30,3,3,NULL,NULL),(2,2,31,3,3,NULL,NULL),(2,2,32,3,3,NULL,NULL),(2,2,33,3,3,NULL,NULL),(2,2,34,3,3,NULL,NULL),(2,2,35,3,3,NULL,NULL),(2,2,36,3,3,NULL,NULL),(2,2,37,3,3,NULL,NULL),(2,2,38,3,3,NULL,NULL),(2,2,39,3,3,NULL,NULL),(2,2,40,3,3,NULL,NULL),(2,2,41,3,3,NULL,NULL),(2,2,42,3,3,NULL,NULL),(2,2,43,3,3,NULL,NULL),(2,2,44,3,3,NULL,NULL),(2,2,45,3,3,NULL,NULL),(2,2,46,3,3,NULL,NULL),(2,2,47,3,3,NULL,NULL),(2,2,48,3,3,NULL,NULL),(2,2,49,3,3,NULL,NULL),(2,2,50,3,3,NULL,NULL),(2,3,1,3,3,NULL,NULL),(2,3,2,3,3,NULL,NULL),(2,3,3,3,3,NULL,NULL),(2,3,4,3,3,NULL,NULL),(2,3,5,3,3,NULL,NULL),(2,3,6,3,3,NULL,NULL),(2,3,7,3,3,NULL,NULL),(2,3,8,3,3,NULL,NULL),(2,3,9,3,3,NULL,NULL),(2,3,10,3,3,NULL,NULL),(2,3,11,3,3,NULL,NULL),(2,3,12,3,3,NULL,NULL),(2,3,13,3,3,NULL,NULL),(2,3,14,3,3,NULL,NULL),(2,3,15,3,3,NULL,NULL),(2,3,16,3,3,NULL,NULL),(2,3,17,3,3,NULL,NULL),(2,3,18,3,3,NULL,NULL),(2,3,19,3,3,NULL,NULL),(2,3,20,3,3,NULL,NULL),(2,3,21,3,3,NULL,NULL),(2,3,22,3,3,NULL,NULL),(2,3,23,3,3,NULL,NULL),(2,3,24,3,3,NULL,NULL),(2,3,25,3,3,NULL,NULL),(2,3,26,3,3,NULL,NULL),(2,3,27,3,3,NULL,NULL),(2,3,28,3,3,NULL,NULL),(2,3,29,3,3,NULL,NULL),(2,3,30,3,3,NULL,NULL),(2,3,31,3,3,NULL,NULL),(2,3,32,3,3,NULL,NULL),(2,3,33,3,3,NULL,NULL),(2,3,34,3,3,NULL,NULL),(2,3,35,3,3,NULL,NULL),(2,3,36,3,3,NULL,NULL),(2,3,37,3,3,NULL,NULL),(2,3,38,3,3,NULL,NULL),(2,3,39,3,3,NULL,NULL),(2,3,40,3,3,NULL,NULL),(2,3,41,3,3,NULL,NULL),(2,3,42,3,3,NULL,NULL),(2,3,43,3,3,NULL,NULL),(2,3,44,3,3,NULL,NULL),(2,3,45,3,3,NULL,NULL),(2,3,46,3,3,NULL,NULL),(2,3,47,3,3,NULL,NULL),(2,3,48,3,3,NULL,NULL),(2,3,49,3,3,NULL,NULL),(2,3,50,3,3,NULL,NULL),(2,4,1,3,3,NULL,NULL),(2,4,2,3,3,NULL,NULL),(2,4,3,3,3,NULL,NULL),(2,4,4,3,3,NULL,NULL),(2,4,5,3,3,NULL,NULL),(2,4,6,3,3,NULL,NULL),(2,4,7,3,3,NULL,NULL),(2,4,8,3,3,NULL,NULL),(2,4,9,3,3,NULL,NULL),(2,4,10,3,3,NULL,NULL),(2,4,11,3,3,NULL,NULL),(2,4,12,3,3,NULL,NULL),(2,4,13,3,3,NULL,NULL),(2,4,14,3,3,NULL,NULL),(2,4,15,9,2,1,NULL),(2,4,16,3,3,NULL,NULL),(2,4,17,3,3,NULL,NULL),(2,4,18,3,3,NULL,NULL),(2,4,19,3,3,NULL,NULL),(2,4,20,3,3,NULL,NULL),(2,4,21,3,3,NULL,NULL),(2,4,22,3,3,NULL,NULL),(2,4,23,3,3,NULL,NULL),(2,4,24,3,3,NULL,NULL),(2,4,25,3,3,NULL,NULL),(2,4,26,3,3,NULL,NULL),(2,4,27,3,3,NULL,NULL),(2,4,28,3,3,NULL,NULL),(2,4,29,3,3,NULL,NULL),(2,4,30,3,3,NULL,NULL),(2,4,31,3,3,NULL,NULL),(2,4,32,3,3,NULL,NULL),(2,4,33,3,3,NULL,NULL),(2,4,34,3,3,NULL,NULL),(2,4,35,3,3,NULL,NULL),(2,4,36,3,3,NULL,NULL),(2,4,37,3,3,NULL,NULL),(2,4,38,3,3,NULL,NULL),(2,4,39,3,3,NULL,NULL),(2,4,40,3,3,NULL,NULL),(2,4,41,3,3,NULL,NULL),(2,4,42,3,3,NULL,NULL),(2,4,43,3,3,NULL,NULL),(2,4,44,3,3,NULL,NULL),(2,4,45,3,3,NULL,NULL),(2,4,46,3,3,NULL,NULL),(2,4,47,3,3,NULL,NULL),(2,4,48,3,3,NULL,NULL),(2,4,49,3,3,NULL,NULL),(2,4,50,3,3,NULL,NULL),(2,5,1,3,3,NULL,NULL),(2,5,2,3,3,NULL,NULL),(2,5,3,3,3,NULL,NULL),(2,5,4,3,3,NULL,NULL),(2,5,5,3,3,NULL,NULL),(2,5,6,3,3,NULL,NULL),(2,5,7,3,3,NULL,NULL),(2,5,8,3,3,NULL,NULL),(2,5,9,3,3,NULL,NULL),(2,5,10,3,3,NULL,NULL),(2,5,11,3,3,NULL,NULL),(2,5,12,3,3,NULL,NULL),(2,5,13,3,3,NULL,NULL),(2,5,14,3,3,NULL,NULL),(2,5,15,4,4,NULL,NULL),(2,5,16,4,4,NULL,NULL),(2,5,17,5,5,NULL,NULL),(2,5,18,5,5,NULL,NULL),(2,5,19,5,5,NULL,NULL),(2,5,20,5,5,NULL,NULL),(2,5,21,8,2,521,NULL),(2,5,22,3,3,NULL,NULL),(2,5,23,3,3,NULL,NULL),(2,5,24,3,3,NULL,NULL),(2,5,25,3,3,NULL,NULL),(2,5,26,3,3,NULL,NULL),(2,5,27,3,3,NULL,NULL),(2,5,28,3,3,NULL,NULL),(2,5,29,3,3,NULL,NULL),(2,5,30,3,3,NULL,NULL),(2,5,31,3,3,NULL,NULL),(2,5,32,3,3,NULL,NULL),(2,5,33,3,3,NULL,NULL),(2,5,34,3,3,NULL,NULL),(2,5,35,3,3,NULL,NULL),(2,5,36,3,3,NULL,NULL),(2,5,37,3,3,NULL,NULL),(2,5,38,3,3,NULL,NULL),(2,5,39,3,3,NULL,NULL),(2,5,40,3,3,NULL,NULL),(2,5,41,3,3,NULL,NULL),(2,5,42,3,3,NULL,NULL),(2,5,43,3,3,NULL,NULL),(2,5,44,3,3,NULL,NULL),(2,5,45,3,3,NULL,NULL),(2,5,46,3,3,NULL,NULL),(2,5,47,3,3,NULL,NULL),(2,5,48,3,3,NULL,NULL),(2,5,49,3,3,NULL,NULL),(2,5,50,3,3,NULL,NULL),(2,6,1,3,3,NULL,NULL),(2,6,2,3,3,NULL,NULL),(2,6,3,3,3,NULL,NULL),(2,6,4,3,3,NULL,NULL),(2,6,5,3,3,NULL,NULL),(2,6,6,3,3,NULL,NULL),(2,6,7,3,3,NULL,NULL),(2,6,8,3,3,NULL,NULL),(2,6,9,3,3,NULL,NULL),(2,6,10,3,3,NULL,NULL),(2,6,11,3,3,NULL,NULL),(2,6,12,3,3,NULL,NULL),(2,6,13,3,3,NULL,NULL),(2,6,14,4,4,NULL,NULL),(2,6,15,4,4,NULL,NULL),(2,6,16,4,4,NULL,NULL),(2,6,17,4,4,NULL,NULL),(2,6,18,19,19,NULL,NULL),(2,6,19,4,4,NULL,NULL),(2,6,20,4,4,NULL,NULL),(2,6,21,4,4,NULL,NULL),(2,6,22,4,4,NULL,NULL),(2,6,23,3,3,NULL,NULL),(2,6,24,3,3,NULL,NULL),(2,6,25,3,3,NULL,NULL),(2,6,26,3,3,NULL,NULL),(2,6,27,3,3,NULL,NULL),(2,6,28,3,3,NULL,NULL),(2,6,29,3,3,NULL,NULL),(2,6,30,3,3,NULL,NULL),(2,6,31,3,3,NULL,NULL),(2,6,32,3,3,NULL,NULL),(2,6,33,3,3,NULL,NULL),(2,6,34,3,3,NULL,NULL),(2,6,35,3,3,NULL,NULL),(2,6,36,3,3,NULL,NULL),(2,6,37,3,3,NULL,NULL),(2,6,38,3,3,NULL,NULL),(2,6,39,3,3,NULL,NULL),(2,6,40,3,3,NULL,NULL),(2,6,41,3,3,NULL,NULL),(2,6,42,3,3,NULL,NULL),(2,6,43,3,3,NULL,NULL),(2,6,44,3,3,NULL,NULL),(2,6,45,3,3,NULL,NULL),(2,6,46,3,3,NULL,NULL),(2,6,47,3,3,NULL,NULL),(2,6,48,3,3,NULL,NULL),(2,6,49,3,3,NULL,NULL),(2,6,50,3,3,NULL,NULL),(2,7,1,3,3,NULL,NULL),(2,7,2,3,3,NULL,NULL),(2,7,3,3,3,NULL,NULL),(2,7,4,3,3,NULL,NULL),(2,7,5,3,3,NULL,NULL),(2,7,6,3,3,NULL,NULL),(2,7,7,3,3,NULL,NULL),(2,7,8,3,3,NULL,NULL),(2,7,9,3,3,NULL,NULL),(2,7,10,5,1,NULL,NULL),(2,7,11,5,1,NULL,NULL),(2,7,12,5,1,NULL,NULL),(2,7,13,4,4,NULL,NULL),(2,7,14,4,4,NULL,NULL),(2,7,15,8,2,3,NULL),(2,7,16,18,18,NULL,NULL),(2,7,17,2,2,NULL,NULL),(2,7,18,2,2,NULL,NULL),(2,7,19,2,2,NULL,NULL),(2,7,20,18,18,NULL,NULL),(2,7,21,18,18,NULL,NULL),(2,7,22,4,4,NULL,NULL),(2,7,23,4,4,NULL,NULL),(2,7,24,4,4,NULL,NULL),(2,7,25,4,4,NULL,NULL),(2,7,26,3,3,NULL,NULL),(2,7,27,3,3,NULL,NULL),(2,7,28,3,3,NULL,NULL),(2,7,29,3,3,NULL,NULL),(2,7,30,3,3,NULL,NULL),(2,7,31,3,3,NULL,NULL),(2,7,32,3,3,NULL,NULL),(2,7,33,3,3,NULL,NULL),(2,7,34,3,3,NULL,NULL),(2,7,35,3,3,NULL,NULL),(2,7,36,3,3,NULL,NULL),(2,7,37,3,3,NULL,NULL),(2,7,38,3,3,NULL,NULL),(2,7,39,3,3,NULL,NULL),(2,7,40,3,3,NULL,NULL),(2,7,41,3,3,NULL,NULL),(2,7,42,3,3,NULL,NULL),(2,7,43,3,3,NULL,NULL),(2,7,44,3,3,NULL,NULL),(2,7,45,3,3,NULL,NULL),(2,7,46,3,3,NULL,NULL),(2,7,47,3,3,NULL,NULL),(2,7,48,3,3,NULL,NULL),(2,7,49,3,3,NULL,NULL),(2,7,50,3,3,NULL,NULL),(2,8,1,3,3,NULL,NULL),(2,8,2,3,3,NULL,NULL),(2,8,3,3,3,NULL,NULL),(2,8,4,3,3,NULL,NULL),(2,8,5,3,3,NULL,NULL),(2,8,6,3,3,NULL,NULL),(2,8,7,3,3,NULL,NULL),(2,8,8,5,1,NULL,NULL),(2,8,9,5,1,NULL,NULL),(2,8,10,2,1,NULL,NULL),(2,8,11,2,1,NULL,NULL),(2,8,12,2,1,NULL,NULL),(2,8,13,4,4,NULL,NULL),(2,8,14,18,18,NULL,NULL),(2,8,15,18,18,NULL,NULL),(2,8,16,18,18,NULL,NULL),(2,8,17,2,2,NULL,NULL),(2,8,18,16,16,NULL,NULL),(2,8,19,8,2,9,NULL),(2,8,20,8,2,8,NULL),(2,8,21,8,2,8,NULL),(2,8,22,18,18,NULL,NULL),(2,8,23,17,17,NULL,NULL),(2,8,24,8,2,13,NULL),(2,8,25,4,4,NULL,NULL),(2,8,26,4,4,NULL,NULL),(2,8,27,3,3,NULL,NULL),(2,8,28,3,3,NULL,NULL),(2,8,29,3,3,NULL,NULL),(2,8,30,3,3,NULL,NULL),(2,8,31,3,3,NULL,NULL),(2,8,32,3,3,NULL,NULL),(2,8,33,3,3,NULL,NULL),(2,8,34,3,3,NULL,NULL),(2,8,35,3,3,NULL,NULL),(2,8,36,3,3,NULL,NULL),(2,8,37,3,3,NULL,NULL),(2,8,38,3,3,NULL,NULL),(2,8,39,3,3,NULL,NULL),(2,8,40,3,3,NULL,NULL),(2,8,41,3,3,NULL,NULL),(2,8,42,3,3,NULL,NULL),(2,8,43,3,3,NULL,NULL),(2,8,44,3,3,NULL,NULL),(2,8,45,3,3,NULL,NULL),(2,8,46,3,3,NULL,NULL),(2,8,47,3,3,NULL,NULL),(2,8,48,3,3,NULL,NULL),(2,8,49,3,3,NULL,NULL),(2,8,50,3,3,NULL,NULL),(2,9,1,3,3,NULL,NULL),(2,9,2,3,3,NULL,NULL),(2,9,3,3,3,NULL,NULL),(2,9,4,3,3,NULL,NULL),(2,9,5,3,3,NULL,NULL),(2,9,6,3,3,NULL,NULL),(2,9,7,5,1,NULL,NULL),(2,9,8,2,1,NULL,NULL),(2,9,9,2,1,NULL,NULL),(2,9,10,2,1,NULL,NULL),(2,9,11,2,1,NULL,NULL),(2,9,12,2,1,NULL,NULL),(2,9,13,4,4,NULL,NULL),(2,9,14,2,2,NULL,NULL),(2,9,15,8,2,4,NULL),(2,9,16,8,2,4,NULL),(2,9,17,17,17,NULL,NULL),(2,9,18,16,16,NULL,NULL),(2,9,19,8,2,10,NULL),(2,9,20,8,2,920,NULL),(2,9,21,12,2,12,NULL),(2,9,22,16,16,NULL,NULL),(2,9,23,17,17,NULL,NULL),(2,9,24,8,2,14,NULL),(2,9,25,8,2,15,NULL),(2,9,26,4,4,NULL,NULL),(2,9,27,3,3,NULL,NULL),(2,9,28,3,3,NULL,NULL),(2,9,29,3,3,NULL,NULL),(2,9,30,3,3,NULL,NULL),(2,9,31,3,3,NULL,NULL),(2,9,32,3,3,NULL,NULL),(2,9,33,3,3,NULL,NULL),(2,9,34,3,3,NULL,NULL),(2,9,35,3,3,NULL,NULL),(2,9,36,3,3,NULL,NULL),(2,9,37,3,3,NULL,NULL),(2,9,38,3,3,NULL,NULL),(2,9,39,3,3,NULL,NULL),(2,9,40,3,3,NULL,NULL),(2,9,41,3,3,NULL,NULL),(2,9,42,3,3,NULL,NULL),(2,9,43,3,3,NULL,NULL),(2,9,44,3,3,NULL,NULL),(2,9,45,3,3,NULL,NULL),(2,9,46,3,3,NULL,NULL),(2,9,47,3,3,NULL,NULL),(2,9,48,3,3,NULL,NULL),(2,9,49,3,3,NULL,NULL),(2,9,50,3,3,NULL,NULL),(2,10,1,3,3,NULL,NULL),(2,10,2,3,3,NULL,NULL),(2,10,3,3,3,NULL,NULL),(2,10,4,3,3,NULL,NULL),(2,10,5,3,3,NULL,NULL),(2,10,6,5,1,NULL,NULL),(2,10,7,2,1,NULL,NULL),(2,10,8,2,1,NULL,NULL),(2,10,9,2,1,NULL,NULL),(2,10,10,2,1,NULL,NULL),(2,10,11,2,1,NULL,NULL),(2,10,12,2,1,NULL,NULL),(2,10,13,4,4,NULL,NULL),(2,10,14,2,1,NULL,NULL),(2,10,15,1,1,NULL,NULL),(2,10,16,1,1,NULL,NULL),(2,10,17,1,1,NULL,NULL),(2,10,18,1,1,NULL,NULL),(2,10,19,1,1,NULL,NULL),(2,10,20,1,1,NULL,NULL),(2,10,21,1,1,NULL,NULL),(2,10,22,2,2,NULL,NULL),(2,10,23,2,2,NULL,NULL),(2,10,24,2,2,NULL,NULL),(2,10,25,8,2,15,NULL),(2,10,26,4,4,NULL,NULL),(2,10,27,5,5,NULL,NULL),(2,10,28,3,3,NULL,NULL),(2,10,29,3,3,NULL,NULL),(2,10,30,3,3,NULL,NULL),(2,10,31,3,3,NULL,NULL),(2,10,32,3,3,NULL,NULL),(2,10,33,3,3,NULL,NULL),(2,10,34,3,3,NULL,NULL),(2,10,35,3,3,NULL,NULL),(2,10,36,3,3,NULL,NULL),(2,10,37,3,3,NULL,NULL),(2,10,38,3,3,NULL,NULL),(2,10,39,3,3,NULL,NULL),(2,10,40,3,3,NULL,NULL),(2,10,41,3,3,NULL,NULL),(2,10,42,3,3,NULL,NULL),(2,10,43,3,3,NULL,NULL),(2,10,44,3,3,NULL,NULL),(2,10,45,3,3,NULL,NULL),(2,10,46,3,3,NULL,NULL),(2,10,47,3,3,NULL,NULL),(2,10,48,3,3,NULL,NULL),(2,10,49,3,3,NULL,NULL),(2,10,50,3,3,NULL,NULL),(2,11,1,3,3,NULL,NULL),(2,11,2,3,3,NULL,NULL),(2,11,3,3,3,NULL,NULL),(2,11,4,3,3,NULL,NULL),(2,11,5,3,3,NULL,NULL),(2,11,6,2,1,NULL,NULL),(2,11,7,2,1,NULL,NULL),(2,11,8,11,1,11008,NULL),(2,11,9,11,1,11008,NULL),(2,11,10,1,1,NULL,NULL),(2,11,11,1,1,NULL,NULL),(2,11,12,1,1,NULL,NULL),(2,11,13,1,1,NULL,NULL),(2,11,14,1,1,NULL,NULL),(2,11,15,25,25,NULL,NULL),(2,11,16,12,2,5,NULL),(2,11,17,8,2,6,NULL),(2,11,18,17,17,NULL,NULL),(2,11,19,2,2,NULL,NULL),(2,11,20,2,2,NULL,NULL),(2,11,21,1,1,NULL,NULL),(2,11,22,1,1,NULL,NULL),(2,11,23,1,1,NULL,NULL),(2,11,24,1,1,NULL,NULL),(2,11,25,22,22,NULL,NULL),(2,11,26,2,1,NULL,NULL),(2,11,27,2,1,NULL,NULL),(2,11,28,5,1,NULL,NULL),(2,11,29,3,3,NULL,NULL),(2,11,30,3,3,NULL,NULL),(2,11,31,3,3,NULL,NULL),(2,11,32,3,3,NULL,NULL),(2,11,33,3,3,NULL,NULL),(2,11,34,3,3,NULL,NULL),(2,11,35,3,3,NULL,NULL),(2,11,36,3,3,NULL,NULL),(2,11,37,3,3,NULL,NULL),(2,11,38,3,3,NULL,NULL),(2,11,39,3,3,NULL,NULL),(2,11,40,3,3,NULL,NULL),(2,11,41,3,3,NULL,NULL),(2,11,42,3,3,NULL,NULL),(2,11,43,3,3,NULL,NULL),(2,11,44,3,3,NULL,NULL),(2,11,45,3,3,NULL,NULL),(2,11,46,3,3,NULL,NULL),(2,11,47,3,3,NULL,NULL),(2,11,48,3,3,NULL,NULL),(2,11,49,3,3,NULL,NULL),(2,11,50,3,3,NULL,NULL),(2,12,1,3,3,NULL,NULL),(2,12,2,3,3,NULL,NULL),(2,12,3,3,3,NULL,NULL),(2,12,4,3,3,NULL,NULL),(2,12,5,5,1,NULL,NULL),(2,12,6,2,1,NULL,NULL),(2,12,7,2,1,NULL,NULL),(2,12,8,2,1,NULL,NULL),(2,12,9,2,1,NULL,NULL),(2,12,10,1,1,NULL,NULL),(2,12,11,1,1,NULL,NULL),(2,12,12,25,25,NULL,NULL),(2,12,13,4,4,NULL,NULL),(2,12,14,25,25,NULL,NULL),(2,12,15,25,25,NULL,NULL),(2,12,16,5,5,NULL,NULL),(2,12,17,8,2,7,NULL),(2,12,18,17,17,NULL,NULL),(2,12,19,1,1,NULL,NULL),(2,12,21,8,2,16,NULL),(2,12,22,8,2,17,NULL),(2,12,23,20,20,NULL,NULL),(2,12,24,1,1,NULL,NULL),(2,12,25,18,18,NULL,NULL),(2,12,26,18,18,NULL,NULL),(2,12,27,2,1,NULL,NULL),(2,12,28,5,1,NULL,NULL),(2,12,29,3,3,NULL,NULL),(2,12,30,3,3,NULL,NULL),(2,12,31,3,3,NULL,NULL),(2,12,32,3,3,NULL,NULL),(2,12,33,3,3,NULL,NULL),(2,12,34,3,3,NULL,NULL),(2,12,35,3,3,NULL,NULL),(2,12,36,3,3,NULL,NULL),(2,12,37,3,3,NULL,NULL),(2,12,38,3,3,NULL,NULL),(2,12,39,3,3,NULL,NULL),(2,12,40,3,3,NULL,NULL),(2,12,41,3,3,NULL,NULL),(2,12,42,3,3,NULL,NULL),(2,12,43,3,3,NULL,NULL),(2,12,44,3,3,NULL,NULL),(2,12,45,3,3,NULL,NULL),(2,12,46,3,3,NULL,NULL),(2,12,47,3,3,NULL,NULL),(2,12,48,3,3,NULL,NULL),(2,12,49,3,3,NULL,NULL),(2,12,50,3,3,NULL,NULL),(2,13,1,3,3,NULL,NULL),(2,13,2,3,3,NULL,NULL),(2,13,3,3,3,NULL,NULL),(2,13,4,3,3,NULL,NULL),(2,13,5,5,1,NULL,NULL),(2,13,6,2,1,NULL,NULL),(2,13,7,2,1,NULL,NULL),(2,13,8,2,1,NULL,NULL),(2,13,9,2,2,NULL,NULL),(2,13,10,1,1,NULL,NULL),(2,13,11,2,1,NULL,NULL),(2,13,12,2,1,NULL,NULL),(2,13,13,2,1,NULL,NULL),(2,13,14,25,25,NULL,NULL),(2,13,15,25,25,NULL,NULL),(2,13,16,25,25,NULL,NULL),(2,13,17,5,5,NULL,NULL),(2,13,18,5,5,NULL,NULL),(2,13,19,5,5,NULL,NULL),(2,13,20,8,2,18,NULL),(2,13,21,8,2,18,NULL),(2,13,22,8,2,19,NULL),(2,13,23,11,2,21,NULL),(2,13,24,1,1,NULL,NULL),(2,13,25,18,18,NULL,NULL),(2,13,26,9,2,29,NULL),(2,13,27,9,2,29,NULL),(2,13,28,2,1,NULL,NULL),(2,13,29,5,1,NULL,NULL),(2,13,30,3,3,NULL,NULL),(2,13,31,3,3,NULL,NULL),(2,13,32,3,3,NULL,NULL),(2,13,33,3,3,NULL,NULL),(2,13,34,3,3,NULL,NULL),(2,13,35,3,3,NULL,NULL),(2,13,36,3,3,NULL,NULL),(2,13,37,3,3,NULL,NULL),(2,13,38,3,3,NULL,NULL),(2,13,39,3,3,NULL,NULL),(2,13,40,3,3,NULL,NULL),(2,13,41,3,3,NULL,NULL),(2,13,42,3,3,NULL,NULL),(2,13,43,3,3,NULL,NULL),(2,13,44,3,3,NULL,NULL),(2,13,45,3,3,NULL,NULL),(2,13,46,3,3,NULL,NULL),(2,13,47,3,3,NULL,NULL),(2,13,48,3,3,NULL,NULL),(2,13,49,3,3,NULL,NULL),(2,13,50,3,3,NULL,NULL),(2,14,1,3,3,NULL,NULL),(2,14,2,3,3,NULL,NULL),(2,14,3,3,3,NULL,NULL),(2,14,4,3,3,NULL,NULL),(2,14,5,5,1,NULL,NULL),(2,14,6,2,1,NULL,NULL),(2,14,7,2,1,NULL,NULL),(2,14,8,12,2,31,NULL),(2,14,9,20,20,NULL,NULL),(2,14,10,1,1,NULL,NULL),(2,14,11,8,2,1411,NULL),(2,14,12,17,17,NULL,NULL),(2,14,13,5,5,NULL,NULL),(2,14,14,25,25,NULL,NULL),(2,14,15,25,25,NULL,NULL),(2,14,16,25,25,NULL,NULL),(2,14,17,25,25,NULL,NULL),(2,14,18,8,2,23,NULL),(2,14,19,8,2,22,NULL),(2,14,20,8,2,18,NULL),(2,14,21,8,2,18,NULL),(2,14,22,21,2,1422,NULL),(2,14,23,11,2,21,NULL),(2,14,24,1,1,NULL,NULL),(2,14,25,28,1,14025,NULL),(2,14,26,9,2,29,NULL),(2,14,27,9,2,29,NULL),(2,14,28,26,1,14028,NULL),(2,14,29,5,1,NULL,NULL),(2,14,30,3,3,NULL,NULL),(2,14,31,3,3,NULL,NULL),(2,14,32,3,3,NULL,NULL),(2,14,33,3,3,NULL,NULL),(2,14,34,3,3,NULL,NULL),(2,14,35,3,3,NULL,NULL),(2,14,36,3,3,NULL,NULL),(2,14,37,3,3,NULL,NULL),(2,14,38,3,3,NULL,NULL),(2,14,39,3,3,NULL,NULL),(2,14,40,3,3,NULL,NULL),(2,14,41,3,3,NULL,NULL),(2,14,42,3,3,NULL,NULL),(2,14,43,3,3,NULL,NULL),(2,14,44,3,3,NULL,NULL),(2,14,45,3,3,NULL,NULL),(2,14,46,3,3,NULL,NULL),(2,14,47,3,3,NULL,NULL),(2,14,48,3,3,NULL,NULL),(2,14,49,3,3,NULL,NULL),(2,14,50,3,3,NULL,NULL),(2,15,1,3,3,NULL,NULL),(2,15,2,3,3,NULL,NULL),(2,15,3,3,3,NULL,NULL),(2,15,4,3,3,NULL,NULL),(2,15,5,5,5,NULL,NULL),(2,15,6,5,5,NULL,NULL),(2,15,7,8,2,33,NULL),(2,15,8,8,2,34,NULL),(2,15,9,16,16,NULL,NULL),(2,15,10,1,1,NULL,NULL),(2,15,11,2,2,NULL,NULL),(2,15,12,2,2,NULL,NULL),(2,15,13,5,5,NULL,NULL),(2,15,14,5,5,NULL,NULL),(2,15,15,25,25,NULL,NULL),(2,15,16,25,25,NULL,NULL),(2,15,17,25,25,NULL,NULL),(2,15,18,25,25,NULL,NULL),(2,15,19,8,2,24,NULL),(2,15,20,8,2,25,NULL),(2,15,21,8,2,25,NULL),(2,15,22,8,2,26,NULL),(2,15,23,1,1,NULL,NULL),(2,15,24,1,1,NULL,NULL),(2,15,25,10,2,30,NULL),(2,15,26,10,2,30,NULL),(2,15,27,10,2,30,NULL),(2,15,28,1,1,NULL,NULL),(2,15,29,5,1,NULL,NULL),(2,15,30,3,3,NULL,NULL),(2,15,31,3,3,NULL,NULL),(2,15,32,3,3,NULL,NULL),(2,15,33,3,3,NULL,NULL),(2,15,34,3,3,NULL,NULL),(2,15,35,3,3,NULL,NULL),(2,15,36,3,3,NULL,NULL),(2,15,37,3,3,NULL,NULL),(2,15,38,3,3,NULL,NULL),(2,15,39,3,3,NULL,NULL),(2,15,40,3,3,NULL,NULL),(2,15,41,3,3,NULL,NULL),(2,15,42,3,3,NULL,NULL),(2,15,43,3,3,NULL,NULL),(2,15,44,3,3,NULL,NULL),(2,15,45,3,3,NULL,NULL),(2,15,46,3,3,NULL,NULL),(2,15,47,3,3,NULL,NULL),(2,15,48,3,3,NULL,NULL),(2,15,49,3,3,NULL,NULL),(2,15,50,3,3,NULL,NULL),(2,16,1,3,3,NULL,NULL),(2,16,2,3,3,NULL,NULL),(2,16,3,3,3,NULL,NULL),(2,16,4,3,3,NULL,NULL),(2,16,5,5,5,NULL,NULL),(2,16,6,2,2,NULL,NULL),(2,16,7,8,2,34,NULL),(2,16,8,8,2,34,NULL),(2,16,9,16,16,NULL,NULL),(2,16,10,1,1,NULL,NULL),(2,16,11,2,2,NULL,NULL),(2,16,12,2,2,NULL,NULL),(2,16,13,16,16,NULL,NULL),(2,16,14,5,5,NULL,NULL),(2,16,15,5,5,NULL,NULL),(2,16,16,25,25,NULL,NULL),(2,16,17,9,2,1617,NULL),(2,16,18,25,25,NULL,NULL),(2,16,19,25,25,NULL,NULL),(2,16,20,25,25,NULL,NULL),(2,16,21,8,2,16021,NULL),(2,16,22,8,2,28,NULL),(2,16,23,8,2,28,NULL),(2,16,24,2,2,NULL,NULL),(2,16,25,10,2,30,NULL),(2,16,26,10,2,30,NULL),(2,16,27,10,2,30,NULL),(2,16,28,1,1,NULL,NULL),(2,16,29,5,1,NULL,NULL),(2,16,30,3,3,NULL,NULL),(2,16,31,3,3,NULL,NULL),(2,16,32,3,3,NULL,NULL),(2,16,33,3,3,NULL,NULL),(2,16,34,3,3,NULL,NULL),(2,16,35,3,3,NULL,NULL),(2,16,36,3,3,NULL,NULL),(2,16,37,3,3,NULL,NULL),(2,16,38,3,3,NULL,NULL),(2,16,39,3,3,NULL,NULL),(2,16,40,3,3,NULL,NULL),(2,16,41,3,3,NULL,NULL),(2,16,42,3,3,NULL,NULL),(2,16,43,3,3,NULL,NULL),(2,16,44,3,3,NULL,NULL),(2,16,45,3,3,NULL,NULL),(2,16,46,3,3,NULL,NULL),(2,16,47,3,3,NULL,NULL),(2,16,48,3,3,NULL,NULL),(2,16,49,3,3,NULL,NULL),(2,16,50,3,3,NULL,NULL),(2,17,1,3,3,NULL,NULL),(2,17,2,3,3,NULL,NULL),(2,17,3,3,3,NULL,NULL),(2,17,4,3,3,NULL,NULL),(2,17,5,5,5,NULL,NULL),(2,17,6,2,2,NULL,NULL),(2,17,7,2,2,NULL,NULL),(2,17,8,2,2,NULL,NULL),(2,17,9,2,2,NULL,NULL),(2,17,10,1,1,NULL,NULL),(2,17,11,18,18,NULL,NULL),(2,17,12,8,2,36,NULL),(2,17,13,8,2,37,NULL),(2,17,14,2,2,NULL,NULL),(2,17,15,5,5,NULL,NULL),(2,17,16,25,25,NULL,NULL),(2,17,17,25,25,NULL,NULL),(2,17,18,25,25,NULL,NULL),(2,17,19,25,25,NULL,NULL),(2,17,20,14,14,NULL,NULL),(2,17,21,14,14,NULL,NULL),(2,17,22,14,14,NULL,NULL),(2,17,23,2,1,NULL,NULL),(2,17,24,2,1,NULL,NULL),(2,17,25,2,1,NULL,NULL),(2,17,26,27,1,17026,NULL),(2,17,27,2,1,NULL,NULL),(2,17,28,1,1,NULL,NULL),(2,17,29,5,1,NULL,NULL),(2,17,30,3,3,NULL,NULL),(2,17,31,3,3,NULL,NULL),(2,17,32,3,3,NULL,NULL),(2,17,33,3,3,NULL,NULL),(2,17,34,3,3,NULL,NULL),(2,17,35,3,3,NULL,NULL),(2,17,36,3,3,NULL,NULL),(2,17,37,3,3,NULL,NULL),(2,17,38,3,3,NULL,NULL),(2,17,39,3,3,NULL,NULL),(2,17,40,3,3,NULL,NULL),(2,17,41,3,3,NULL,NULL),(2,17,42,3,3,NULL,NULL),(2,17,43,3,3,NULL,NULL),(2,17,44,3,3,NULL,NULL),(2,17,45,3,3,NULL,NULL),(2,17,46,3,3,NULL,NULL),(2,17,47,3,3,NULL,NULL),(2,17,48,3,3,NULL,NULL),(2,17,49,3,3,NULL,NULL),(2,17,50,3,3,NULL,NULL),(2,18,1,3,3,NULL,NULL),(2,18,2,3,3,NULL,NULL),(2,18,3,3,3,NULL,NULL),(2,18,4,5,5,NULL,NULL),(2,18,5,5,5,NULL,NULL),(2,18,6,17,17,NULL,NULL),(2,18,7,17,17,NULL,NULL),(2,18,8,8,2,39,NULL),(2,18,9,1,1,NULL,NULL),(2,18,10,1,1,NULL,NULL),(2,18,11,4,4,NULL,NULL),(2,18,12,8,2,38,NULL),(2,18,13,8,2,38,NULL),(2,18,14,17,17,NULL,NULL),(2,18,15,5,5,NULL,NULL),(2,18,16,25,25,NULL,NULL),(2,18,17,25,25,NULL,NULL),(2,18,18,15,15,NULL,NULL),(2,18,19,15,15,NULL,NULL),(2,18,20,15,15,NULL,NULL),(2,18,21,15,15,NULL,NULL),(2,18,22,14,14,NULL,NULL),(2,18,23,14,14,NULL,NULL),(2,18,24,14,14,NULL,NULL),(2,18,25,1,1,NULL,NULL),(2,18,26,2,1,NULL,NULL),(2,18,27,2,1,NULL,NULL),(2,18,28,5,1,NULL,NULL),(2,18,29,3,3,NULL,NULL),(2,18,30,3,3,NULL,NULL),(2,18,31,3,3,NULL,NULL),(2,18,32,3,3,NULL,NULL),(2,18,33,3,3,NULL,NULL),(2,18,34,3,3,NULL,NULL),(2,18,35,3,3,NULL,NULL),(2,18,36,3,3,NULL,NULL),(2,18,37,3,3,NULL,NULL),(2,18,38,3,3,NULL,NULL),(2,18,39,3,3,NULL,NULL),(2,18,40,3,3,NULL,NULL),(2,18,41,3,3,NULL,NULL),(2,18,42,3,3,NULL,NULL),(2,18,43,3,3,NULL,NULL),(2,18,44,3,3,NULL,NULL),(2,18,45,3,3,NULL,NULL),(2,18,46,3,3,NULL,NULL),(2,18,47,3,3,NULL,NULL),(2,18,48,3,3,NULL,NULL),(2,18,49,3,3,NULL,NULL),(2,18,50,3,3,NULL,NULL),(2,19,1,3,3,NULL,NULL),(2,19,2,3,3,NULL,NULL),(2,19,3,3,3,NULL,NULL),(2,19,4,5,5,NULL,NULL),(2,19,5,2,2,NULL,NULL),(2,19,6,16,16,NULL,NULL),(2,19,7,16,16,NULL,NULL),(2,19,8,18,18,NULL,NULL),(2,19,9,1,1,NULL,NULL),(2,19,10,18,18,NULL,NULL),(2,19,11,4,4,NULL,NULL),(2,19,12,4,4,NULL,NULL),(2,19,13,4,4,NULL,NULL),(2,19,14,4,4,NULL,NULL),(2,19,15,4,4,NULL,NULL),(2,19,16,4,4,NULL,NULL),(2,19,17,14,14,NULL,NULL),(2,19,18,15,15,NULL,NULL),(2,19,19,15,15,NULL,NULL),(2,19,20,15,15,NULL,NULL),(2,19,21,25,2,1921,NULL),(2,19,22,15,15,NULL,NULL),(2,19,23,15,15,NULL,NULL),(2,19,24,2,1,NULL,NULL),(2,19,25,2,1,NULL,NULL),(2,19,26,1,1,NULL,NULL),(2,19,27,2,1,NULL,NULL),(2,19,28,5,1,NULL,NULL),(2,19,29,3,3,NULL,NULL),(2,19,30,3,3,NULL,NULL),(2,19,31,3,3,NULL,NULL),(2,19,32,3,3,NULL,NULL),(2,19,33,3,3,NULL,NULL),(2,19,34,3,3,NULL,NULL),(2,19,35,3,3,NULL,NULL),(2,19,36,3,3,NULL,NULL),(2,19,37,3,3,NULL,NULL),(2,19,38,3,3,NULL,NULL),(2,19,39,3,3,NULL,NULL),(2,19,40,3,3,NULL,NULL),(2,19,41,3,3,NULL,NULL),(2,19,42,3,3,NULL,NULL),(2,19,43,3,3,NULL,NULL),(2,19,44,3,3,NULL,NULL),(2,19,45,3,3,NULL,NULL),(2,19,46,3,3,NULL,NULL),(2,19,47,3,3,NULL,NULL),(2,19,48,3,3,NULL,NULL),(2,19,49,3,3,NULL,NULL),(2,19,50,3,3,NULL,NULL),(2,20,1,3,3,NULL,NULL),(2,20,2,3,3,NULL,NULL),(2,20,3,3,3,NULL,NULL),(2,20,4,5,5,NULL,NULL),(2,20,5,5,5,NULL,NULL),(2,20,6,16,16,NULL,NULL),(2,20,7,18,18,NULL,NULL),(2,20,8,18,18,NULL,NULL),(2,20,9,1,1,NULL,NULL),(2,20,10,19,19,NULL,NULL),(2,20,11,18,18,NULL,NULL),(2,20,12,24,2,2012,NULL),(2,20,13,16,16,NULL,NULL),(2,20,14,16,16,NULL,NULL),(2,20,15,22,22,NULL,NULL),(2,20,16,4,4,NULL,NULL),(2,20,17,14,14,NULL,NULL),(2,20,18,14,14,NULL,NULL),(2,20,19,15,15,NULL,NULL),(2,20,20,15,15,NULL,NULL),(2,20,21,15,15,NULL,NULL),(2,20,22,15,15,NULL,NULL),(2,20,23,15,15,NULL,NULL),(2,20,24,2,1,NULL,NULL),(2,20,25,2,1,NULL,NULL),(2,20,26,2,1,NULL,NULL),(2,20,27,2,1,NULL,NULL),(2,20,28,3,3,NULL,NULL),(2,20,29,3,3,NULL,NULL),(2,20,30,3,3,NULL,NULL),(2,20,31,3,3,NULL,NULL),(2,20,32,3,3,NULL,NULL),(2,20,33,3,3,NULL,NULL),(2,20,34,3,3,NULL,NULL),(2,20,35,3,3,NULL,NULL),(2,20,36,3,3,NULL,NULL),(2,20,37,3,3,NULL,NULL),(2,20,38,3,3,NULL,NULL),(2,20,39,3,3,NULL,NULL),(2,20,40,3,3,NULL,NULL),(2,20,41,3,3,NULL,NULL),(2,20,42,3,3,NULL,NULL),(2,20,43,3,3,NULL,NULL),(2,20,44,3,3,NULL,NULL),(2,20,45,3,3,NULL,NULL),(2,20,46,3,3,NULL,NULL),(2,20,47,3,3,NULL,NULL),(2,20,48,3,3,NULL,NULL),(2,20,49,3,3,NULL,NULL),(2,20,50,3,3,NULL,NULL),(2,21,1,3,3,NULL,NULL),(2,21,2,3,3,NULL,NULL),(2,21,3,3,3,NULL,NULL),(2,21,4,3,3,NULL,NULL),(2,21,5,5,5,NULL,NULL),(2,21,6,12,2,40,NULL),(2,21,7,12,2,40,NULL),(2,21,8,18,18,NULL,NULL),(2,21,9,1,1,NULL,NULL),(2,21,10,18,18,NULL,NULL),(2,21,11,18,18,NULL,NULL),(2,21,12,2,2,NULL,NULL),(2,21,13,2,2,NULL,NULL),(2,21,14,2,2,NULL,NULL),(2,21,15,2,2,NULL,NULL),(2,21,16,19,19,NULL,NULL),(2,21,17,4,4,NULL,NULL),(2,21,18,14,14,NULL,NULL),(2,21,19,14,14,NULL,NULL),(2,21,20,15,15,NULL,NULL),(2,21,21,15,15,NULL,NULL),(2,21,22,1,1,NULL,NULL),(2,21,23,2,1,NULL,NULL),(2,21,24,2,1,NULL,NULL),(2,21,25,1,1,NULL,NULL),(2,21,26,5,1,NULL,NULL),(2,21,27,3,3,NULL,NULL),(2,21,28,3,3,NULL,NULL),(2,21,29,3,3,NULL,NULL),(2,21,30,3,3,NULL,NULL),(2,21,31,3,3,NULL,NULL),(2,21,32,3,3,NULL,NULL),(2,21,33,3,3,NULL,NULL),(2,21,34,3,3,NULL,NULL),(2,21,35,3,3,NULL,NULL),(2,21,36,3,3,NULL,NULL),(2,21,37,3,3,NULL,NULL),(2,21,38,3,3,NULL,NULL),(2,21,39,3,3,NULL,NULL),(2,21,40,3,3,NULL,NULL),(2,21,41,3,3,NULL,NULL),(2,21,42,3,3,NULL,NULL),(2,21,43,3,3,NULL,NULL),(2,21,44,3,3,NULL,NULL),(2,21,45,3,3,NULL,NULL),(2,21,46,3,3,NULL,NULL),(2,21,47,3,3,NULL,NULL),(2,21,48,3,3,NULL,NULL),(2,21,49,3,3,NULL,NULL),(2,21,50,3,3,NULL,NULL),(2,22,1,3,3,NULL,NULL),(2,22,2,3,3,NULL,NULL),(2,22,3,3,3,NULL,NULL),(2,22,4,3,3,NULL,NULL),(2,22,5,5,5,NULL,NULL),(2,22,6,8,2,42,NULL),(2,22,7,8,2,41,NULL),(2,22,8,21,2,44,NULL),(2,22,9,1,1,NULL,NULL),(2,22,10,1,1,NULL,NULL),(2,22,11,1,1,NULL,NULL),(2,22,12,2,2,NULL,NULL),(2,22,13,2,2,NULL,NULL),(2,22,14,2,2,NULL,NULL),(2,22,15,4,4,NULL,NULL),(2,22,16,9,2,52,NULL),(2,22,17,4,4,NULL,NULL),(2,22,18,3,3,NULL,NULL),(2,22,19,3,3,NULL,NULL),(2,22,20,5,1,NULL,NULL),(2,22,21,5,1,NULL,NULL),(2,22,22,5,1,NULL,NULL),(2,22,23,5,1,NULL,NULL),(2,22,24,5,1,NULL,NULL),(2,22,25,3,3,NULL,NULL),(2,22,26,3,3,NULL,NULL),(2,22,27,3,3,NULL,NULL),(2,22,28,3,3,NULL,NULL),(2,22,29,3,3,NULL,NULL),(2,22,30,3,3,NULL,NULL),(2,22,31,3,3,NULL,NULL),(2,22,32,3,3,NULL,NULL),(2,22,33,3,3,NULL,NULL),(2,22,34,3,3,NULL,NULL),(2,22,35,3,3,NULL,NULL),(2,22,36,3,3,NULL,NULL),(2,22,37,3,3,NULL,NULL),(2,22,38,3,3,NULL,NULL),(2,22,39,3,3,NULL,NULL),(2,22,40,3,3,NULL,NULL),(2,22,41,3,3,NULL,NULL),(2,22,42,3,3,NULL,NULL),(2,22,43,3,3,NULL,NULL),(2,22,44,3,3,NULL,NULL),(2,22,45,3,3,NULL,NULL),(2,22,46,3,3,NULL,NULL),(2,22,47,3,3,NULL,NULL),(2,22,48,3,3,NULL,NULL),(2,22,49,3,3,NULL,NULL),(2,22,50,3,3,NULL,NULL),(2,23,1,3,3,NULL,NULL),(2,23,2,3,3,NULL,NULL),(2,23,3,3,3,NULL,NULL),(2,23,4,3,3,NULL,NULL),(2,23,5,5,5,NULL,NULL),(2,23,6,8,2,43,NULL),(2,23,7,8,2,41,NULL),(2,23,8,27,2,45,NULL),(2,23,9,2,2,NULL,NULL),(2,23,10,8,2,46,NULL),(2,23,11,20,20,NULL,NULL),(2,23,12,17,17,NULL,NULL),(2,23,13,17,17,NULL,NULL),(2,23,14,5,5,NULL,NULL),(2,23,15,4,4,NULL,NULL),(2,23,16,9,2,52,NULL),(2,23,17,3,3,NULL,NULL),(2,23,18,3,3,NULL,NULL),(2,23,19,3,3,NULL,NULL),(2,23,20,3,3,NULL,NULL),(2,23,21,3,3,NULL,NULL),(2,23,22,3,3,NULL,NULL),(2,23,23,3,3,NULL,NULL),(2,23,24,3,3,NULL,NULL),(2,23,25,3,3,NULL,NULL),(2,23,26,3,3,NULL,NULL),(2,23,27,3,3,NULL,NULL),(2,23,28,3,3,NULL,NULL),(2,23,29,3,3,NULL,NULL),(2,23,30,3,3,NULL,NULL),(2,23,31,3,3,NULL,NULL),(2,23,32,3,3,NULL,NULL),(2,23,33,3,3,NULL,NULL),(2,23,34,3,3,NULL,NULL),(2,23,35,3,3,NULL,NULL),(2,23,36,3,3,NULL,NULL),(2,23,37,3,3,NULL,NULL),(2,23,38,3,3,NULL,NULL),(2,23,39,3,3,NULL,NULL),(2,23,40,3,3,NULL,NULL),(2,23,41,3,3,NULL,NULL),(2,23,42,3,3,NULL,NULL),(2,23,43,3,3,NULL,NULL),(2,23,44,3,3,NULL,NULL),(2,23,45,3,3,NULL,NULL),(2,23,46,3,3,NULL,NULL),(2,23,47,3,3,NULL,NULL),(2,23,48,3,3,NULL,NULL),(2,23,49,3,3,NULL,NULL),(2,23,50,3,3,NULL,NULL),(2,24,1,3,3,NULL,NULL),(2,24,2,3,3,NULL,NULL),(2,24,3,3,3,NULL,NULL),(2,24,4,3,3,NULL,NULL),(2,24,5,3,3,NULL,NULL),(2,24,6,5,5,NULL,NULL),(2,24,7,10,2,51,NULL),(2,24,8,10,2,51,NULL),(2,24,9,10,2,51,NULL),(2,24,10,8,2,47,NULL),(2,24,11,8,2,49,NULL),(2,24,12,16,16,NULL,NULL),(2,24,13,5,5,NULL,NULL),(2,24,14,5,5,NULL,NULL),(2,24,15,3,3,NULL,NULL),(2,24,16,3,3,NULL,NULL),(2,24,17,3,3,NULL,NULL),(2,24,18,3,3,NULL,NULL),(2,24,19,3,3,NULL,NULL),(2,24,20,3,3,NULL,NULL),(2,24,21,3,3,NULL,NULL),(2,24,22,3,3,NULL,NULL),(2,24,23,3,3,NULL,NULL),(2,24,24,3,3,NULL,NULL),(2,24,25,3,3,NULL,NULL),(2,24,26,3,3,NULL,NULL),(2,24,27,3,3,NULL,NULL),(2,24,28,3,3,NULL,NULL),(2,24,29,3,3,NULL,NULL),(2,24,30,3,3,NULL,NULL),(2,24,31,3,3,NULL,NULL),(2,24,32,3,3,NULL,NULL),(2,24,33,3,3,NULL,NULL),(2,24,34,3,3,NULL,NULL),(2,24,35,3,3,NULL,NULL),(2,24,36,3,3,NULL,NULL),(2,24,37,3,3,NULL,NULL),(2,24,38,3,3,NULL,NULL),(2,24,39,3,3,NULL,NULL),(2,24,40,3,3,NULL,NULL),(2,24,41,3,3,NULL,NULL),(2,24,42,3,3,NULL,NULL),(2,24,43,3,3,NULL,NULL),(2,24,44,3,3,NULL,NULL),(2,24,45,3,3,NULL,NULL),(2,24,46,3,3,NULL,NULL),(2,24,47,3,3,NULL,NULL),(2,24,48,3,3,NULL,NULL),(2,24,49,3,3,NULL,NULL),(2,24,50,3,3,NULL,NULL),(2,25,1,3,3,NULL,NULL),(2,25,2,3,3,NULL,NULL),(2,25,3,3,3,NULL,NULL),(2,25,4,3,3,NULL,NULL),(2,25,5,3,3,NULL,NULL),(2,25,6,3,3,NULL,NULL),(2,25,7,10,2,51,NULL),(2,25,8,10,2,51,NULL),(2,25,9,10,2,51,NULL),(2,25,10,8,2,50,NULL),(2,25,11,8,2,49,NULL),(2,25,12,5,5,NULL,NULL),(2,25,13,3,3,NULL,NULL),(2,25,14,3,3,NULL,NULL),(2,25,15,3,3,NULL,NULL),(2,25,16,3,3,NULL,NULL),(2,25,17,3,3,NULL,NULL),(2,25,18,3,3,NULL,NULL),(2,25,19,3,3,NULL,NULL),(2,25,20,3,3,NULL,NULL),(2,25,21,3,3,NULL,NULL),(2,25,22,3,3,NULL,NULL),(2,25,23,3,3,NULL,NULL),(2,25,24,3,3,NULL,NULL),(2,25,25,3,3,NULL,NULL),(2,25,26,3,3,NULL,NULL),(2,25,27,3,3,NULL,NULL),(2,25,28,3,3,NULL,NULL),(2,25,29,3,3,NULL,NULL),(2,25,30,3,3,NULL,NULL),(2,25,31,3,3,NULL,NULL),(2,25,32,3,3,NULL,NULL),(2,25,33,3,3,NULL,NULL),(2,25,34,3,3,NULL,NULL),(2,25,35,3,3,NULL,NULL),(2,25,36,3,3,NULL,NULL),(2,25,37,3,3,NULL,NULL),(2,25,38,3,3,NULL,NULL),(2,25,39,3,3,NULL,NULL),(2,25,40,3,3,NULL,NULL),(2,25,41,3,3,NULL,NULL),(2,25,42,3,3,NULL,NULL),(2,25,43,3,3,NULL,NULL),(2,25,44,3,3,NULL,NULL),(2,25,45,3,3,NULL,NULL),(2,25,46,3,3,NULL,NULL),(2,25,47,3,3,NULL,NULL),(2,25,48,3,3,NULL,NULL),(2,25,49,3,3,NULL,NULL),(2,25,50,3,3,NULL,NULL),(2,26,1,3,3,NULL,NULL),(2,26,2,3,3,NULL,NULL),(2,26,3,3,3,NULL,NULL),(2,26,4,3,3,NULL,NULL),(2,26,5,3,3,NULL,NULL),(2,26,6,3,3,NULL,NULL),(2,26,7,3,3,NULL,NULL),(2,26,8,3,3,NULL,NULL),(2,26,9,3,3,NULL,NULL),(2,26,10,3,3,NULL,NULL),(2,26,11,3,3,NULL,NULL),(2,26,12,3,3,NULL,NULL),(2,26,13,3,3,NULL,NULL),(2,26,14,3,3,NULL,NULL),(2,26,15,3,3,NULL,NULL),(2,26,16,3,3,NULL,NULL),(2,26,17,3,3,NULL,NULL),(2,26,18,3,3,NULL,NULL),(2,26,19,3,3,NULL,NULL),(2,26,20,3,3,NULL,NULL),(2,26,21,3,3,NULL,NULL),(2,26,22,3,3,NULL,NULL),(2,26,23,3,3,NULL,NULL),(2,26,24,3,3,NULL,NULL),(2,26,25,3,3,NULL,NULL),(2,26,26,3,3,NULL,NULL),(2,26,27,3,3,NULL,NULL),(2,26,28,3,3,NULL,NULL),(2,26,29,3,3,NULL,NULL),(2,26,30,3,3,NULL,NULL),(2,26,31,3,3,NULL,NULL),(2,26,32,3,3,NULL,NULL),(2,26,33,3,3,NULL,NULL),(2,26,34,3,3,NULL,NULL),(2,26,35,3,3,NULL,NULL),(2,26,36,3,3,NULL,NULL),(2,26,37,3,3,NULL,NULL),(2,26,38,3,3,NULL,NULL),(2,26,39,3,3,NULL,NULL),(2,26,40,3,3,NULL,NULL),(2,26,41,3,3,NULL,NULL),(2,26,42,3,3,NULL,NULL),(2,26,43,3,3,NULL,NULL),(2,26,44,3,3,NULL,NULL),(2,26,45,3,3,NULL,NULL),(2,26,46,3,3,NULL,NULL),(2,26,47,3,3,NULL,NULL),(2,26,48,3,3,NULL,NULL),(2,26,49,3,3,NULL,NULL),(2,26,50,3,3,NULL,NULL),(2,27,1,3,3,NULL,NULL),(2,27,2,3,3,NULL,NULL),(2,27,3,3,3,NULL,NULL),(2,27,4,3,3,NULL,NULL),(2,27,5,3,3,NULL,NULL),(2,27,6,3,3,NULL,NULL),(2,27,7,3,3,NULL,NULL),(2,27,8,3,3,NULL,NULL),(2,27,9,3,3,NULL,NULL),(2,27,10,3,3,NULL,NULL),(2,27,11,3,3,NULL,NULL),(2,27,12,3,3,NULL,NULL),(2,27,13,3,3,NULL,NULL),(2,27,14,3,3,NULL,NULL),(2,27,15,3,3,NULL,NULL),(2,27,16,3,3,NULL,NULL),(2,27,17,3,3,NULL,NULL),(2,27,18,3,3,NULL,NULL),(2,27,19,3,3,NULL,NULL),(2,27,20,3,3,NULL,NULL),(2,27,21,3,3,NULL,NULL),(2,27,22,3,3,NULL,NULL),(2,27,23,3,3,NULL,NULL),(2,27,24,3,3,NULL,NULL),(2,27,25,3,3,NULL,NULL),(2,27,26,3,3,NULL,NULL),(2,27,27,3,3,NULL,NULL),(2,27,28,3,3,NULL,NULL),(2,27,29,3,3,NULL,NULL),(2,27,30,3,3,NULL,NULL),(2,27,31,3,3,NULL,NULL),(2,27,32,3,3,NULL,NULL),(2,27,33,3,3,NULL,NULL),(2,27,34,3,3,NULL,NULL),(2,27,35,3,3,NULL,NULL),(2,27,36,3,3,NULL,NULL),(2,27,37,3,3,NULL,NULL),(2,27,38,3,3,NULL,NULL),(2,27,39,3,3,NULL,NULL),(2,27,40,3,3,NULL,NULL),(2,27,41,3,3,NULL,NULL),(2,27,42,3,3,NULL,NULL),(2,27,43,3,3,NULL,NULL),(2,27,44,3,3,NULL,NULL),(2,27,45,3,3,NULL,NULL),(2,27,46,3,3,NULL,NULL),(2,27,47,3,3,NULL,NULL),(2,27,48,3,3,NULL,NULL),(2,27,49,3,3,NULL,NULL),(2,27,50,3,3,NULL,NULL),(2,28,1,3,3,NULL,NULL),(2,28,2,3,3,NULL,NULL),(2,28,3,3,3,NULL,NULL),(2,28,4,3,3,NULL,NULL),(2,28,5,3,3,NULL,NULL),(2,28,6,3,3,NULL,NULL),(2,28,7,3,3,NULL,NULL),(2,28,8,3,3,NULL,NULL),(2,28,9,3,3,NULL,NULL),(2,28,10,3,3,NULL,NULL),(2,28,11,3,3,NULL,NULL),(2,28,12,3,3,NULL,NULL),(2,28,13,3,3,NULL,NULL),(2,28,14,3,3,NULL,NULL),(2,28,15,3,3,NULL,NULL),(2,28,16,3,3,NULL,NULL),(2,28,17,3,3,NULL,NULL),(2,28,18,3,3,NULL,NULL),(2,28,19,3,3,NULL,NULL),(2,28,20,3,3,NULL,NULL),(2,28,21,3,3,NULL,NULL),(2,28,22,3,3,NULL,NULL),(2,28,23,3,3,NULL,NULL),(2,28,24,3,3,NULL,NULL),(2,28,25,3,3,NULL,NULL),(2,28,26,3,3,NULL,NULL),(2,28,27,3,3,NULL,NULL),(2,28,28,3,3,NULL,NULL),(2,28,29,3,3,NULL,NULL),(2,28,30,3,3,NULL,NULL),(2,28,31,3,3,NULL,NULL),(2,28,32,3,3,NULL,NULL),(2,28,33,3,3,NULL,NULL),(2,28,34,3,3,NULL,NULL),(2,28,35,3,3,NULL,NULL),(2,28,36,3,3,NULL,NULL),(2,28,37,3,3,NULL,NULL),(2,28,38,3,3,NULL,NULL),(2,28,39,3,3,NULL,NULL),(2,28,40,3,3,NULL,NULL),(2,28,41,3,3,NULL,NULL),(2,28,42,3,3,NULL,NULL),(2,28,43,3,3,NULL,NULL),(2,28,44,3,3,NULL,NULL),(2,28,45,3,3,NULL,NULL),(2,28,46,3,3,NULL,NULL),(2,28,47,3,3,NULL,NULL),(2,28,48,3,3,NULL,NULL),(2,28,49,3,3,NULL,NULL),(2,28,50,3,3,NULL,NULL),(2,29,1,3,3,NULL,NULL),(2,29,2,3,3,NULL,NULL),(2,29,3,3,3,NULL,NULL),(2,29,4,3,3,NULL,NULL),(2,29,5,3,3,NULL,NULL),(2,29,6,3,3,NULL,NULL),(2,29,7,3,3,NULL,NULL),(2,29,8,3,3,NULL,NULL),(2,29,9,3,3,NULL,NULL),(2,29,10,3,3,NULL,NULL),(2,29,11,3,3,NULL,NULL),(2,29,12,3,3,NULL,NULL),(2,29,13,3,3,NULL,NULL),(2,29,14,3,3,NULL,NULL),(2,29,15,3,3,NULL,NULL),(2,29,16,3,3,NULL,NULL),(2,29,17,3,3,NULL,NULL),(2,29,18,3,3,NULL,NULL),(2,29,19,3,3,NULL,NULL),(2,29,20,3,3,NULL,NULL),(2,29,21,3,3,NULL,NULL),(2,29,22,3,3,NULL,NULL),(2,29,23,3,3,NULL,NULL),(2,29,24,3,3,NULL,NULL),(2,29,25,3,3,NULL,NULL),(2,29,26,3,3,NULL,NULL),(2,29,27,3,3,NULL,NULL),(2,29,28,3,3,NULL,NULL),(2,29,29,3,3,NULL,NULL),(2,29,30,3,3,NULL,NULL),(2,29,31,3,3,NULL,NULL),(2,29,32,3,3,NULL,NULL),(2,29,33,3,3,NULL,NULL),(2,29,34,3,3,NULL,NULL),(2,29,35,3,3,NULL,NULL),(2,29,36,3,3,NULL,NULL),(2,29,37,3,3,NULL,NULL),(2,29,38,3,3,NULL,NULL),(2,29,39,3,3,NULL,NULL),(2,29,40,3,3,NULL,NULL),(2,29,41,3,3,NULL,NULL),(2,29,42,3,3,NULL,NULL),(2,29,43,3,3,NULL,NULL),(2,29,44,3,3,NULL,NULL),(2,29,45,3,3,NULL,NULL),(2,29,46,3,3,NULL,NULL),(2,29,47,3,3,NULL,NULL),(2,29,48,3,3,NULL,NULL),(2,29,49,3,3,NULL,NULL),(2,29,50,3,3,NULL,NULL),(2,30,1,3,3,NULL,NULL),(2,30,2,3,3,NULL,NULL),(2,30,3,3,3,NULL,NULL),(2,30,4,3,3,NULL,NULL),(2,30,5,3,3,NULL,NULL),(2,30,6,3,3,NULL,NULL),(2,30,7,3,3,NULL,NULL),(2,30,8,3,3,NULL,NULL),(2,30,9,3,3,NULL,NULL),(2,30,10,3,3,NULL,NULL),(2,30,11,3,3,NULL,NULL),(2,30,12,3,3,NULL,NULL),(2,30,13,3,3,NULL,NULL),(2,30,14,3,3,NULL,NULL),(2,30,15,3,3,NULL,NULL),(2,30,16,3,3,NULL,NULL),(2,30,17,3,3,NULL,NULL),(2,30,18,3,3,NULL,NULL),(2,30,19,3,3,NULL,NULL),(2,30,20,3,3,NULL,NULL),(2,30,21,3,3,NULL,NULL),(2,30,22,3,3,NULL,NULL),(2,30,23,3,3,NULL,NULL),(2,30,24,3,3,NULL,NULL),(2,30,25,3,3,NULL,NULL),(2,30,26,3,3,NULL,NULL),(2,30,27,3,3,NULL,NULL),(2,30,28,3,3,NULL,NULL),(2,30,29,3,3,NULL,NULL),(2,30,30,3,3,NULL,NULL),(2,30,31,3,3,NULL,NULL),(2,30,32,3,3,NULL,NULL),(2,30,33,3,3,NULL,NULL),(2,30,34,3,3,NULL,NULL),(2,30,35,3,3,NULL,NULL),(2,30,36,3,3,NULL,NULL),(2,30,37,3,3,NULL,NULL),(2,30,38,3,3,NULL,NULL),(2,30,39,3,3,NULL,NULL),(2,30,40,3,3,NULL,NULL),(2,30,41,3,3,NULL,NULL),(2,30,42,3,3,NULL,NULL),(2,30,43,3,3,NULL,NULL),(2,30,44,3,3,NULL,NULL),(2,30,45,3,3,NULL,NULL),(2,30,46,3,3,NULL,NULL),(2,30,47,3,3,NULL,NULL),(2,30,48,3,3,NULL,NULL),(2,30,49,3,3,NULL,NULL),(2,30,50,3,3,NULL,NULL),(2,31,1,3,3,NULL,NULL),(2,31,2,3,3,NULL,NULL),(2,31,3,3,3,NULL,NULL),(2,31,4,3,3,NULL,NULL),(2,31,5,3,3,NULL,NULL),(2,31,6,3,3,NULL,NULL),(2,31,7,3,3,NULL,NULL),(2,31,8,3,3,NULL,NULL),(2,31,9,3,3,NULL,NULL),(2,31,10,3,3,NULL,NULL),(2,31,11,3,3,NULL,NULL),(2,31,12,3,3,NULL,NULL),(2,31,13,3,3,NULL,NULL),(2,31,14,3,3,NULL,NULL),(2,31,15,3,3,NULL,NULL),(2,31,16,3,3,NULL,NULL),(2,31,17,3,3,NULL,NULL),(2,31,18,3,3,NULL,NULL),(2,31,19,3,3,NULL,NULL),(2,31,20,3,3,NULL,NULL),(2,31,21,3,3,NULL,NULL),(2,31,22,3,3,NULL,NULL),(2,31,23,3,3,NULL,NULL),(2,31,24,3,3,NULL,NULL),(2,31,25,3,3,NULL,NULL),(2,31,26,3,3,NULL,NULL),(2,31,27,3,3,NULL,NULL),(2,31,28,3,3,NULL,NULL),(2,31,29,3,3,NULL,NULL),(2,31,30,3,3,NULL,NULL),(2,31,31,3,3,NULL,NULL),(2,31,32,3,3,NULL,NULL),(2,31,33,3,3,NULL,NULL),(2,31,34,3,3,NULL,NULL),(2,31,35,3,3,NULL,NULL),(2,31,36,3,3,NULL,NULL),(2,31,37,3,3,NULL,NULL),(2,31,38,3,3,NULL,NULL),(2,31,39,3,3,NULL,NULL),(2,31,40,3,3,NULL,NULL),(2,31,41,3,3,NULL,NULL),(2,31,42,3,3,NULL,NULL),(2,31,43,3,3,NULL,NULL),(2,31,44,3,3,NULL,NULL),(2,31,45,3,3,NULL,NULL),(2,31,46,3,3,NULL,NULL),(2,31,47,3,3,NULL,NULL),(2,31,48,3,3,NULL,NULL),(2,31,49,3,3,NULL,NULL),(2,31,50,3,3,NULL,NULL),(2,32,1,3,3,NULL,NULL),(2,32,2,3,3,NULL,NULL),(2,32,3,3,3,NULL,NULL),(2,32,4,3,3,NULL,NULL),(2,32,5,3,3,NULL,NULL),(2,32,6,3,3,NULL,NULL),(2,32,7,3,3,NULL,NULL),(2,32,8,3,3,NULL,NULL),(2,32,9,3,3,NULL,NULL),(2,32,10,3,3,NULL,NULL),(2,32,11,3,3,NULL,NULL),(2,32,12,3,3,NULL,NULL),(2,32,13,3,3,NULL,NULL),(2,32,14,3,3,NULL,NULL),(2,32,15,3,3,NULL,NULL),(2,32,16,3,3,NULL,NULL),(2,32,17,3,3,NULL,NULL),(2,32,18,3,3,NULL,NULL),(2,32,19,3,3,NULL,NULL),(2,32,20,3,3,NULL,NULL),(2,32,21,3,3,NULL,NULL),(2,32,22,3,3,NULL,NULL),(2,32,23,3,3,NULL,NULL),(2,32,24,3,3,NULL,NULL),(2,32,25,3,3,NULL,NULL),(2,32,26,3,3,NULL,NULL),(2,32,27,3,3,NULL,NULL),(2,32,28,3,3,NULL,NULL),(2,32,30,3,3,NULL,NULL),(2,32,31,3,3,NULL,NULL),(2,32,32,3,3,NULL,NULL),(2,32,33,3,3,NULL,NULL),(2,32,34,3,3,NULL,NULL),(2,32,35,3,3,NULL,NULL),(2,32,36,3,3,NULL,NULL),(2,32,37,3,3,NULL,NULL),(2,32,38,3,3,NULL,NULL),(2,32,39,3,3,NULL,NULL),(2,32,40,3,3,NULL,NULL),(2,32,41,3,3,NULL,NULL),(2,32,42,3,3,NULL,NULL),(2,32,43,3,3,NULL,NULL),(2,32,44,3,3,NULL,NULL),(2,32,45,3,3,NULL,NULL),(2,32,46,3,3,NULL,NULL),(2,32,47,3,3,NULL,NULL),(2,32,48,3,3,NULL,NULL),(2,32,49,3,3,NULL,NULL),(2,32,50,3,3,NULL,NULL),(2,33,1,3,3,NULL,NULL),(2,33,2,3,3,NULL,NULL),(2,33,3,3,3,NULL,NULL),(2,33,4,3,3,NULL,NULL),(2,33,5,3,3,NULL,NULL),(2,33,6,3,3,NULL,NULL),(2,33,7,3,3,NULL,NULL),(2,33,8,3,3,NULL,NULL),(2,33,9,3,3,NULL,NULL),(2,33,10,3,3,NULL,NULL),(2,33,11,3,3,NULL,NULL),(2,33,12,3,3,NULL,NULL),(2,33,13,3,3,NULL,NULL),(2,33,14,3,3,NULL,NULL),(2,33,15,3,3,NULL,NULL),(2,33,16,3,3,NULL,NULL),(2,33,17,3,3,NULL,NULL),(2,33,18,3,3,NULL,NULL),(2,33,19,3,3,NULL,NULL),(2,33,20,3,3,NULL,NULL),(2,33,21,3,3,NULL,NULL),(2,33,22,3,3,NULL,NULL),(2,33,23,3,3,NULL,NULL),(2,33,24,3,3,NULL,NULL),(2,33,25,3,3,NULL,NULL),(2,33,26,3,3,NULL,NULL),(2,33,27,3,3,NULL,NULL),(2,33,28,3,3,NULL,NULL),(2,33,29,3,3,NULL,NULL),(2,33,30,3,3,NULL,NULL),(2,33,31,3,3,NULL,NULL),(2,33,32,3,3,NULL,NULL),(2,33,33,3,3,NULL,NULL),(2,33,34,3,3,NULL,NULL),(2,33,35,3,3,NULL,NULL),(2,33,36,3,3,NULL,NULL),(2,33,37,3,3,NULL,NULL),(2,33,38,3,3,NULL,NULL),(2,33,39,3,3,NULL,NULL),(2,33,40,3,3,NULL,NULL),(2,33,41,3,3,NULL,NULL),(2,33,42,3,3,NULL,NULL),(2,33,43,3,3,NULL,NULL),(2,33,44,3,3,NULL,NULL),(2,33,45,3,3,NULL,NULL),(2,33,46,3,3,NULL,NULL),(2,33,47,3,3,NULL,NULL),(2,33,48,3,3,NULL,NULL),(2,33,49,3,3,NULL,NULL),(2,33,50,3,3,NULL,NULL),(2,34,1,3,3,NULL,NULL),(2,34,2,3,3,NULL,NULL),(2,34,3,3,3,NULL,NULL),(2,34,4,3,3,NULL,NULL),(2,34,5,3,3,NULL,NULL),(2,34,6,3,3,NULL,NULL),(2,34,7,3,3,NULL,NULL),(2,34,8,3,3,NULL,NULL),(2,34,9,3,3,NULL,NULL),(2,34,10,3,3,NULL,NULL),(2,34,11,3,3,NULL,NULL),(2,34,12,3,3,NULL,NULL),(2,34,13,3,3,NULL,NULL),(2,34,14,3,3,NULL,NULL),(2,34,15,3,3,NULL,NULL),(2,34,16,3,3,NULL,NULL),(2,34,17,3,3,NULL,NULL),(2,34,18,3,3,NULL,NULL),(2,34,19,3,3,NULL,NULL),(2,34,20,3,3,NULL,NULL),(2,34,21,3,3,NULL,NULL),(2,34,22,3,3,NULL,NULL),(2,34,23,3,3,NULL,NULL),(2,34,24,3,3,NULL,NULL),(2,34,25,3,3,NULL,NULL),(2,34,26,3,3,NULL,NULL),(2,34,27,3,3,NULL,NULL),(2,34,28,3,3,NULL,NULL),(2,34,29,3,3,NULL,NULL),(2,34,30,3,3,NULL,NULL),(2,34,31,3,3,NULL,NULL),(2,34,32,3,3,NULL,NULL),(2,34,33,3,3,NULL,NULL),(2,34,34,3,3,NULL,NULL),(2,34,35,3,3,NULL,NULL),(2,34,36,3,3,NULL,NULL),(2,34,37,3,3,NULL,NULL),(2,34,38,3,3,NULL,NULL),(2,34,39,3,3,NULL,NULL),(2,34,40,3,3,NULL,NULL),(2,34,41,3,3,NULL,NULL),(2,34,42,3,3,NULL,NULL),(2,34,43,3,3,NULL,NULL),(2,34,44,3,3,NULL,NULL),(2,34,45,3,3,NULL,NULL),(2,34,46,3,3,NULL,NULL),(2,34,47,3,3,NULL,NULL),(2,34,48,3,3,NULL,NULL),(2,34,49,3,3,NULL,NULL),(2,34,50,3,3,NULL,NULL),(2,35,1,3,3,NULL,NULL),(2,35,2,3,3,NULL,NULL),(2,35,3,3,3,NULL,NULL),(2,35,4,3,3,NULL,NULL),(2,35,5,3,3,NULL,NULL),(2,35,6,3,3,NULL,NULL),(2,35,7,3,3,NULL,NULL),(2,35,8,3,3,NULL,NULL),(2,35,9,3,3,NULL,NULL),(2,35,10,3,3,NULL,NULL),(2,35,11,3,3,NULL,NULL),(2,35,12,3,3,NULL,NULL),(2,35,13,3,3,NULL,NULL),(2,35,14,3,3,NULL,NULL),(2,35,15,3,3,NULL,NULL),(2,35,16,3,3,NULL,NULL),(2,35,17,3,3,NULL,NULL),(2,35,18,3,3,NULL,NULL),(2,35,19,3,3,NULL,NULL),(2,35,20,3,3,NULL,NULL),(2,35,21,3,3,NULL,NULL),(2,35,22,3,3,NULL,NULL),(2,35,23,3,3,NULL,NULL),(2,35,24,3,3,NULL,NULL),(2,35,25,3,3,NULL,NULL),(2,35,26,3,3,NULL,NULL),(2,35,27,3,3,NULL,NULL),(2,35,28,3,3,NULL,NULL),(2,35,29,3,3,NULL,NULL),(2,35,30,3,3,NULL,NULL),(2,35,31,3,3,NULL,NULL),(2,35,32,3,3,NULL,NULL),(2,35,33,3,3,NULL,NULL),(2,35,34,3,3,NULL,NULL),(2,35,35,3,3,NULL,NULL),(2,35,36,3,3,NULL,NULL),(2,35,37,3,3,NULL,NULL),(2,35,38,3,3,NULL,NULL),(2,35,39,3,3,NULL,NULL),(2,35,40,3,3,NULL,NULL),(2,35,41,3,3,NULL,NULL),(2,35,42,3,3,NULL,NULL),(2,35,43,3,3,NULL,NULL),(2,35,44,3,3,NULL,NULL),(2,35,45,3,3,NULL,NULL),(2,35,46,3,3,NULL,NULL),(2,35,47,3,3,NULL,NULL),(2,35,48,3,3,NULL,NULL),(2,35,49,3,3,NULL,NULL),(2,35,50,3,3,NULL,NULL),(2,36,1,3,3,NULL,NULL),(2,36,2,3,3,NULL,NULL),(2,36,3,3,3,NULL,NULL),(2,36,4,3,3,NULL,NULL),(2,36,5,3,3,NULL,NULL),(2,36,6,3,3,NULL,NULL),(2,36,7,3,3,NULL,NULL),(2,36,8,3,3,NULL,NULL),(2,36,9,3,3,NULL,NULL),(2,36,10,3,3,NULL,NULL),(2,36,11,3,3,NULL,NULL),(2,36,12,3,3,NULL,NULL),(2,36,13,3,3,NULL,NULL),(2,36,14,3,3,NULL,NULL),(2,36,15,3,3,NULL,NULL),(2,36,16,3,3,NULL,NULL),(2,36,17,3,3,NULL,NULL),(2,36,18,3,3,NULL,NULL),(2,36,19,3,3,NULL,NULL),(2,36,20,3,3,NULL,NULL),(2,36,21,3,3,NULL,NULL),(2,36,22,3,3,NULL,NULL),(2,36,23,3,3,NULL,NULL),(2,36,24,3,3,NULL,NULL),(2,36,25,3,3,NULL,NULL),(2,36,26,3,3,NULL,NULL),(2,36,27,3,3,NULL,NULL),(2,36,28,3,3,NULL,NULL),(2,36,29,3,3,NULL,NULL),(2,36,30,3,3,NULL,NULL),(2,36,31,3,3,NULL,NULL),(2,36,32,3,3,NULL,NULL),(2,36,33,3,3,NULL,NULL),(2,36,34,3,3,NULL,NULL),(2,36,35,3,3,NULL,NULL),(2,36,36,3,3,NULL,NULL),(2,36,37,3,3,NULL,NULL),(2,36,38,3,3,NULL,NULL),(2,36,39,3,3,NULL,NULL),(2,36,40,3,3,NULL,NULL),(2,36,41,3,3,NULL,NULL),(2,36,42,3,3,NULL,NULL),(2,36,43,3,3,NULL,NULL),(2,36,44,3,3,NULL,NULL),(2,36,45,3,3,NULL,NULL),(2,36,46,3,3,NULL,NULL),(2,36,47,3,3,NULL,NULL),(2,36,48,3,3,NULL,NULL),(2,36,49,3,3,NULL,NULL),(2,36,50,3,3,NULL,NULL),(2,37,1,3,3,NULL,NULL),(2,37,2,3,3,NULL,NULL),(2,37,3,3,3,NULL,NULL),(2,37,4,3,3,NULL,NULL),(2,37,5,3,3,NULL,NULL),(2,37,6,3,3,NULL,NULL),(2,37,7,3,3,NULL,NULL),(2,37,8,3,3,NULL,NULL),(2,37,9,3,3,NULL,NULL),(2,37,10,3,3,NULL,NULL),(2,37,11,3,3,NULL,NULL),(2,37,12,3,3,NULL,NULL),(2,37,13,3,3,NULL,NULL),(2,37,14,3,3,NULL,NULL),(2,37,15,3,3,NULL,NULL),(2,37,16,3,3,NULL,NULL),(2,37,17,3,3,NULL,NULL),(2,37,18,3,3,NULL,NULL),(2,37,19,3,3,NULL,NULL),(2,37,20,3,3,NULL,NULL),(2,37,21,3,3,NULL,NULL),(2,37,22,3,3,NULL,NULL),(2,37,23,3,3,NULL,NULL),(2,37,24,3,3,NULL,NULL),(2,37,25,3,3,NULL,NULL),(2,37,26,3,3,NULL,NULL),(2,37,27,3,3,NULL,NULL),(2,37,28,3,3,NULL,NULL),(2,37,29,3,3,NULL,NULL),(2,37,30,3,3,NULL,NULL),(2,37,31,3,3,NULL,NULL),(2,37,32,3,3,NULL,NULL),(2,37,33,3,3,NULL,NULL),(2,37,34,3,3,NULL,NULL),(2,37,35,3,3,NULL,NULL),(2,37,36,3,3,NULL,NULL),(2,37,37,3,3,NULL,NULL),(2,37,38,3,3,NULL,NULL),(2,37,39,3,3,NULL,NULL),(2,37,40,3,3,NULL,NULL),(2,37,41,3,3,NULL,NULL),(2,37,42,3,3,NULL,NULL),(2,37,43,3,3,NULL,NULL),(2,37,44,3,3,NULL,NULL),(2,37,45,3,3,NULL,NULL),(2,37,46,3,3,NULL,NULL),(2,37,47,3,3,NULL,NULL),(2,37,48,3,3,NULL,NULL),(2,37,49,3,3,NULL,NULL),(2,37,50,3,3,NULL,NULL),(2,38,1,3,3,NULL,NULL),(2,38,2,3,3,NULL,NULL),(2,38,3,3,3,NULL,NULL),(2,38,4,3,3,NULL,NULL),(2,38,5,3,3,NULL,NULL),(2,38,6,3,3,NULL,NULL),(2,38,7,3,3,NULL,NULL),(2,38,8,3,3,NULL,NULL),(2,38,9,3,3,NULL,NULL),(2,38,10,3,3,NULL,NULL),(2,38,11,3,3,NULL,NULL),(2,38,12,3,3,NULL,NULL),(2,38,13,3,3,NULL,NULL),(2,38,14,3,3,NULL,NULL),(2,38,15,3,3,NULL,NULL),(2,38,16,3,3,NULL,NULL),(2,38,17,3,3,NULL,NULL),(2,38,18,3,3,NULL,NULL),(2,38,19,3,3,NULL,NULL),(2,38,20,3,3,NULL,NULL),(2,38,21,3,3,NULL,NULL),(2,38,22,3,3,NULL,NULL),(2,38,23,3,3,NULL,NULL),(2,38,24,3,3,NULL,NULL),(2,38,25,3,3,NULL,NULL),(2,38,26,3,3,NULL,NULL),(2,38,27,3,3,NULL,NULL),(2,38,28,3,3,NULL,NULL),(2,38,29,3,3,NULL,NULL),(2,38,30,3,3,NULL,NULL),(2,38,31,3,3,NULL,NULL),(2,38,32,3,3,NULL,NULL),(2,38,33,3,3,NULL,NULL),(2,38,34,3,3,NULL,NULL),(2,38,35,3,3,NULL,NULL),(2,38,36,3,3,NULL,NULL),(2,38,37,3,3,NULL,NULL),(2,38,38,3,3,NULL,NULL),(2,38,39,3,3,NULL,NULL),(2,38,40,3,3,NULL,NULL),(2,38,41,3,3,NULL,NULL),(2,38,42,3,3,NULL,NULL),(2,38,43,3,3,NULL,NULL),(2,38,44,3,3,NULL,NULL),(2,38,45,3,3,NULL,NULL),(2,38,46,3,3,NULL,NULL),(2,38,47,3,3,NULL,NULL),(2,38,48,3,3,NULL,NULL),(2,38,49,3,3,NULL,NULL),(2,38,50,3,3,NULL,NULL),(2,39,1,3,3,NULL,NULL),(2,39,2,3,3,NULL,NULL),(2,39,3,3,3,NULL,NULL),(2,39,4,3,3,NULL,NULL),(2,39,5,3,3,NULL,NULL),(2,39,6,3,3,NULL,NULL),(2,39,7,3,3,NULL,NULL),(2,39,8,3,3,NULL,NULL),(2,39,9,3,3,NULL,NULL),(2,39,10,3,3,NULL,NULL),(2,39,11,3,3,NULL,NULL),(2,39,12,3,3,NULL,NULL),(2,39,13,3,3,NULL,NULL),(2,39,14,3,3,NULL,NULL),(2,39,15,3,3,NULL,NULL),(2,39,16,3,3,NULL,NULL),(2,39,17,3,3,NULL,NULL),(2,39,18,3,3,NULL,NULL),(2,39,19,3,3,NULL,NULL),(2,39,20,3,3,NULL,NULL),(2,39,21,3,3,NULL,NULL),(2,39,22,3,3,NULL,NULL),(2,39,23,3,3,NULL,NULL),(2,39,24,3,3,NULL,NULL),(2,39,25,3,3,NULL,NULL),(2,39,26,3,3,NULL,NULL),(2,39,27,3,3,NULL,NULL),(2,39,28,3,3,NULL,NULL),(2,39,29,3,3,NULL,NULL),(2,39,30,3,3,NULL,NULL),(2,39,31,3,3,NULL,NULL),(2,39,32,3,3,NULL,NULL),(2,39,33,3,3,NULL,NULL),(2,39,34,3,3,NULL,NULL),(2,39,35,3,3,NULL,NULL),(2,39,36,3,3,NULL,NULL),(2,39,37,3,3,NULL,NULL),(2,39,38,3,3,NULL,NULL),(2,39,39,3,3,NULL,NULL),(2,39,40,3,3,NULL,NULL),(2,39,41,3,3,NULL,NULL),(2,39,42,3,3,NULL,NULL),(2,39,43,3,3,NULL,NULL),(2,39,44,3,3,NULL,NULL),(2,39,45,3,3,NULL,NULL),(2,39,46,3,3,NULL,NULL),(2,39,47,3,3,NULL,NULL),(2,39,48,3,3,NULL,NULL),(2,39,49,3,3,NULL,NULL),(2,39,50,3,3,NULL,NULL),(2,40,1,3,3,NULL,NULL),(2,40,2,3,3,NULL,NULL),(2,40,3,3,3,NULL,NULL),(2,40,4,3,3,NULL,NULL),(2,40,5,3,3,NULL,NULL),(2,40,6,3,3,NULL,NULL),(2,40,7,3,3,NULL,NULL),(2,40,8,3,3,NULL,NULL),(2,40,9,3,3,NULL,NULL),(2,40,10,3,3,NULL,NULL),(2,40,11,3,3,NULL,NULL),(2,40,12,3,3,NULL,NULL),(2,40,13,3,3,NULL,NULL),(2,40,14,3,3,NULL,NULL),(2,40,15,3,3,NULL,NULL),(2,40,16,3,3,NULL,NULL),(2,40,17,3,3,NULL,NULL),(2,40,18,3,3,NULL,NULL),(2,40,19,3,3,NULL,NULL),(2,40,20,3,3,NULL,NULL),(2,40,21,3,3,NULL,NULL),(2,40,22,3,3,NULL,NULL),(2,40,23,3,3,NULL,NULL),(2,40,24,3,3,NULL,NULL),(2,40,25,3,3,NULL,NULL),(2,40,26,3,3,NULL,NULL),(2,40,27,3,3,NULL,NULL),(2,40,28,3,3,NULL,NULL),(2,40,29,3,3,NULL,NULL),(2,40,30,3,3,NULL,NULL),(2,40,31,3,3,NULL,NULL),(2,40,32,3,3,NULL,NULL),(2,40,33,3,3,NULL,NULL),(2,40,34,3,3,NULL,NULL),(2,40,35,3,3,NULL,NULL),(2,40,36,3,3,NULL,NULL),(2,40,37,3,3,NULL,NULL),(2,40,38,3,3,NULL,NULL),(2,40,39,3,3,NULL,NULL),(2,40,40,3,3,NULL,NULL),(2,40,41,3,3,NULL,NULL),(2,40,42,3,3,NULL,NULL),(2,40,43,3,3,NULL,NULL),(2,40,44,3,3,NULL,NULL),(2,40,45,3,3,NULL,NULL),(2,40,46,3,3,NULL,NULL),(2,40,47,3,3,NULL,NULL),(2,40,48,3,3,NULL,NULL),(2,40,49,3,3,NULL,NULL),(2,40,50,3,3,NULL,NULL),(2,41,1,3,3,NULL,NULL),(2,41,2,3,3,NULL,NULL),(2,41,3,3,3,NULL,NULL),(2,41,4,3,3,NULL,NULL),(2,41,5,3,3,NULL,NULL),(2,41,6,3,3,NULL,NULL),(2,41,7,3,3,NULL,NULL),(2,41,8,3,3,NULL,NULL),(2,41,9,3,3,NULL,NULL),(2,41,10,3,3,NULL,NULL),(2,41,11,3,3,NULL,NULL),(2,41,12,3,3,NULL,NULL),(2,41,13,3,3,NULL,NULL),(2,41,14,3,3,NULL,NULL),(2,41,15,3,3,NULL,NULL),(2,41,16,3,3,NULL,NULL),(2,41,17,3,3,NULL,NULL),(2,41,18,3,3,NULL,NULL),(2,41,19,3,3,NULL,NULL),(2,41,20,3,3,NULL,NULL),(2,41,21,3,3,NULL,NULL),(2,41,22,3,3,NULL,NULL),(2,41,23,3,3,NULL,NULL),(2,41,24,3,3,NULL,NULL),(2,41,25,3,3,NULL,NULL),(2,41,26,3,3,NULL,NULL),(2,41,27,3,3,NULL,NULL),(2,41,28,3,3,NULL,NULL),(2,41,29,3,3,NULL,NULL),(2,41,30,3,3,NULL,NULL),(2,41,31,3,3,NULL,NULL),(2,41,32,3,3,NULL,NULL),(2,41,33,3,3,NULL,NULL),(2,41,34,3,3,NULL,NULL),(2,41,35,3,3,NULL,NULL),(2,41,36,3,3,NULL,NULL),(2,41,37,3,3,NULL,NULL),(2,41,38,3,3,NULL,NULL),(2,41,39,3,3,NULL,NULL),(2,41,40,3,3,NULL,NULL),(2,41,41,3,3,NULL,NULL),(2,41,42,3,3,NULL,NULL),(2,41,43,3,3,NULL,NULL),(2,41,44,3,3,NULL,NULL),(2,41,45,3,3,NULL,NULL),(2,41,46,3,3,NULL,NULL),(2,41,47,3,3,NULL,NULL),(2,41,48,3,3,NULL,NULL),(2,41,49,3,3,NULL,NULL),(2,41,50,3,3,NULL,NULL),(2,42,1,3,3,NULL,NULL),(2,42,2,3,3,NULL,NULL),(2,42,3,3,3,NULL,NULL),(2,42,4,3,3,NULL,NULL),(2,42,5,3,3,NULL,NULL),(2,42,6,3,3,NULL,NULL),(2,42,7,3,3,NULL,NULL),(2,42,8,3,3,NULL,NULL),(3,48,7,3,3,NULL,NULL),(3,48,6,3,3,NULL,NULL),(3,48,5,3,3,NULL,NULL),(3,48,4,3,3,NULL,NULL),(3,48,3,3,3,NULL,NULL),(3,48,2,3,3,NULL,NULL),(3,48,1,3,3,NULL,NULL),(3,47,50,8,2,4750,NULL),(3,47,49,14,14,NULL,NULL),(3,47,48,17,17,NULL,NULL),(3,47,47,8,2,4747,NULL),(3,47,46,17,17,NULL,NULL),(3,47,45,16,16,NULL,NULL),(3,47,44,1,1,NULL,NULL),(3,47,43,14,14,NULL,NULL),(3,47,42,2,2,NULL,NULL),(3,47,41,5,5,NULL,NULL),(3,47,40,3,3,NULL,NULL),(3,47,39,3,3,NULL,NULL),(3,47,38,3,3,NULL,NULL),(3,47,37,3,3,NULL,NULL),(3,47,36,3,3,NULL,NULL),(3,47,35,3,3,NULL,NULL),(3,47,34,3,3,NULL,NULL),(3,47,33,3,3,NULL,NULL),(3,47,32,3,3,NULL,NULL),(3,47,31,3,3,NULL,NULL),(3,47,30,3,3,NULL,NULL),(3,47,29,3,3,NULL,NULL),(3,47,28,3,3,NULL,NULL),(3,47,27,3,3,NULL,NULL),(3,47,26,3,3,NULL,NULL),(3,47,25,3,3,NULL,NULL),(3,47,24,3,3,NULL,NULL),(3,47,23,3,3,NULL,NULL),(3,47,22,3,3,NULL,NULL),(3,47,21,3,3,NULL,NULL),(3,47,20,3,3,NULL,NULL),(3,47,19,3,3,NULL,NULL),(3,47,18,3,3,NULL,NULL),(3,47,17,3,3,NULL,NULL),(3,47,16,3,3,NULL,NULL),(3,47,15,3,3,NULL,NULL),(3,47,14,3,3,NULL,NULL),(3,47,13,3,3,NULL,NULL),(3,47,12,3,3,NULL,NULL),(3,47,11,3,3,NULL,NULL),(3,47,10,3,3,NULL,NULL),(3,47,9,3,3,NULL,NULL),(3,47,8,3,3,NULL,NULL),(3,47,7,3,3,NULL,NULL),(3,47,6,3,3,NULL,NULL),(3,47,5,3,3,NULL,NULL),(3,47,4,3,3,NULL,NULL),(3,47,3,3,3,NULL,NULL),(3,47,2,3,3,NULL,NULL),(3,47,1,3,3,NULL,NULL),(3,46,50,2,2,NULL,NULL),(3,46,49,17,17,NULL,NULL),(3,46,48,8,2,4648,NULL),(3,46,47,16,16,NULL,NULL),(3,46,46,16,16,NULL,NULL),(3,46,45,14,14,NULL,NULL),(3,46,44,8,2,4644,NULL),(3,46,43,14,14,NULL,NULL),(3,46,42,2,2,NULL,NULL),(3,46,41,5,5,NULL,NULL),(3,46,40,3,3,NULL,NULL),(3,46,39,3,3,NULL,NULL),(3,46,38,3,3,NULL,NULL),(3,46,37,3,3,NULL,NULL),(3,46,36,3,3,NULL,NULL),(3,46,35,3,3,NULL,NULL),(3,46,34,3,3,NULL,NULL),(3,46,33,3,3,NULL,NULL),(3,46,32,3,3,NULL,NULL),(3,46,31,3,3,NULL,NULL),(3,46,30,3,3,NULL,NULL),(3,46,29,3,3,NULL,NULL),(3,46,28,3,3,NULL,NULL),(3,46,27,3,3,NULL,NULL),(3,46,26,3,3,NULL,NULL),(3,46,25,3,3,NULL,NULL),(3,46,24,3,3,NULL,NULL),(3,46,23,3,3,NULL,NULL),(3,46,22,3,3,NULL,NULL),(3,46,21,3,3,NULL,NULL),(3,46,20,3,3,NULL,NULL),(3,46,19,3,3,NULL,NULL),(3,46,18,3,3,NULL,NULL),(3,46,17,3,3,NULL,NULL),(3,46,16,3,3,NULL,NULL),(3,46,15,5,5,NULL,NULL),(3,46,14,5,5,NULL,NULL),(3,46,13,3,3,NULL,NULL),(3,46,12,3,3,NULL,NULL),(3,46,11,3,3,NULL,NULL),(3,46,10,3,3,NULL,NULL),(3,46,9,3,3,NULL,NULL),(3,46,8,3,3,NULL,NULL),(3,46,7,3,3,NULL,NULL),(3,46,6,3,3,NULL,NULL),(3,46,5,3,3,NULL,NULL),(3,46,4,3,3,NULL,NULL),(3,46,3,3,3,NULL,NULL),(3,46,2,3,3,NULL,NULL),(3,46,1,3,3,NULL,NULL),(3,45,50,1,1,NULL,NULL),(3,45,49,8,2,4549,NULL),(3,45,48,16,16,NULL,NULL),(3,45,47,18,18,NULL,NULL),(3,45,46,18,18,NULL,NULL),(3,45,45,18,18,NULL,NULL),(3,45,44,18,18,NULL,NULL),(3,45,43,18,18,NULL,NULL),(3,45,42,4,4,NULL,NULL),(3,45,41,4,4,NULL,NULL),(3,45,40,3,3,NULL,NULL),(3,45,39,3,3,NULL,NULL),(3,45,38,3,3,NULL,NULL),(3,45,37,3,3,NULL,NULL),(3,45,36,3,3,NULL,NULL),(3,45,35,3,3,NULL,NULL),(3,45,34,3,3,NULL,NULL),(3,45,33,3,3,NULL,NULL),(3,45,32,3,3,NULL,NULL),(3,45,31,3,3,NULL,NULL),(3,45,30,3,3,NULL,NULL),(3,45,29,3,3,NULL,NULL),(3,45,28,3,3,NULL,NULL),(3,45,27,3,3,NULL,NULL),(3,45,26,3,3,NULL,NULL),(3,45,25,3,3,NULL,NULL),(3,45,24,3,3,NULL,NULL),(3,45,23,3,3,NULL,NULL),(3,45,22,3,3,NULL,NULL),(3,45,21,3,3,NULL,NULL),(3,45,20,3,3,NULL,NULL),(3,45,19,3,3,NULL,NULL),(3,45,18,3,3,NULL,NULL),(3,45,17,3,3,NULL,NULL),(3,45,16,5,5,NULL,NULL),(3,45,15,5,5,NULL,NULL),(3,45,14,2,2,NULL,NULL),(3,45,13,5,5,NULL,NULL),(3,45,12,5,5,NULL,NULL),(3,45,11,3,3,NULL,NULL),(3,45,10,3,3,NULL,NULL),(3,45,9,3,3,NULL,NULL),(3,45,8,3,3,NULL,NULL),(3,45,7,3,3,NULL,NULL),(3,45,6,3,3,NULL,NULL),(3,45,5,3,3,NULL,NULL),(3,45,4,3,3,NULL,NULL),(3,45,3,3,3,NULL,NULL),(3,45,2,3,3,NULL,NULL),(3,45,1,3,3,NULL,NULL),(3,44,50,14,14,NULL,NULL),(3,44,49,14,14,NULL,NULL),(3,44,48,18,18,NULL,NULL),(3,44,47,18,18,NULL,NULL),(3,44,46,4,4,NULL,NULL),(3,44,45,4,4,NULL,NULL),(3,44,44,4,4,NULL,NULL),(3,44,43,4,4,NULL,NULL),(3,44,42,6,6,NULL,NULL),(3,44,41,6,6,NULL,NULL),(3,44,40,6,6,NULL,NULL),(3,44,39,3,3,NULL,NULL),(3,44,38,3,3,NULL,NULL),(3,44,37,3,3,NULL,NULL),(3,44,36,3,3,NULL,NULL),(3,44,35,3,3,NULL,NULL),(3,44,34,3,3,NULL,NULL),(3,44,33,3,3,NULL,NULL),(3,44,32,3,3,NULL,NULL),(3,44,31,3,3,NULL,NULL),(3,44,30,3,3,NULL,NULL),(3,44,29,3,3,NULL,NULL),(3,44,28,3,3,NULL,NULL),(3,44,27,3,3,NULL,NULL),(3,44,26,3,3,NULL,NULL),(3,44,25,3,3,NULL,NULL),(3,44,24,3,3,NULL,NULL),(3,44,23,3,3,NULL,NULL),(3,44,22,3,3,NULL,NULL),(3,44,21,3,3,NULL,NULL),(3,44,20,3,3,NULL,NULL),(3,44,19,3,3,NULL,NULL),(3,44,18,3,3,NULL,NULL),(3,44,17,5,5,NULL,NULL),(3,44,16,5,5,NULL,NULL),(3,44,15,2,2,NULL,NULL),(3,44,14,2,2,NULL,NULL),(3,44,13,2,2,NULL,NULL),(3,44,12,5,5,NULL,NULL),(3,44,11,5,5,NULL,NULL),(3,44,10,5,5,NULL,NULL),(3,44,9,3,3,NULL,NULL),(3,44,8,3,3,NULL,NULL),(3,44,7,3,3,NULL,NULL),(3,44,6,3,3,NULL,NULL),(3,44,5,3,3,NULL,NULL),(3,44,4,3,3,NULL,NULL),(3,44,3,3,3,NULL,NULL),(3,44,2,3,3,NULL,NULL),(3,44,1,3,3,NULL,NULL),(3,43,50,14,14,NULL,NULL),(3,43,49,15,15,NULL,NULL),(3,43,48,18,18,NULL,NULL),(3,43,47,4,4,NULL,NULL),(3,43,46,4,4,NULL,NULL),(3,43,45,4,4,NULL,NULL),(3,43,44,19,19,NULL,NULL),(3,43,43,6,6,NULL,NULL),(3,43,42,4,4,NULL,NULL),(3,43,41,4,4,NULL,NULL),(3,43,40,3,3,NULL,NULL),(3,43,39,3,3,NULL,NULL),(3,43,38,3,3,NULL,NULL),(3,43,37,3,3,NULL,NULL),(3,43,36,3,3,NULL,NULL),(3,43,35,3,3,NULL,NULL),(3,43,34,3,3,NULL,NULL),(3,43,33,3,3,NULL,NULL),(3,43,32,3,3,NULL,NULL),(3,43,31,3,3,NULL,NULL),(3,43,30,3,3,NULL,NULL),(3,43,29,3,3,NULL,NULL),(3,43,28,3,3,NULL,NULL),(3,43,27,3,3,NULL,NULL),(3,43,26,3,3,NULL,NULL),(3,43,25,3,3,NULL,NULL),(3,43,24,3,3,NULL,NULL),(3,43,23,3,3,NULL,NULL),(3,43,22,3,3,NULL,NULL),(3,43,21,3,3,NULL,NULL),(3,43,20,3,3,NULL,NULL),(3,43,19,5,5,NULL,NULL),(3,43,18,5,5,NULL,NULL),(3,43,17,5,5,NULL,NULL),(3,43,16,2,2,NULL,NULL),(3,43,15,8,2,11,NULL),(3,43,14,12,2,10,NULL),(3,43,13,8,2,9,NULL),(3,43,12,2,2,NULL,NULL),(3,43,11,2,2,NULL,NULL),(3,43,10,3,3,NULL,NULL),(3,43,9,3,3,NULL,NULL),(3,43,8,3,3,NULL,NULL),(3,43,7,3,3,NULL,NULL),(3,43,6,3,3,NULL,NULL),(3,43,5,3,3,NULL,NULL),(3,43,4,3,3,NULL,NULL),(3,43,3,3,3,NULL,NULL),(3,43,2,3,3,NULL,NULL),(3,43,1,3,3,NULL,NULL),(3,42,50,15,15,NULL,NULL),(3,42,49,15,15,NULL,NULL),(3,42,48,18,18,NULL,NULL),(3,42,47,18,18,NULL,NULL),(3,42,46,4,4,NULL,NULL),(3,42,45,6,6,NULL,NULL),(3,42,44,7,7,NULL,NULL),(3,42,43,9,2,4243,NULL),(3,42,42,4,4,NULL,NULL),(3,42,41,4,4,NULL,NULL),(3,42,40,5,5,NULL,NULL),(3,42,39,3,3,NULL,NULL),(3,42,38,3,3,NULL,NULL),(3,42,37,3,3,NULL,NULL),(3,42,36,3,3,NULL,NULL),(3,42,35,3,3,NULL,NULL),(3,42,34,3,3,NULL,NULL),(3,42,33,3,3,NULL,NULL),(3,42,32,3,3,NULL,NULL),(3,42,31,3,3,NULL,NULL),(3,42,30,3,3,NULL,NULL),(3,42,29,3,3,NULL,NULL),(3,42,28,3,3,NULL,NULL),(3,42,27,3,3,NULL,NULL),(3,42,26,3,3,NULL,NULL),(3,42,25,3,3,NULL,NULL),(3,42,24,3,3,NULL,NULL),(3,42,23,3,3,NULL,NULL),(3,42,22,3,3,NULL,NULL),(3,42,21,3,3,NULL,NULL),(3,42,20,5,5,NULL,NULL),(3,42,19,5,5,NULL,NULL),(3,42,18,2,2,NULL,NULL),(3,42,17,2,2,NULL,NULL),(3,42,16,11,2,12,NULL),(3,42,15,2,2,NULL,NULL),(3,42,14,1,1,NULL,NULL),(3,42,13,2,2,NULL,NULL),(3,42,12,8,2,8,NULL),(3,42,11,3,3,NULL,NULL),(3,42,10,3,3,NULL,NULL),(3,42,9,3,3,NULL,NULL),(3,42,8,2,2,NULL,NULL),(3,42,7,2,2,NULL,NULL),(3,42,6,3,3,NULL,NULL),(3,42,5,3,3,NULL,NULL),(3,42,4,3,3,NULL,NULL),(3,42,3,3,3,NULL,NULL),(3,42,2,3,3,NULL,NULL),(3,42,1,3,3,NULL,NULL),(3,41,50,15,15,NULL,NULL),(3,41,49,15,15,NULL,NULL),(3,41,48,15,15,NULL,NULL),(3,41,47,18,18,NULL,NULL),(3,41,46,4,4,NULL,NULL),(3,41,45,6,6,NULL,NULL),(3,41,44,6,6,NULL,NULL),(3,41,43,19,19,NULL,NULL),(3,41,42,4,4,NULL,NULL),(3,41,41,18,18,NULL,NULL),(3,41,40,18,18,NULL,NULL),(3,41,39,5,5,NULL,NULL),(3,41,38,3,3,NULL,NULL),(3,41,37,3,3,NULL,NULL),(3,41,36,3,3,NULL,NULL),(3,41,35,3,3,NULL,NULL),(3,41,34,3,3,NULL,NULL),(3,41,33,3,3,NULL,NULL),(3,41,32,3,3,NULL,NULL),(3,41,31,3,3,NULL,NULL),(3,41,30,3,3,NULL,NULL),(3,41,29,3,3,NULL,NULL),(3,41,28,3,3,NULL,NULL),(3,41,27,3,3,NULL,NULL),(3,41,26,3,3,NULL,NULL),(3,41,25,3,3,NULL,NULL),(3,41,24,3,3,NULL,NULL),(3,41,23,3,3,NULL,NULL),(3,41,22,3,3,NULL,NULL),(3,41,21,5,5,NULL,NULL),(3,41,20,5,5,NULL,NULL),(3,41,19,10,2,16,NULL),(3,41,18,10,2,16,NULL),(3,41,17,2,2,NULL,NULL),(3,41,16,8,2,12,NULL),(3,41,15,8,2,12,NULL),(3,41,14,1,1,NULL,NULL),(3,41,13,2,2,NULL,NULL),(3,41,12,8,2,8,NULL),(3,41,11,2,2,NULL,NULL),(3,41,10,3,3,NULL,NULL),(3,41,9,3,3,NULL,NULL),(3,41,8,11,2,7,NULL),(3,41,7,5,5,NULL,NULL),(3,41,6,3,3,NULL,NULL),(3,41,5,3,3,NULL,NULL),(3,41,4,3,3,NULL,NULL),(3,41,3,3,3,NULL,NULL),(3,41,2,3,3,NULL,NULL),(3,41,1,3,3,NULL,NULL),(3,40,50,15,15,NULL,NULL),(3,40,49,14,14,NULL,NULL),(3,40,48,15,15,NULL,NULL),(3,40,47,14,14,NULL,NULL),(3,40,46,18,18,NULL,NULL),(3,40,45,4,4,NULL,NULL),(3,40,44,4,4,NULL,NULL),(3,40,43,4,4,NULL,NULL),(3,40,42,18,18,NULL,NULL),(3,40,41,18,18,NULL,NULL),(3,40,40,14,14,NULL,NULL),(3,40,39,14,14,NULL,NULL),(3,40,38,5,5,NULL,NULL),(3,40,37,3,3,NULL,NULL),(3,40,36,3,3,NULL,NULL),(3,40,35,3,3,NULL,NULL),(3,40,34,3,3,NULL,NULL),(3,40,33,3,3,NULL,NULL),(3,40,32,3,3,NULL,NULL),(3,40,31,3,3,NULL,NULL),(3,40,30,3,3,NULL,NULL),(3,40,29,3,3,NULL,NULL),(3,40,28,3,3,NULL,NULL),(3,40,27,3,3,NULL,NULL),(3,40,26,3,3,NULL,NULL),(3,40,25,3,3,NULL,NULL),(3,40,24,3,3,NULL,NULL),(3,40,23,3,3,NULL,NULL),(3,40,22,3,3,NULL,NULL),(3,40,21,5,5,NULL,NULL),(3,40,20,20,2,16,NULL),(3,40,19,10,2,16,NULL),(3,40,18,2,2,NULL,NULL),(3,40,17,1,1,NULL,NULL),(3,40,16,1,1,NULL,NULL),(3,40,15,1,1,NULL,NULL),(3,40,14,1,1,NULL,NULL),(3,40,13,21,2,4013,NULL),(3,40,12,2,2,NULL,NULL),(3,40,11,1,1,NULL,NULL),(3,40,10,8,2,6,NULL),(3,40,9,8,2,6,NULL),(3,40,8,11,2,7,NULL),(3,40,7,5,5,NULL,NULL),(3,40,6,3,3,NULL,NULL),(3,40,5,3,3,NULL,NULL),(3,40,4,3,3,NULL,NULL),(3,40,3,3,3,NULL,NULL),(3,40,2,3,3,NULL,NULL),(3,40,1,3,3,NULL,NULL),(3,39,50,14,14,NULL,NULL),(3,39,49,15,15,NULL,NULL),(3,39,48,15,15,NULL,NULL),(3,39,47,14,14,NULL,NULL),(3,39,46,18,18,NULL,NULL),(3,39,45,18,18,NULL,NULL),(3,39,44,4,4,NULL,NULL),(3,39,43,18,18,NULL,NULL),(3,39,42,18,18,NULL,NULL),(3,39,41,14,14,NULL,NULL),(3,39,40,13,13,NULL,NULL),(3,39,39,5,5,NULL,NULL),(3,39,38,3,3,NULL,NULL),(3,39,37,3,3,NULL,NULL),(3,39,36,3,3,NULL,NULL),(3,39,35,5,5,NULL,NULL),(3,39,34,3,3,NULL,NULL),(3,39,33,3,3,NULL,NULL),(3,39,32,3,3,NULL,NULL),(3,39,31,3,3,NULL,NULL),(3,39,30,3,3,NULL,NULL),(3,39,29,3,3,NULL,NULL),(3,39,28,3,3,NULL,NULL),(3,39,27,3,3,NULL,NULL),(3,39,26,3,3,NULL,NULL),(3,39,25,3,3,NULL,NULL),(3,39,24,3,3,NULL,NULL),(3,39,23,3,3,NULL,NULL),(3,39,22,3,3,NULL,NULL),(3,39,21,5,5,NULL,NULL),(3,39,20,10,2,16,NULL),(3,39,19,10,2,16,NULL),(3,39,18,1,1,NULL,NULL),(3,39,17,2,2,NULL,NULL),(3,39,16,8,2,13,NULL),(3,39,15,8,2,13,NULL),(3,39,14,2,2,NULL,NULL),(3,39,13,1,1,NULL,NULL),(3,39,12,1,1,NULL,NULL),(3,39,11,2,2,NULL,NULL),(3,39,10,2,2,NULL,NULL),(3,39,9,8,2,5,NULL),(3,39,8,5,5,NULL,NULL),(3,39,7,5,5,NULL,NULL),(3,39,6,3,3,NULL,NULL),(3,39,5,3,3,NULL,NULL),(3,39,4,3,3,NULL,NULL),(3,39,3,3,3,NULL,NULL),(3,39,2,3,3,NULL,NULL),(3,39,1,3,3,NULL,NULL),(3,38,50,15,15,NULL,NULL),(3,38,49,15,15,NULL,NULL),(3,38,48,15,2,3748,NULL),(3,38,47,15,15,NULL,NULL),(3,38,46,15,15,NULL,NULL),(3,38,45,18,18,NULL,NULL),(3,38,44,18,18,NULL,NULL),(3,38,43,18,18,NULL,NULL),(3,38,42,13,13,NULL,NULL),(3,38,41,13,13,NULL,NULL),(3,38,40,3,3,NULL,NULL),(3,38,39,3,3,NULL,NULL),(3,38,38,3,3,NULL,NULL),(3,38,37,3,3,NULL,NULL),(3,38,36,4,4,NULL,NULL),(3,38,35,5,5,NULL,NULL),(3,38,34,3,3,NULL,NULL),(3,38,33,3,3,NULL,NULL),(3,38,32,3,3,NULL,NULL),(3,38,31,3,3,NULL,NULL),(3,38,30,3,3,NULL,NULL),(3,38,29,3,3,NULL,NULL),(3,38,28,3,3,NULL,NULL),(3,38,27,5,5,NULL,NULL),(3,38,26,3,3,NULL,NULL),(3,38,25,3,3,NULL,NULL),(3,38,24,3,3,NULL,NULL),(3,38,23,3,3,NULL,NULL),(3,38,22,3,3,NULL,NULL),(3,38,21,5,5,NULL,NULL),(3,38,20,5,5,NULL,NULL),(3,38,19,10,2,15,NULL),(3,38,18,10,2,15,NULL),(3,38,17,2,2,NULL,NULL),(3,38,16,8,2,13,NULL),(3,38,15,2,2,NULL,NULL),(3,38,14,2,2,NULL,NULL),(3,38,13,1,1,NULL,NULL),(3,38,12,2,2,NULL,NULL),(3,38,11,8,2,3,NULL),(3,38,10,12,2,4,NULL),(3,38,9,1,2,1111,NULL),(3,38,8,5,5,NULL,NULL),(3,38,7,3,3,NULL,NULL),(3,38,6,3,3,NULL,NULL),(3,38,5,3,3,NULL,NULL),(3,38,4,5,5,NULL,NULL),(3,38,3,5,5,NULL,NULL),(3,38,2,3,3,NULL,NULL),(3,38,1,3,3,NULL,NULL),(3,37,50,14,14,NULL,NULL),(3,37,49,15,15,NULL,NULL),(3,37,48,8,2,3748,NULL),(3,37,47,15,2,3748,NULL),(3,37,46,15,15,NULL,NULL),(3,37,45,15,15,NULL,NULL),(3,37,44,15,15,NULL,NULL),(3,37,43,15,15,NULL,NULL),(3,37,42,13,13,NULL,NULL),(3,37,41,13,13,NULL,NULL),(3,37,40,3,3,NULL,NULL),(3,37,39,3,3,NULL,NULL),(3,37,38,3,3,NULL,NULL),(3,37,37,3,3,NULL,NULL),(3,37,36,5,5,NULL,NULL),(3,37,35,4,4,NULL,NULL),(3,37,34,3,3,NULL,NULL),(3,37,33,3,3,NULL,NULL),(3,37,32,3,3,NULL,NULL),(3,37,31,3,3,NULL,NULL),(3,37,30,3,3,NULL,NULL),(3,37,29,3,3,NULL,NULL),(3,37,28,5,5,NULL,NULL),(3,37,27,5,5,NULL,NULL),(3,37,26,3,3,NULL,NULL),(3,37,25,3,3,NULL,NULL),(3,37,24,3,3,NULL,NULL),(3,37,23,3,3,NULL,NULL),(3,37,22,3,3,NULL,NULL),(3,37,21,3,3,NULL,NULL),(3,37,20,5,5,NULL,NULL),(3,37,19,5,5,NULL,NULL),(3,37,18,5,5,NULL,NULL),(3,37,17,17,17,NULL,NULL),(3,37,16,17,17,NULL,NULL),(3,37,15,17,17,NULL,NULL),(3,37,14,8,2,3714,NULL),(3,37,13,1,1,NULL,NULL),(3,37,12,8,2,3,NULL),(3,37,11,8,2,3,NULL),(3,37,10,17,17,NULL,NULL),(3,37,9,5,5,NULL,NULL),(3,37,8,3,2,1111,NULL),(3,37,7,3,2,1111,NULL),(3,37,6,3,3,NULL,NULL),(3,37,5,5,5,NULL,NULL),(3,37,4,2,2,NULL,NULL),(3,37,3,16,16,NULL,NULL),(3,37,2,4,4,NULL,NULL),(3,37,1,3,3,NULL,NULL),(3,36,50,14,14,NULL,NULL),(3,36,49,15,15,NULL,NULL),(3,36,48,15,15,NULL,NULL),(3,36,47,15,15,NULL,NULL),(3,36,46,14,14,NULL,NULL),(3,36,45,15,15,NULL,NULL),(3,36,44,15,15,NULL,NULL),(3,36,43,13,13,NULL,NULL),(3,36,42,13,13,NULL,NULL),(3,36,41,3,3,NULL,NULL),(3,36,40,3,3,NULL,NULL),(3,36,39,3,3,NULL,NULL),(3,36,38,3,3,NULL,NULL),(3,36,37,3,3,NULL,NULL),(3,36,36,5,5,NULL,NULL),(3,36,35,3,3,NULL,NULL),(3,36,34,3,3,NULL,NULL),(3,36,33,3,3,NULL,NULL),(3,36,32,3,3,NULL,NULL),(3,36,31,3,3,NULL,NULL),(3,36,30,3,3,NULL,NULL),(3,36,29,3,3,NULL,NULL),(3,36,28,3,3,NULL,NULL),(3,36,27,3,3,NULL,NULL),(3,36,26,3,3,NULL,NULL),(3,36,25,3,3,NULL,NULL),(3,36,24,3,3,NULL,NULL),(3,36,23,3,3,NULL,NULL),(3,36,22,3,3,NULL,NULL),(3,36,21,3,3,NULL,NULL),(3,36,20,5,5,NULL,NULL),(3,36,19,3,3,NULL,NULL),(3,36,18,3,3,NULL,NULL),(3,36,17,5,5,NULL,NULL),(3,36,16,8,2,14,NULL),(3,36,15,17,17,NULL,NULL),(3,36,14,17,17,NULL,NULL),(3,36,13,1,1,NULL,NULL),(3,36,12,17,17,NULL,NULL),(3,36,11,17,17,NULL,NULL),(3,36,10,17,17,NULL,NULL),(3,36,9,5,5,NULL,NULL),(3,36,8,3,3,NULL,NULL),(3,36,7,3,3,NULL,NULL),(3,36,6,3,2,1111,NULL),(3,36,5,5,2,1111,NULL),(3,36,4,1,2,1111,NULL),(3,36,3,9,2,2,NULL),(3,36,2,4,4,NULL,NULL),(3,36,1,3,3,NULL,NULL),(3,35,50,14,14,NULL,NULL),(3,35,49,15,15,NULL,NULL),(3,35,48,15,15,NULL,NULL),(3,35,47,15,15,NULL,NULL),(3,35,46,14,14,NULL,NULL),(3,35,45,14,14,NULL,NULL),(3,35,44,13,13,NULL,NULL),(3,35,43,13,13,NULL,NULL),(3,35,42,3,3,NULL,NULL),(3,35,41,3,3,NULL,NULL),(3,35,40,3,3,NULL,NULL),(3,35,39,3,3,NULL,NULL),(3,35,38,3,3,NULL,NULL),(3,35,37,3,3,NULL,NULL),(3,35,36,3,3,NULL,NULL),(3,35,35,3,3,NULL,NULL),(3,35,34,3,3,NULL,NULL),(3,35,33,5,5,NULL,NULL),(3,35,32,15,15,NULL,NULL),(3,35,31,4,4,NULL,NULL),(3,35,30,4,4,NULL,NULL),(3,35,29,3,3,NULL,NULL),(3,35,28,3,3,NULL,NULL),(3,35,27,3,3,NULL,NULL),(3,35,26,3,3,NULL,NULL),(3,35,25,5,5,NULL,NULL),(3,35,24,3,3,NULL,NULL),(3,35,23,3,3,NULL,NULL),(3,35,22,3,3,NULL,NULL),(3,35,21,3,3,NULL,NULL),(3,35,20,3,3,NULL,NULL),(3,35,19,5,5,NULL,NULL),(3,35,18,3,3,NULL,NULL),(3,35,17,3,3,NULL,NULL),(3,35,16,18,18,NULL,NULL),(3,35,15,17,17,NULL,NULL),(3,35,14,17,17,NULL,NULL),(3,35,13,1,1,NULL,NULL),(3,35,12,17,17,NULL,NULL),(3,35,11,17,17,NULL,NULL),(3,35,10,8,2,1,NULL),(3,35,9,5,5,NULL,NULL),(3,35,8,3,3,NULL,NULL),(3,35,7,3,3,NULL,NULL),(3,35,6,3,3,NULL,NULL),(3,35,5,5,5,NULL,NULL),(3,35,4,5,5,NULL,NULL),(3,35,3,2,2,NULL,NULL),(3,35,2,4,4,NULL,NULL),(3,35,1,3,3,NULL,NULL),(3,34,50,14,14,NULL,NULL),(3,34,49,14,14,NULL,NULL),(3,34,48,14,14,NULL,NULL),(3,34,47,14,14,NULL,NULL),(3,34,46,14,14,NULL,NULL),(3,34,45,5,5,NULL,NULL),(3,34,44,5,5,NULL,NULL),(3,34,43,3,3,NULL,NULL),(3,34,42,3,3,NULL,NULL),(3,34,41,3,3,NULL,NULL),(3,34,40,3,3,NULL,NULL),(3,34,39,3,3,NULL,NULL),(3,34,38,3,3,NULL,NULL),(3,34,37,3,3,NULL,NULL),(3,34,36,3,3,NULL,NULL),(3,34,35,3,3,NULL,NULL),(3,34,34,5,5,NULL,NULL),(3,34,33,8,2,3433,NULL),(3,34,32,15,15,NULL,NULL),(3,34,31,19,19,NULL,NULL),(3,34,30,9,2,3430,NULL),(3,34,29,3,3,NULL,NULL),(3,34,28,3,3,NULL,NULL),(3,34,27,5,5,NULL,NULL),(3,34,26,4,4,NULL,NULL),(3,34,25,4,4,NULL,NULL),(3,34,24,5,5,NULL,NULL),(3,34,23,3,3,NULL,NULL),(3,34,22,3,3,NULL,NULL),(3,34,21,3,3,NULL,NULL),(3,34,20,3,3,NULL,NULL),(3,34,19,3,3,NULL,NULL),(3,34,18,3,3,NULL,NULL),(3,34,17,3,3,NULL,NULL),(3,34,16,18,18,NULL,NULL),(3,34,15,14,14,NULL,NULL),(3,34,14,14,14,NULL,NULL),(3,34,13,1,1,NULL,NULL),(3,34,12,14,14,NULL,NULL),(3,34,11,18,18,NULL,NULL),(3,34,10,5,5,NULL,NULL),(3,34,9,3,3,NULL,NULL),(3,34,8,3,3,NULL,NULL),(3,34,7,3,3,NULL,NULL),(3,34,6,3,3,NULL,NULL),(3,34,5,3,3,NULL,NULL),(3,34,4,3,3,NULL,NULL),(3,34,3,5,5,NULL,NULL),(3,34,2,3,3,NULL,NULL),(3,34,1,3,3,NULL,NULL),(3,33,50,16,16,NULL,NULL),(3,33,49,16,16,NULL,NULL),(3,33,48,17,17,NULL,NULL),(3,33,47,3,3,NULL,NULL),(3,33,46,3,3,NULL,NULL),(3,33,45,3,3,NULL,NULL),(3,33,44,3,3,NULL,NULL),(3,33,43,3,3,NULL,NULL),(3,33,42,3,3,NULL,NULL),(3,33,41,3,3,NULL,NULL),(3,33,40,3,3,NULL,NULL),(3,33,39,3,3,NULL,NULL),(3,33,38,3,3,NULL,NULL),(3,33,37,3,3,NULL,NULL),(3,33,36,3,3,NULL,NULL),(3,33,35,5,5,NULL,NULL),(3,33,34,17,17,NULL,NULL),(3,33,33,17,17,NULL,NULL),(3,33,32,14,2,3233,NULL),(3,33,31,15,15,NULL,NULL),(3,33,30,4,4,NULL,NULL),(3,33,29,3,3,NULL,NULL),(3,33,28,3,3,NULL,NULL),(3,33,27,3,3,NULL,NULL),(3,33,26,4,4,NULL,NULL),(3,33,25,5,5,NULL,NULL),(3,33,24,3,3,NULL,NULL),(3,33,23,3,3,NULL,NULL),(3,33,22,3,3,NULL,NULL),(3,33,21,3,3,NULL,NULL),(3,33,20,3,3,NULL,NULL),(3,33,19,3,3,NULL,NULL),(3,33,18,14,14,NULL,NULL),(3,33,17,15,15,NULL,NULL),(3,33,16,18,18,NULL,NULL),(3,33,15,4,4,NULL,NULL),(3,33,14,14,14,NULL,NULL),(3,33,13,14,14,NULL,NULL),(3,33,12,18,18,NULL,NULL),(3,33,11,5,5,NULL,NULL),(3,33,10,3,3,NULL,NULL),(3,33,9,3,3,NULL,NULL),(3,33,8,3,3,NULL,NULL),(3,33,7,3,3,NULL,NULL),(3,33,6,3,3,NULL,NULL),(3,33,5,3,3,NULL,NULL),(3,33,4,3,3,NULL,NULL),(3,33,3,5,5,NULL,NULL),(3,33,2,3,3,NULL,NULL),(3,33,1,3,3,NULL,NULL),(3,32,50,16,16,NULL,NULL),(3,32,49,16,16,NULL,NULL),(3,32,48,2,2,NULL,NULL),(3,32,47,3,3,NULL,NULL),(3,32,46,14,14,NULL,NULL),(3,32,45,5,5,NULL,NULL),(3,32,44,5,5,NULL,NULL),(3,32,43,3,3,NULL,NULL),(3,32,42,3,3,NULL,NULL),(3,32,41,3,3,NULL,NULL),(3,32,40,3,3,NULL,NULL),(3,32,39,3,3,NULL,NULL),(3,32,38,3,3,NULL,NULL),(3,32,37,3,3,NULL,NULL),(3,32,36,3,3,NULL,NULL),(3,32,35,5,5,NULL,NULL),(3,32,34,5,5,NULL,NULL),(3,32,33,8,2,3233,NULL),(3,32,32,17,17,NULL,NULL),(3,32,31,15,15,NULL,NULL),(3,32,30,15,15,NULL,NULL),(3,32,29,3,3,NULL,NULL),(3,32,28,3,3,NULL,NULL),(3,32,27,3,3,NULL,NULL),(3,32,26,3,3,NULL,NULL),(3,32,25,3,3,NULL,NULL),(3,32,24,3,3,NULL,NULL),(3,32,23,3,3,NULL,NULL),(3,32,22,4,4,NULL,NULL),(3,32,21,4,4,NULL,NULL),(3,32,20,4,4,NULL,NULL),(3,32,19,4,4,NULL,NULL),(3,32,18,15,15,NULL,NULL),(3,32,17,18,18,NULL,NULL),(3,32,16,4,4,NULL,NULL),(3,32,15,1,1,NULL,NULL),(3,32,14,4,4,NULL,NULL),(3,32,13,18,18,NULL,NULL),(3,32,12,5,5,NULL,NULL),(3,32,11,3,3,NULL,NULL),(3,32,10,3,3,NULL,NULL),(3,32,9,3,3,NULL,NULL),(3,32,8,3,3,NULL,NULL),(3,32,7,3,3,NULL,NULL),(3,32,6,3,3,NULL,NULL),(3,32,5,3,3,NULL,NULL),(3,32,4,5,5,NULL,NULL),(3,32,3,3,3,NULL,NULL),(3,32,2,3,3,NULL,NULL),(3,32,1,3,3,NULL,NULL),(3,31,50,1,1,NULL,NULL),(3,31,49,1,1,NULL,NULL),(3,31,48,1,1,NULL,NULL),(3,31,47,3,3,NULL,NULL),(3,31,46,17,17,NULL,NULL),(3,31,45,17,17,NULL,NULL),(3,31,44,5,5,NULL,NULL),(3,31,43,3,3,NULL,NULL),(3,31,42,3,3,NULL,NULL),(3,31,41,3,3,NULL,NULL),(3,31,40,3,3,NULL,NULL),(3,31,39,3,3,NULL,NULL),(3,31,38,3,3,NULL,NULL),(3,31,37,3,3,NULL,NULL),(3,31,36,3,3,NULL,NULL),(3,31,35,3,3,NULL,NULL),(3,31,34,3,3,NULL,NULL),(3,31,33,3,3,NULL,NULL),(3,31,32,3,3,NULL,NULL),(3,31,31,3,3,NULL,NULL),(3,31,30,3,3,NULL,NULL),(3,31,29,3,3,NULL,NULL),(3,31,28,3,3,NULL,NULL),(3,31,27,3,3,NULL,NULL),(3,31,26,3,3,NULL,NULL),(3,31,25,3,3,NULL,NULL),(3,31,24,3,3,NULL,NULL),(3,31,23,4,4,NULL,NULL),(3,31,22,9,2,3021,NULL),(3,31,21,19,19,NULL,NULL),(3,31,20,4,4,NULL,NULL),(3,31,19,4,4,NULL,NULL),(3,31,18,4,4,NULL,NULL),(3,31,17,4,4,NULL,NULL),(3,31,16,1,1,NULL,NULL),(3,31,15,4,4,NULL,NULL),(3,31,14,15,2,3213,NULL),(3,31,13,4,4,NULL,NULL),(3,31,12,3,3,NULL,NULL),(3,31,11,3,3,NULL,NULL),(3,31,10,3,3,NULL,NULL),(3,31,9,3,3,NULL,NULL),(3,31,8,3,3,NULL,NULL),(3,31,7,3,3,NULL,NULL),(3,31,6,3,3,NULL,NULL),(3,31,5,3,3,NULL,NULL),(3,31,4,3,3,NULL,NULL),(3,31,3,3,3,NULL,NULL),(3,31,2,3,3,NULL,NULL),(3,31,1,3,3,NULL,NULL),(3,30,50,8,8,NULL,NULL),(3,30,49,8,8,NULL,NULL),(3,30,48,1,1,NULL,NULL),(3,30,47,3,3,NULL,NULL),(3,30,46,2,2,NULL,NULL),(3,30,45,17,17,NULL,NULL),(3,30,44,5,5,NULL,NULL),(3,30,43,5,5,NULL,NULL),(3,30,42,3,3,NULL,NULL),(3,30,41,3,3,NULL,NULL),(3,30,40,3,3,NULL,NULL),(3,30,39,3,3,NULL,NULL),(3,30,38,3,3,NULL,NULL),(3,30,37,3,3,NULL,NULL),(3,30,36,3,3,NULL,NULL),(3,30,35,3,3,NULL,NULL),(3,30,34,3,3,NULL,NULL),(3,30,33,3,3,NULL,NULL),(3,30,32,3,3,NULL,NULL),(3,30,31,3,3,NULL,NULL),(3,30,30,3,3,NULL,NULL),(3,30,29,3,3,NULL,NULL),(3,30,28,3,3,NULL,NULL),(3,30,27,3,3,NULL,NULL),(3,30,26,3,3,NULL,NULL),(3,30,25,3,3,NULL,NULL),(3,30,24,5,5,NULL,NULL),(3,30,23,4,4,NULL,NULL),(3,30,22,19,19,NULL,NULL),(3,30,21,9,2,3021,NULL),(3,30,20,19,19,NULL,NULL),(3,30,19,4,4,NULL,NULL),(3,30,18,4,4,NULL,NULL),(3,30,17,4,4,NULL,NULL),(3,30,16,1,1,NULL,NULL),(3,30,15,15,15,NULL,NULL),(3,30,14,18,18,NULL,NULL),(3,30,13,18,18,NULL,NULL),(3,30,12,3,3,NULL,NULL),(3,30,11,3,3,NULL,NULL),(3,30,10,3,3,NULL,NULL),(3,30,9,3,3,NULL,NULL),(3,30,8,3,3,NULL,NULL),(3,30,7,3,3,NULL,NULL),(3,30,6,3,3,NULL,NULL),(3,30,5,3,3,NULL,NULL),(3,30,4,3,3,NULL,NULL),(3,30,3,3,3,NULL,NULL),(3,30,2,5,5,NULL,NULL),(3,30,1,3,3,NULL,NULL),(3,29,50,8,8,NULL,NULL),(3,29,49,8,8,NULL,NULL),(3,29,48,3,3,NULL,NULL),(3,29,47,1,1,NULL,NULL),(3,29,46,2,2,NULL,NULL),(3,29,45,2,2,NULL,NULL),(3,29,44,17,17,NULL,NULL),(3,29,43,17,17,NULL,NULL),(3,29,42,5,5,NULL,NULL),(3,29,41,3,3,NULL,NULL),(3,29,40,3,3,NULL,NULL),(3,29,39,3,3,NULL,NULL),(3,29,38,3,3,NULL,NULL),(3,29,37,3,3,NULL,NULL),(3,29,36,3,3,NULL,NULL),(3,29,35,3,3,NULL,NULL),(3,29,34,3,3,NULL,NULL),(3,29,33,3,3,NULL,NULL),(3,29,32,5,5,NULL,NULL),(3,29,31,5,5,NULL,NULL),(3,29,30,5,5,NULL,NULL),(3,29,29,5,5,NULL,NULL),(3,29,28,5,5,NULL,NULL),(3,29,27,3,3,NULL,NULL),(3,29,26,3,3,NULL,NULL),(3,29,25,5,5,NULL,NULL),(3,29,24,18,18,NULL,NULL),(3,29,23,4,4,NULL,NULL),(3,29,22,19,19,NULL,NULL),(3,29,21,19,19,NULL,NULL),(3,29,20,4,4,NULL,NULL),(3,29,19,4,4,NULL,NULL),(3,29,18,1,1,NULL,NULL),(3,29,17,1,1,NULL,NULL),(3,29,16,15,15,NULL,NULL),(3,29,15,14,14,NULL,NULL),(3,29,14,18,18,NULL,NULL),(3,29,13,3,3,NULL,NULL),(3,29,12,3,3,NULL,NULL),(3,29,11,3,3,NULL,NULL),(3,29,10,3,3,NULL,NULL),(3,29,9,3,3,NULL,NULL),(3,29,8,3,3,NULL,NULL),(3,29,7,3,3,NULL,NULL),(3,29,6,3,3,NULL,NULL),(3,29,5,3,3,NULL,NULL),(3,29,4,3,3,NULL,NULL),(3,29,3,3,3,NULL,NULL),(3,29,2,3,3,NULL,NULL),(3,29,1,3,3,NULL,NULL),(3,28,50,8,8,NULL,NULL),(3,28,49,3,3,NULL,NULL),(3,28,48,3,3,NULL,NULL),(3,28,47,1,1,NULL,NULL),(3,28,46,1,1,NULL,NULL),(3,28,45,2,2,NULL,NULL),(3,28,44,2,2,NULL,NULL),(3,28,43,8,2,2843,NULL),(3,28,42,5,5,NULL,NULL),(3,28,41,5,5,NULL,NULL),(3,28,40,5,5,NULL,NULL),(3,28,39,5,5,NULL,NULL),(3,28,38,5,5,NULL,NULL),(3,28,37,3,3,NULL,NULL),(3,28,36,3,3,NULL,NULL),(3,28,35,3,3,NULL,NULL),(3,28,34,3,3,NULL,NULL),(3,28,33,5,5,NULL,NULL),(3,28,32,5,5,NULL,NULL),(3,28,31,2,2,NULL,NULL),(3,28,30,2,2,NULL,NULL),(3,28,29,2,2,NULL,NULL),(3,28,28,5,5,NULL,NULL),(3,28,27,5,5,NULL,NULL),(3,28,26,18,18,NULL,NULL),(3,28,25,18,18,NULL,NULL),(3,28,24,19,19,NULL,NULL),(3,28,23,4,4,NULL,NULL),(3,28,22,4,4,NULL,NULL),(3,28,21,4,4,NULL,NULL),(3,28,20,4,4,NULL,NULL),(3,28,19,2,2,5555,NULL),(3,28,18,3,3,NULL,NULL),(3,28,17,3,3,NULL,NULL),(3,28,16,14,14,NULL,NULL),(3,28,15,18,18,NULL,NULL),(3,28,14,18,18,NULL,NULL),(3,28,13,3,3,NULL,NULL),(3,28,12,3,3,NULL,NULL),(3,28,11,3,3,NULL,NULL),(3,28,10,3,3,NULL,NULL),(3,28,9,3,3,NULL,NULL),(3,28,8,3,3,NULL,NULL),(3,28,7,3,3,NULL,NULL),(3,28,6,3,3,NULL,NULL),(3,28,5,3,3,NULL,NULL),(3,28,4,3,3,NULL,NULL),(3,28,3,5,5,NULL,NULL),(3,28,2,3,3,NULL,NULL),(3,28,1,3,3,NULL,NULL),(3,27,50,2,2,NULL,NULL),(3,27,49,3,3,NULL,NULL),(3,27,48,2,2,NULL,NULL),(3,27,47,8,2,9989,NULL),(3,27,46,1,1,NULL,NULL),(3,27,45,1,1,NULL,NULL),(3,27,44,2,2,NULL,NULL),(3,27,43,2,2,NULL,NULL),(3,27,42,17,17,NULL,NULL),(3,27,41,17,17,NULL,NULL),(3,27,40,17,17,NULL,NULL),(3,27,39,8,8,NULL,NULL),(3,27,38,12,12,NULL,NULL),(3,27,37,5,5,NULL,NULL),(3,27,36,5,5,NULL,NULL),(3,27,35,5,5,NULL,NULL),(3,27,34,5,5,NULL,NULL),(3,27,33,2,2,NULL,NULL),(3,27,32,2,2,NULL,NULL),(3,27,31,2,2,NULL,NULL),(3,27,30,3,3,NULL,NULL),(3,27,29,2,2,NULL,NULL),(3,27,28,2,2,NULL,NULL),(3,27,27,18,18,NULL,NULL),(3,27,26,11,2,19,NULL),(3,27,25,8,2,19,NULL),(3,27,24,8,2,19,NULL),(3,27,23,18,18,NULL,NULL),(3,27,22,4,4,NULL,NULL),(3,27,21,1,2,5555,NULL),(3,27,20,4,2,5555,NULL),(3,27,19,3,3,NULL,NULL),(3,27,18,3,3,NULL,NULL),(3,27,17,4,4,NULL,NULL),(3,27,16,4,4,NULL,NULL),(3,27,15,18,18,NULL,NULL),(3,27,14,3,3,NULL,NULL),(3,27,13,3,3,NULL,NULL),(3,27,12,3,3,NULL,NULL),(3,27,11,3,3,NULL,NULL),(3,27,10,3,3,NULL,NULL),(3,27,9,3,3,NULL,NULL),(3,27,8,3,3,NULL,NULL),(3,27,7,3,3,NULL,NULL),(3,27,6,3,3,NULL,NULL),(3,27,5,3,3,NULL,NULL),(3,27,4,3,3,NULL,NULL),(3,27,3,3,3,NULL,NULL),(3,27,2,3,3,NULL,NULL),(3,27,1,3,3,NULL,NULL),(3,26,50,8,8,NULL,NULL),(3,26,49,3,3,NULL,NULL),(3,26,48,8,2,9989,NULL),(3,26,47,1,1,NULL,NULL),(3,26,46,2,2,NULL,NULL),(3,26,45,1,1,NULL,NULL),(3,26,44,1,1,NULL,NULL),(3,26,43,2,2,NULL,NULL),(3,26,42,17,17,NULL,NULL),(3,26,41,17,17,NULL,NULL),(3,26,40,17,17,NULL,NULL),(3,26,39,2,2,NULL,NULL),(3,26,38,2,2,NULL,NULL),(3,26,37,2,2,NULL,NULL),(3,26,36,2,2,NULL,NULL),(3,26,35,2,2,NULL,NULL),(3,26,34,17,17,NULL,NULL),(3,26,33,17,17,NULL,NULL),(3,26,32,17,17,NULL,NULL),(3,26,31,3,3,NULL,NULL),(3,26,30,2,2,NULL,NULL),(3,26,29,3,3,NULL,NULL),(3,26,28,3,3,NULL,NULL),(3,26,27,2,2,NULL,NULL),(3,26,26,17,17,NULL,NULL),(3,26,25,17,17,NULL,NULL),(3,26,24,17,17,NULL,NULL),(3,26,23,1,1,NULL,NULL),(3,26,22,1,1,NULL,NULL),(3,26,21,18,18,NULL,NULL),(3,26,20,4,4,NULL,NULL),(3,26,19,3,3,NULL,NULL),(3,26,18,3,3,NULL,NULL),(3,26,17,4,4,NULL,NULL),(3,26,16,4,4,NULL,NULL),(3,26,15,3,3,NULL,NULL),(3,26,14,3,3,NULL,NULL),(3,26,13,3,3,NULL,NULL),(3,26,12,3,3,NULL,NULL),(3,26,11,3,3,NULL,NULL),(3,26,10,3,3,NULL,NULL),(3,26,9,3,3,NULL,NULL),(3,26,8,3,3,NULL,NULL),(3,26,7,3,3,NULL,NULL),(3,26,6,3,3,NULL,NULL),(3,26,5,3,3,NULL,NULL),(3,26,4,3,3,NULL,NULL),(3,26,3,3,3,NULL,NULL),(3,26,2,3,3,NULL,NULL),(3,26,1,3,3,NULL,NULL),(3,25,50,3,3,NULL,NULL),(3,25,49,12,2,9988,NULL),(3,25,48,8,2,9989,NULL),(3,25,47,2,2,NULL,NULL),(3,25,46,8,2,9989,NULL),(3,25,45,1,1,NULL,NULL),(3,25,44,1,1,NULL,NULL),(3,25,43,2,2,NULL,NULL),(3,25,42,2,2,NULL,NULL),(3,25,41,2,2,NULL,NULL),(3,25,40,2,2,NULL,NULL),(3,25,39,2,2,NULL,NULL),(3,25,38,1,1,NULL,NULL),(3,25,37,1,1,NULL,NULL),(3,25,36,1,1,NULL,NULL),(3,25,35,1,1,NULL,NULL),(3,25,34,1,1,NULL,NULL),(3,25,33,1,1,NULL,NULL),(3,25,32,1,1,NULL,NULL),(3,25,31,3,3,NULL,NULL),(3,25,30,17,17,NULL,NULL),(3,25,29,17,17,NULL,NULL),(3,25,28,17,17,NULL,NULL),(3,25,27,3,3,NULL,NULL),(3,25,26,1,1,NULL,NULL),(3,25,25,1,1,NULL,NULL),(3,25,24,1,1,NULL,NULL),(3,25,23,12,2,18,NULL),(3,25,22,21,2,2522,NULL),(3,25,21,3,3,NULL,NULL),(3,25,20,3,3,NULL,NULL),(3,25,19,4,4,NULL,NULL),(3,25,18,4,4,NULL,NULL),(3,25,17,18,18,NULL,NULL),(3,25,16,18,18,NULL,NULL),(3,25,15,3,3,NULL,NULL),(3,25,14,3,3,NULL,NULL),(3,25,13,3,3,NULL,NULL),(3,25,12,3,3,NULL,NULL),(3,25,11,3,3,NULL,NULL),(3,25,10,3,3,NULL,NULL),(3,25,9,3,3,NULL,NULL),(3,25,8,3,3,NULL,NULL),(3,25,7,3,3,NULL,NULL),(3,25,6,3,3,NULL,NULL),(3,25,5,3,3,NULL,NULL),(3,25,4,3,3,NULL,NULL),(3,25,3,3,3,NULL,NULL),(3,25,2,3,3,NULL,NULL),(3,25,1,3,3,NULL,NULL),(3,24,50,3,3,NULL,NULL),(3,24,49,12,2,9988,NULL),(3,24,48,8,2,9989,NULL),(3,24,47,8,2,9989,NULL),(3,24,46,8,8,NULL,NULL),(3,24,45,2,2,NULL,NULL),(3,24,44,1,1,NULL,NULL),(3,24,43,1,1,NULL,NULL),(3,24,42,1,1,NULL,NULL),(3,24,41,1,1,NULL,NULL),(3,24,40,1,1,NULL,NULL),(3,24,39,1,1,NULL,NULL),(3,24,38,1,1,NULL,NULL),(3,24,37,2,2,NULL,NULL),(3,24,36,2,2,NULL,NULL),(3,24,35,17,17,NULL,NULL),(3,24,34,3,3,NULL,NULL),(3,24,33,3,3,NULL,NULL),(3,24,32,3,3,NULL,NULL),(3,24,31,1,1,NULL,NULL),(3,24,30,1,1,NULL,NULL),(3,24,29,1,1,NULL,NULL),(3,24,28,1,1,NULL,NULL),(3,24,27,1,1,NULL,NULL),(3,24,26,3,3,NULL,NULL),(3,24,25,17,17,NULL,NULL),(3,24,24,8,2,18,NULL),(3,24,23,3,3,NULL,NULL),(3,24,22,3,3,NULL,NULL),(3,24,21,3,3,NULL,NULL),(3,24,20,18,18,NULL,NULL),(3,24,19,18,18,NULL,NULL),(3,24,18,8,2,2418,NULL),(3,24,17,5,5,NULL,NULL),(3,24,16,3,3,NULL,NULL),(3,24,15,3,3,NULL,NULL),(3,24,14,3,3,NULL,NULL),(3,24,13,3,3,NULL,NULL),(3,24,12,3,3,NULL,NULL),(3,24,11,3,3,NULL,NULL),(3,24,10,3,3,NULL,NULL),(3,24,9,3,3,NULL,NULL),(3,24,8,3,3,NULL,NULL),(3,24,7,3,3,NULL,NULL),(3,24,6,3,3,NULL,NULL),(3,24,5,3,3,NULL,NULL),(3,24,4,3,3,NULL,NULL),(3,24,3,3,3,NULL,NULL),(3,24,2,3,3,NULL,NULL),(3,24,1,3,3,NULL,NULL),(3,23,50,3,3,NULL,NULL),(3,23,49,2,2,NULL,NULL),(3,23,48,2,2,NULL,NULL),(3,23,47,2,2,NULL,NULL),(3,23,46,2,2,NULL,NULL),(3,23,45,2,2,NULL,NULL),(3,23,44,2,2,NULL,NULL),(3,23,43,3,3,NULL,NULL),(3,23,42,1,1,NULL,NULL),(3,23,41,1,1,NULL,NULL),(3,23,40,3,3,NULL,NULL),(3,23,39,2,2,NULL,NULL),(3,23,38,2,2,NULL,NULL),(3,23,37,8,2,2337,NULL),(3,23,36,17,17,NULL,NULL),(3,23,35,17,17,NULL,NULL),(3,23,34,3,3,NULL,NULL),(3,23,33,2,2,NULL,NULL),(3,23,32,17,17,NULL,NULL),(3,23,31,17,17,NULL,NULL),(3,23,30,17,17,NULL,NULL),(3,23,29,17,17,NULL,NULL),(3,23,28,17,17,NULL,NULL),(3,23,27,17,17,NULL,NULL),(3,23,26,3,3,NULL,NULL),(3,23,25,2,2,NULL,NULL),(3,23,24,2,2,NULL,NULL),(3,23,23,3,3,NULL,NULL),(3,23,22,18,18,NULL,NULL),(3,23,21,2,2,NULL,NULL),(3,23,20,18,18,NULL,NULL),(3,23,19,5,5,NULL,NULL),(3,23,18,5,5,NULL,NULL),(3,23,17,3,3,NULL,NULL),(3,23,16,3,3,NULL,NULL),(3,23,15,3,3,NULL,NULL),(3,23,14,3,3,NULL,NULL),(3,23,13,3,3,NULL,NULL),(3,23,12,3,3,NULL,NULL),(3,23,11,3,3,NULL,NULL),(3,23,10,3,3,NULL,NULL),(3,23,9,3,3,NULL,NULL),(3,23,8,3,3,NULL,NULL),(3,23,7,3,3,NULL,NULL),(3,23,6,3,3,NULL,NULL),(3,23,5,3,3,NULL,NULL),(3,23,4,3,3,NULL,NULL),(3,23,3,3,3,NULL,NULL),(3,23,2,3,3,NULL,NULL),(3,23,1,3,3,NULL,NULL),(3,22,50,2,2,NULL,NULL),(3,22,49,3,3,NULL,NULL),(3,22,48,11,2,9990,NULL),(3,22,47,11,2,9990,NULL),(3,22,46,11,2,9990,NULL),(3,22,45,2,2,NULL,NULL),(3,22,44,3,3,NULL,NULL),(3,22,43,2,2,NULL,NULL),(3,22,42,1,1,NULL,NULL),(3,22,41,1,1,NULL,NULL),(3,22,40,2,2,NULL,NULL),(3,22,39,3,3,NULL,NULL),(3,22,38,2,2,NULL,NULL),(3,22,37,2,2,NULL,NULL),(3,22,36,3,3,NULL,NULL),(3,22,35,3,3,NULL,NULL),(3,22,34,17,17,NULL,NULL),(3,22,33,17,17,NULL,NULL),(3,22,32,2,2,NULL,NULL),(3,22,31,2,2,NULL,NULL),(3,22,30,3,3,NULL,NULL),(3,22,29,3,3,NULL,NULL),(3,22,28,3,3,NULL,NULL),(3,22,27,2,2,NULL,NULL),(3,22,26,3,3,NULL,NULL),(3,22,25,3,3,NULL,NULL),(3,22,24,3,3,NULL,NULL),(3,22,23,13,13,NULL,NULL),(3,22,22,13,13,NULL,NULL),(3,22,21,18,18,NULL,NULL),(3,22,20,5,5,NULL,NULL),(3,22,19,5,5,NULL,NULL),(3,22,18,3,3,NULL,NULL),(3,22,17,3,3,NULL,NULL),(3,22,16,3,3,NULL,NULL),(3,22,15,3,3,NULL,NULL),(3,22,14,3,3,NULL,NULL),(3,22,13,3,3,NULL,NULL),(3,22,12,3,3,NULL,NULL),(3,22,11,3,3,NULL,NULL),(3,22,10,3,3,NULL,NULL),(3,22,9,3,3,NULL,NULL),(3,22,8,3,3,NULL,NULL),(3,22,7,3,3,NULL,NULL),(3,22,6,3,3,NULL,NULL),(3,22,5,3,3,NULL,NULL),(3,22,4,3,3,NULL,NULL),(3,22,3,3,3,NULL,NULL),(3,22,2,3,3,NULL,NULL),(3,22,1,3,3,NULL,NULL),(3,21,50,3,3,NULL,NULL),(3,21,49,2,2,NULL,NULL),(3,21,48,11,2,9990,NULL),(3,21,47,3,3,NULL,NULL),(3,21,46,3,3,NULL,NULL),(3,21,45,3,3,NULL,NULL),(3,21,44,8,2,9991,NULL),(3,21,43,8,2,9991,NULL),(3,21,42,1,1,NULL,NULL),(3,21,41,1,1,NULL,NULL),(3,21,40,11,11,NULL,NULL),(3,21,39,11,11,NULL,NULL),(3,21,38,3,3,NULL,NULL),(3,21,37,3,3,NULL,NULL),(3,21,36,2,2,NULL,NULL),(3,21,35,17,17,NULL,NULL),(3,21,34,17,17,NULL,NULL),(3,21,33,17,17,NULL,NULL),(3,21,32,3,3,NULL,NULL),(3,21,31,3,3,NULL,NULL),(3,21,30,3,3,NULL,NULL),(3,21,29,3,3,NULL,NULL),(3,21,28,3,3,NULL,NULL),(3,21,27,2,2,NULL,NULL),(3,21,26,2,2,NULL,NULL),(3,21,25,13,2,2125,NULL),(3,21,24,13,13,NULL,NULL),(3,21,23,13,13,NULL,NULL),(3,21,22,13,13,NULL,NULL),(3,21,21,5,5,NULL,NULL),(3,21,20,5,5,NULL,NULL),(3,21,19,3,3,NULL,NULL),(3,21,18,3,3,NULL,NULL),(3,21,17,3,3,NULL,NULL),(3,21,16,3,3,NULL,NULL),(3,21,15,3,3,NULL,NULL),(3,21,14,3,3,NULL,NULL),(3,21,13,3,3,NULL,NULL),(3,21,12,3,3,NULL,NULL),(3,21,11,3,3,NULL,NULL),(3,21,10,3,3,NULL,NULL),(3,21,9,3,3,NULL,NULL),(3,21,8,3,3,NULL,NULL),(3,21,7,3,3,NULL,NULL),(3,21,6,3,3,NULL,NULL),(3,21,5,3,3,NULL,NULL),(3,21,4,3,3,NULL,NULL),(3,21,3,3,3,NULL,NULL),(3,21,2,3,3,NULL,NULL),(3,21,1,3,3,NULL,NULL),(3,20,50,3,3,NULL,NULL),(3,20,49,2,2,NULL,NULL),(3,20,48,1,1,NULL,NULL),(3,20,47,3,3,NULL,NULL),(3,20,46,2,2,NULL,NULL),(3,20,45,8,2,9991,NULL),(3,20,44,8,2,9991,NULL),(3,20,43,8,2,9991,NULL),(3,20,42,1,1,NULL,NULL),(3,20,41,1,1,NULL,NULL),(3,20,40,11,11,NULL,NULL),(3,20,39,2,2,NULL,NULL),(3,20,38,2,2,NULL,NULL),(3,20,37,2,2,NULL,NULL),(3,20,36,2,2,NULL,NULL),(3,20,35,2,2,NULL,NULL),(3,20,34,17,17,NULL,NULL),(3,20,33,2,2,NULL,NULL),(3,20,32,3,3,NULL,NULL),(3,20,31,3,3,NULL,NULL),(3,20,30,3,3,NULL,NULL),(3,20,29,3,3,NULL,NULL),(3,20,28,3,3,NULL,NULL),(3,20,27,3,3,NULL,NULL),(3,20,26,3,3,NULL,NULL),(3,20,25,3,3,NULL,NULL),(3,20,24,5,5,NULL,NULL),(3,20,23,5,5,NULL,NULL),(3,20,22,3,3,NULL,NULL),(3,20,21,5,5,NULL,NULL),(3,20,20,3,3,NULL,NULL),(3,20,19,3,3,NULL,NULL),(3,20,18,3,3,NULL,NULL),(3,20,17,3,3,NULL,NULL),(3,20,16,3,3,NULL,NULL),(3,20,15,3,3,NULL,NULL),(3,20,14,3,3,NULL,NULL),(3,20,13,3,3,NULL,NULL),(3,20,12,3,3,NULL,NULL),(3,20,11,3,3,NULL,NULL),(3,20,10,3,3,NULL,NULL),(3,20,9,3,3,NULL,NULL),(3,20,8,3,3,NULL,NULL),(3,20,7,3,3,NULL,NULL),(3,20,6,3,3,NULL,NULL),(3,20,5,3,3,NULL,NULL),(3,20,4,3,3,NULL,NULL),(3,20,3,3,3,NULL,NULL),(3,20,2,3,3,NULL,NULL),(3,20,1,3,3,NULL,NULL),(3,19,50,2,2,NULL,NULL),(3,19,49,3,3,NULL,NULL),(3,19,48,1,1,NULL,NULL),(3,19,47,3,3,NULL,NULL),(3,19,46,2,2,NULL,NULL),(3,19,45,2,2,NULL,NULL),(3,19,44,8,2,9991,NULL),(3,19,43,8,2,9991,NULL),(3,19,42,1,1,NULL,NULL),(3,19,41,1,1,NULL,NULL),(3,19,40,11,11,NULL,NULL),(3,19,39,11,11,NULL,NULL),(3,19,38,2,2,NULL,NULL),(3,19,37,12,12,NULL,NULL),(3,19,36,8,8,NULL,NULL),(3,19,35,2,2,NULL,NULL),(3,19,34,2,2,NULL,NULL),(3,19,33,3,3,NULL,NULL),(3,19,32,3,3,NULL,NULL),(3,19,31,3,3,NULL,NULL),(3,19,30,3,3,NULL,NULL),(3,19,29,3,3,NULL,NULL),(3,19,28,3,3,NULL,NULL),(3,19,27,3,3,NULL,NULL),(3,19,26,3,3,NULL,NULL),(3,19,25,3,3,NULL,NULL),(3,19,24,3,3,NULL,NULL),(3,19,23,3,3,NULL,NULL),(3,19,22,3,3,NULL,NULL),(3,19,21,3,3,NULL,NULL),(3,19,20,3,3,NULL,NULL),(3,19,19,3,3,NULL,NULL),(3,19,18,3,3,NULL,NULL),(3,19,17,3,3,NULL,NULL),(3,19,16,3,3,NULL,NULL),(3,19,15,3,3,NULL,NULL),(3,19,14,3,3,NULL,NULL),(3,19,13,3,3,NULL,NULL),(3,19,12,3,3,NULL,NULL),(3,19,11,3,3,NULL,NULL),(3,19,10,3,3,NULL,NULL),(3,19,9,3,3,NULL,NULL),(3,19,8,3,3,NULL,NULL),(3,19,7,3,3,NULL,NULL),(3,19,6,3,3,NULL,NULL),(3,19,5,3,3,NULL,NULL),(3,19,4,3,3,NULL,NULL),(3,19,3,3,3,NULL,NULL),(3,19,2,3,3,NULL,NULL),(3,19,1,3,3,NULL,NULL),(3,18,50,2,2,NULL,NULL),(3,18,49,3,3,NULL,NULL),(3,18,48,3,3,NULL,NULL),(3,18,47,1,1,NULL,NULL),(3,18,46,1,1,NULL,NULL),(3,18,45,1,1,NULL,NULL),(3,18,44,1,1,NULL,NULL),(3,18,43,1,1,NULL,NULL),(3,18,42,1,1,NULL,NULL),(3,18,41,1,1,NULL,NULL),(3,18,40,1,1,NULL,NULL),(3,18,39,1,1,NULL,NULL),(3,18,38,1,1,NULL,NULL),(3,18,37,8,8,NULL,NULL),(3,18,36,8,8,NULL,NULL),(3,18,35,2,2,NULL,NULL),(3,18,34,2,2,NULL,NULL),(3,18,33,3,3,NULL,NULL),(3,18,32,3,3,NULL,NULL),(3,18,31,3,3,NULL,NULL),(3,18,30,3,3,NULL,NULL),(3,18,29,3,3,NULL,NULL),(3,18,28,3,3,NULL,NULL),(3,18,27,3,3,NULL,NULL),(3,18,26,3,3,NULL,NULL),(3,18,25,3,3,NULL,NULL),(3,18,24,3,3,NULL,NULL),(3,18,23,3,3,NULL,NULL),(3,18,22,3,3,NULL,NULL),(3,18,21,3,3,NULL,NULL),(3,18,20,3,3,NULL,NULL),(3,18,19,3,3,NULL,NULL),(3,18,18,3,3,NULL,NULL),(3,18,17,3,3,NULL,NULL),(3,18,16,3,3,NULL,NULL),(3,18,15,3,3,NULL,NULL),(3,18,14,3,3,NULL,NULL),(3,18,13,3,3,NULL,NULL),(3,18,12,3,3,NULL,NULL),(3,18,11,3,3,NULL,NULL),(3,18,10,3,3,NULL,NULL),(3,18,9,3,3,NULL,NULL),(3,18,8,3,3,NULL,NULL),(3,18,7,3,3,NULL,NULL),(3,18,6,3,3,NULL,NULL),(3,18,5,3,3,NULL,NULL),(3,18,4,3,3,NULL,NULL),(3,18,3,3,3,NULL,NULL),(3,18,2,3,3,NULL,NULL),(3,18,1,3,3,NULL,NULL),(3,17,50,9,2,1650,NULL),(3,17,49,2,2,NULL,NULL),(3,17,48,1,1,NULL,NULL),(3,17,47,2,2,NULL,NULL),(3,17,46,2,2,NULL,NULL),(3,17,45,8,2,9995,NULL),(3,17,44,8,2,9995,NULL),(3,17,43,8,2,9995,NULL),(3,17,42,1,1,NULL,NULL),(3,17,41,1,1,NULL,NULL),(3,17,40,8,2,9987,NULL),(3,17,39,8,2,9987,NULL),(3,17,38,8,2,9987,NULL),(3,17,37,2,2,NULL,NULL),(3,17,36,8,8,NULL,NULL),(3,17,35,8,8,NULL,NULL),(3,17,34,8,8,NULL,NULL),(3,17,33,3,3,NULL,NULL),(3,17,32,3,3,NULL,NULL),(3,17,31,3,3,NULL,NULL),(3,17,30,3,3,NULL,NULL),(3,17,29,3,3,NULL,NULL),(3,17,28,3,3,NULL,NULL),(3,17,27,3,3,NULL,NULL),(3,17,26,3,3,NULL,NULL),(3,17,25,3,3,NULL,NULL),(3,17,24,3,3,NULL,NULL),(3,17,23,3,3,NULL,NULL),(3,17,22,3,3,NULL,NULL),(3,17,21,3,3,NULL,NULL),(3,17,20,3,3,NULL,NULL),(3,17,19,3,3,NULL,NULL),(3,17,18,3,3,NULL,NULL),(3,17,17,3,3,NULL,NULL),(3,17,16,3,3,NULL,NULL),(3,17,15,3,3,NULL,NULL),(3,17,14,3,3,NULL,NULL),(3,17,13,3,3,NULL,NULL),(3,17,12,3,3,NULL,NULL),(3,17,11,3,3,NULL,NULL),(3,17,10,3,3,NULL,NULL),(3,17,9,3,3,NULL,NULL),(3,17,8,3,3,NULL,NULL),(3,17,7,3,3,NULL,NULL),(3,17,6,3,3,NULL,NULL),(3,17,5,3,3,NULL,NULL),(3,17,4,3,3,NULL,NULL),(3,17,3,3,3,NULL,NULL),(3,17,2,3,3,NULL,NULL),(3,17,1,3,3,NULL,NULL),(3,16,50,9,2,1650,NULL),(3,16,49,1,1,NULL,NULL),(3,16,48,2,2,NULL,NULL),(3,16,47,8,2,9992,NULL),(3,16,46,8,2,9992,NULL),(3,16,45,8,2,9995,NULL),(3,16,44,2,2,NULL,NULL),(3,16,43,8,2,9995,NULL),(3,16,42,1,1,NULL,NULL),(3,16,41,1,1,NULL,NULL),(3,16,40,8,2,9987,NULL),(3,16,39,2,2,NULL,NULL),(3,16,38,8,2,9987,NULL),(3,16,37,2,2,NULL,NULL),(3,16,36,2,2,NULL,NULL),(3,16,35,1,1,NULL,NULL),(3,16,34,2,2,NULL,NULL),(3,16,33,3,3,NULL,NULL),(3,16,32,3,3,NULL,NULL),(3,16,31,3,3,NULL,NULL),(3,16,30,3,3,NULL,NULL),(3,16,29,3,3,NULL,NULL),(3,16,28,3,3,NULL,NULL),(3,16,27,3,3,NULL,NULL),(3,16,26,3,3,NULL,NULL),(3,16,25,3,3,NULL,NULL),(3,16,24,3,3,NULL,NULL),(3,16,23,3,3,NULL,NULL),(3,16,22,3,3,NULL,NULL),(3,16,21,3,3,NULL,NULL),(3,16,20,3,3,NULL,NULL),(3,16,19,3,3,NULL,NULL),(3,16,18,3,3,NULL,NULL),(3,16,17,3,3,NULL,NULL),(3,16,16,3,3,NULL,NULL),(3,16,15,3,3,NULL,NULL),(3,16,14,3,3,NULL,NULL),(3,16,13,3,3,NULL,NULL),(3,16,12,3,3,NULL,NULL),(3,16,11,3,3,NULL,NULL),(3,16,10,3,3,NULL,NULL),(3,16,9,3,3,NULL,NULL),(3,16,8,3,3,NULL,NULL),(3,16,7,3,3,NULL,NULL),(3,16,6,3,3,NULL,NULL),(3,16,5,3,3,NULL,NULL),(3,16,4,3,3,NULL,NULL),(3,16,3,3,3,NULL,NULL),(3,16,2,3,3,NULL,NULL),(3,16,1,3,3,NULL,NULL),(3,15,50,9,2,1650,NULL),(3,15,49,2,2,NULL,NULL),(3,15,48,21,2,1538,NULL),(3,15,47,12,2,9994,NULL),(3,15,46,1,1,NULL,NULL),(3,15,45,8,2,9995,NULL),(3,15,44,8,2,9995,NULL),(3,15,43,8,2,9995,NULL),(3,15,42,1,1,NULL,NULL),(3,15,41,1,1,NULL,NULL),(3,15,40,8,2,9987,NULL),(3,15,39,8,2,9987,NULL),(3,15,38,8,2,9987,NULL),(3,15,37,2,2,NULL,NULL),(3,15,36,21,2,1536,NULL),(3,15,35,8,8,NULL,NULL),(3,15,34,8,8,NULL,NULL),(3,15,33,3,3,NULL,NULL),(3,15,32,3,3,NULL,NULL),(3,15,31,3,3,NULL,NULL),(3,15,30,3,3,NULL,NULL),(3,15,29,3,3,NULL,NULL),(3,15,28,3,3,NULL,NULL),(3,15,27,3,3,NULL,NULL),(3,15,26,3,3,NULL,NULL),(3,15,25,3,3,NULL,NULL),(3,15,24,3,3,NULL,NULL),(3,15,23,3,3,NULL,NULL),(3,15,22,3,3,NULL,NULL),(3,15,21,3,3,NULL,NULL),(3,15,20,3,3,NULL,NULL),(3,15,19,3,3,NULL,NULL),(3,15,18,3,3,NULL,NULL),(3,15,17,3,3,NULL,NULL),(3,15,16,3,3,NULL,NULL),(3,15,15,3,3,NULL,NULL),(3,15,14,3,3,NULL,NULL),(3,15,13,3,3,NULL,NULL),(3,15,12,3,3,NULL,NULL),(3,15,11,3,3,NULL,NULL),(3,15,10,3,3,NULL,NULL),(3,15,9,3,3,NULL,NULL),(3,15,8,3,3,NULL,NULL),(3,15,7,3,3,NULL,NULL),(3,15,6,3,3,NULL,NULL),(3,15,5,3,3,NULL,NULL),(3,15,4,3,3,NULL,NULL),(3,15,3,3,3,NULL,NULL),(3,15,2,3,3,NULL,NULL),(3,15,1,3,3,NULL,NULL),(3,14,50,2,2,NULL,NULL),(3,14,49,2,2,NULL,NULL),(3,14,48,8,2,9993,NULL),(3,14,47,12,2,9994,NULL),(3,14,46,1,1,NULL,NULL),(3,14,45,1,1,NULL,NULL),(3,14,44,11,2,999,NULL),(3,14,43,11,2,9996,NULL),(3,14,42,1,1,NULL,NULL),(3,14,41,1,1,NULL,NULL),(3,14,40,11,2,9997,NULL),(3,14,39,11,2,9997,NULL),(3,14,38,2,2,NULL,NULL),(3,14,37,2,2,NULL,NULL),(3,14,36,8,8,NULL,NULL),(3,14,35,8,8,NULL,NULL),(3,14,34,2,2,NULL,NULL),(3,14,33,3,3,NULL,NULL),(3,14,32,3,3,NULL,NULL),(3,14,31,3,3,NULL,NULL),(3,14,30,3,3,NULL,NULL),(3,14,29,3,3,NULL,NULL),(3,14,28,3,3,NULL,NULL),(3,14,27,3,3,NULL,NULL),(3,14,26,3,3,NULL,NULL),(3,14,25,3,3,NULL,NULL),(3,14,24,3,3,NULL,NULL),(3,14,23,3,3,NULL,NULL),(3,14,22,3,3,NULL,NULL),(3,14,21,3,3,NULL,NULL),(3,14,20,3,3,NULL,NULL),(3,14,19,3,3,NULL,NULL),(3,14,18,3,3,NULL,NULL),(3,14,17,3,3,NULL,NULL),(3,14,16,3,3,NULL,NULL),(3,14,15,3,3,NULL,NULL),(3,14,14,3,3,NULL,NULL),(3,14,13,3,3,NULL,NULL),(3,14,12,3,3,NULL,NULL),(3,14,11,3,3,NULL,NULL),(3,14,10,3,3,NULL,NULL),(3,14,9,3,3,NULL,NULL),(3,14,8,3,3,NULL,NULL),(3,14,7,3,3,NULL,NULL),(3,14,6,3,3,NULL,NULL),(3,14,5,3,3,NULL,NULL),(3,14,4,3,3,NULL,NULL),(3,14,3,3,3,NULL,NULL),(3,14,2,3,3,NULL,NULL),(3,14,1,3,3,NULL,NULL),(3,13,50,2,2,NULL,NULL),(3,13,49,8,2,9993,NULL),(3,13,48,8,2,9993,NULL),(3,13,47,8,2,9993,NULL),(3,13,46,8,2,9993,NULL),(3,13,45,1,1,NULL,NULL),(3,13,44,11,2,9996,NULL),(3,13,43,11,2,9996,NULL),(3,13,42,1,1,NULL,NULL),(3,13,41,1,1,NULL,NULL),(3,13,40,11,2,9997,NULL),(3,13,39,11,2,9997,NULL),(3,13,38,8,8,NULL,NULL),(3,13,37,2,2,NULL,NULL),(3,13,36,8,8,NULL,NULL),(3,13,35,8,8,NULL,NULL),(3,13,34,2,2,NULL,NULL),(3,13,33,3,3,NULL,NULL),(3,13,32,3,3,NULL,NULL),(3,13,31,3,3,NULL,NULL),(3,13,30,3,3,NULL,NULL),(3,13,29,3,3,NULL,NULL),(3,13,28,3,3,NULL,NULL),(3,13,27,3,3,NULL,NULL),(3,13,26,3,3,NULL,NULL),(3,13,25,3,3,NULL,NULL),(3,13,24,3,3,NULL,NULL),(3,13,23,3,3,NULL,NULL),(3,13,22,3,3,NULL,NULL),(3,13,21,3,3,NULL,NULL),(3,13,20,3,3,NULL,NULL),(3,13,19,3,3,NULL,NULL),(3,13,18,3,3,NULL,NULL),(3,13,17,3,3,NULL,NULL),(3,13,16,3,3,NULL,NULL),(3,13,15,3,3,NULL,NULL),(3,13,14,3,3,NULL,NULL),(3,13,13,3,3,NULL,NULL),(3,13,12,3,3,NULL,NULL),(3,13,11,3,3,NULL,NULL),(3,13,10,3,3,NULL,NULL),(3,13,9,3,3,NULL,NULL),(3,13,8,3,3,NULL,NULL),(3,13,7,3,3,NULL,NULL),(3,13,6,3,3,NULL,NULL),(3,13,5,3,3,NULL,NULL),(3,13,4,3,3,NULL,NULL),(3,13,3,3,3,NULL,NULL),(3,13,2,3,3,NULL,NULL),(3,13,1,3,3,NULL,NULL),(3,12,50,8,2,9993,NULL),(3,12,49,2,2,NULL,NULL),(3,12,48,2,2,NULL,NULL),(3,12,47,2,2,NULL,NULL),(3,12,46,2,2,NULL,NULL),(3,12,45,2,2,NULL,NULL),(3,12,44,2,2,NULL,NULL),(3,12,43,2,2,NULL,NULL),(3,12,42,1,1,NULL,NULL),(3,12,41,1,1,NULL,NULL),(3,12,40,2,2,NULL,NULL),(3,12,39,2,2,NULL,NULL),(3,12,38,2,2,NULL,NULL),(3,12,37,2,2,NULL,NULL),(3,12,36,2,2,NULL,NULL),(3,12,35,2,2,NULL,NULL),(3,12,34,2,2,NULL,NULL),(3,12,33,3,3,NULL,NULL),(3,12,32,3,3,NULL,NULL),(3,12,31,3,3,NULL,NULL),(3,12,30,3,3,NULL,NULL),(3,12,29,3,3,NULL,NULL),(3,12,28,3,3,NULL,NULL),(3,12,27,3,3,NULL,NULL),(3,12,26,3,3,NULL,NULL),(3,12,25,3,3,NULL,NULL),(3,12,24,3,3,NULL,NULL),(3,12,23,3,3,NULL,NULL),(3,12,22,3,3,NULL,NULL),(3,12,21,3,3,NULL,NULL),(3,12,20,2,3,NULL,NULL),(3,12,19,3,3,NULL,NULL),(3,12,18,3,3,NULL,NULL),(3,12,17,3,3,NULL,NULL),(3,12,16,3,3,NULL,NULL),(3,12,15,3,3,NULL,NULL),(3,12,14,3,3,NULL,NULL),(3,12,13,3,3,NULL,NULL),(3,12,12,3,3,NULL,NULL),(3,12,11,3,3,NULL,NULL),(3,12,10,3,3,NULL,NULL),(3,12,9,3,3,NULL,NULL),(3,12,8,3,3,NULL,NULL),(3,12,7,3,3,NULL,NULL),(3,12,6,3,3,NULL,NULL),(3,12,5,3,3,NULL,NULL),(3,12,4,3,3,NULL,NULL),(3,12,3,3,3,NULL,NULL),(3,12,2,3,3,NULL,NULL),(3,12,1,3,3,NULL,NULL),(3,11,50,2,2,NULL,NULL),(3,11,49,2,2,NULL,NULL),(3,11,48,3,3,NULL,NULL),(3,11,47,3,3,NULL,NULL),(3,11,46,3,3,NULL,NULL),(3,11,45,3,3,NULL,NULL),(3,11,44,3,3,NULL,NULL),(3,11,43,3,3,NULL,NULL),(3,11,42,1,1,NULL,NULL),(3,11,41,1,1,NULL,NULL),(3,11,40,3,3,NULL,NULL),(3,11,39,3,3,NULL,NULL),(3,11,38,3,3,NULL,NULL),(3,11,37,3,3,NULL,NULL),(3,11,36,3,3,NULL,NULL),(3,11,35,3,3,NULL,NULL),(3,11,34,2,2,NULL,NULL),(3,11,33,3,3,NULL,NULL),(3,11,32,3,3,NULL,NULL),(3,11,31,3,3,NULL,NULL),(3,11,30,3,3,NULL,NULL),(3,11,29,3,3,NULL,NULL),(3,11,28,3,3,NULL,NULL),(3,11,27,3,3,NULL,NULL),(3,11,26,3,3,NULL,NULL),(3,11,25,3,3,NULL,NULL),(3,11,24,3,3,NULL,NULL),(3,11,23,3,3,NULL,NULL),(3,11,22,3,3,NULL,NULL),(3,11,21,3,3,NULL,NULL),(3,11,20,3,3,NULL,NULL),(3,11,19,3,3,NULL,NULL),(3,11,18,3,3,NULL,NULL),(3,11,17,3,3,NULL,NULL),(3,11,16,3,3,NULL,NULL),(3,11,15,3,3,NULL,NULL),(3,11,14,3,3,NULL,NULL),(3,11,13,3,3,NULL,NULL),(3,11,12,3,3,NULL,NULL),(3,11,11,3,3,NULL,NULL),(3,11,10,3,3,NULL,NULL),(3,11,9,3,3,NULL,NULL),(3,11,8,3,3,NULL,NULL),(3,11,7,3,3,NULL,NULL),(3,11,6,3,3,NULL,NULL),(3,11,5,3,3,NULL,NULL),(3,11,4,3,3,NULL,NULL),(3,11,3,3,3,NULL,NULL),(3,11,2,3,3,NULL,NULL),(3,11,1,3,3,NULL,NULL),(3,10,50,8,2,1050,NULL),(3,10,49,2,2,NULL,NULL),(3,10,48,3,3,NULL,NULL),(3,10,47,3,3,NULL,NULL),(3,10,46,3,3,NULL,NULL),(3,10,45,3,3,NULL,NULL),(3,10,44,3,3,NULL,NULL),(3,10,43,3,3,NULL,NULL),(3,10,42,1,1,NULL,NULL),(3,10,41,1,1,NULL,NULL),(3,10,40,3,3,NULL,NULL),(3,10,39,3,3,NULL,NULL),(3,10,38,3,3,NULL,NULL),(3,10,37,3,3,NULL,NULL),(3,10,36,3,3,NULL,NULL),(3,10,35,3,3,NULL,NULL),(3,10,34,2,2,NULL,NULL),(3,10,33,3,3,NULL,NULL),(3,10,32,3,3,NULL,NULL),(3,10,31,3,3,NULL,NULL),(3,10,30,3,3,NULL,NULL),(3,10,29,3,3,NULL,NULL),(3,10,28,3,3,NULL,NULL),(3,10,27,3,3,NULL,NULL),(3,10,26,3,3,NULL,NULL),(3,10,25,3,3,NULL,NULL),(3,10,24,3,3,NULL,NULL),(3,10,23,3,3,NULL,NULL),(3,10,22,3,3,NULL,NULL),(3,10,21,3,3,NULL,NULL),(3,10,20,3,3,NULL,NULL),(3,10,19,3,3,NULL,NULL),(3,10,18,3,3,NULL,NULL),(3,10,17,3,3,NULL,NULL),(3,10,16,3,3,NULL,NULL),(3,10,15,3,3,NULL,NULL),(3,10,14,3,3,NULL,NULL),(3,10,13,3,3,NULL,NULL),(3,10,12,3,3,NULL,NULL),(3,10,11,3,3,NULL,NULL),(3,10,10,3,3,NULL,NULL),(3,10,9,3,3,NULL,NULL),(3,10,8,3,3,NULL,NULL),(3,10,7,3,3,NULL,NULL),(3,10,6,3,3,NULL,NULL),(3,10,5,3,3,NULL,NULL),(3,10,4,3,3,NULL,NULL),(3,10,3,3,3,NULL,NULL),(3,10,2,3,3,NULL,NULL),(3,10,1,3,3,NULL,NULL),(3,9,50,2,2,NULL,NULL),(3,9,49,2,2,NULL,NULL),(3,9,48,3,3,NULL,NULL),(3,9,47,3,3,NULL,NULL),(3,9,46,9,2,8888,NULL),(3,9,45,9,2,8888,NULL),(3,9,44,2,2,NULL,NULL),(3,9,43,2,2,NULL,NULL),(3,9,42,1,1,NULL,NULL),(3,9,41,1,1,NULL,NULL),(3,9,40,2,2,NULL,NULL),(3,9,39,2,2,NULL,NULL),(3,9,38,9,2,8888,NULL),(3,9,37,9,2,8888,NULL),(3,9,36,3,3,NULL,NULL),(3,9,35,3,3,NULL,NULL),(3,9,34,2,2,NULL,NULL),(3,9,33,3,3,NULL,NULL),(3,9,32,3,3,NULL,NULL),(3,9,31,3,3,NULL,NULL),(3,9,30,3,3,NULL,NULL),(3,9,29,3,3,NULL,NULL),(3,9,28,3,3,NULL,NULL),(3,9,27,3,3,NULL,NULL),(3,9,26,3,3,NULL,NULL),(3,9,25,3,3,NULL,NULL),(3,9,24,3,3,NULL,NULL),(3,9,23,3,3,NULL,NULL),(3,9,22,3,3,NULL,NULL),(3,9,21,3,3,NULL,NULL),(3,9,20,3,3,NULL,NULL),(3,9,19,3,3,NULL,NULL),(3,9,18,3,3,NULL,NULL),(3,9,17,3,3,NULL,NULL),(3,9,16,3,3,NULL,NULL),(3,9,15,3,3,NULL,NULL),(3,9,14,3,3,NULL,NULL),(3,9,13,3,3,NULL,NULL),(3,9,12,3,3,NULL,NULL),(3,9,11,3,3,NULL,NULL),(3,9,10,3,3,NULL,NULL),(3,9,9,3,3,NULL,NULL),(3,9,8,3,3,NULL,NULL),(3,9,7,3,3,NULL,NULL),(3,9,6,3,3,NULL,NULL),(3,9,5,3,3,NULL,NULL),(3,9,4,3,3,NULL,NULL),(3,9,3,3,3,NULL,NULL),(3,9,2,3,3,NULL,NULL),(3,9,1,3,3,NULL,NULL),(3,8,50,8,2,850,NULL),(3,8,49,2,2,NULL,NULL),(3,8,48,3,3,NULL,NULL),(3,8,47,3,3,NULL,NULL),(3,8,46,9,2,8888,NULL),(3,8,45,2,2,NULL,NULL),(3,8,44,2,2,NULL,NULL),(3,8,43,2,2,NULL,NULL),(3,8,42,1,1,NULL,NULL),(3,8,41,1,1,NULL,NULL),(3,8,40,2,2,NULL,NULL),(3,8,39,2,2,NULL,NULL),(3,8,38,2,2,NULL,NULL),(3,8,37,9,2,8888,NULL),(3,8,36,3,3,NULL,NULL),(3,8,35,3,3,NULL,NULL),(3,8,34,2,2,NULL,NULL),(3,8,33,3,3,NULL,NULL),(3,8,32,3,3,NULL,NULL),(3,8,31,3,3,NULL,NULL),(3,8,30,3,3,NULL,NULL),(3,8,29,3,3,NULL,NULL),(3,8,28,3,3,NULL,NULL),(3,8,27,3,3,NULL,NULL),(3,8,26,3,3,NULL,NULL),(3,8,25,3,3,NULL,NULL),(3,8,24,3,3,NULL,NULL),(3,8,23,3,3,NULL,NULL),(3,8,22,3,3,NULL,NULL),(3,8,21,3,3,NULL,NULL),(3,8,20,3,3,NULL,NULL),(3,8,19,3,3,NULL,NULL),(3,8,18,3,3,NULL,NULL),(3,8,17,3,3,NULL,NULL),(3,8,16,3,3,NULL,NULL),(3,8,15,3,3,NULL,NULL),(3,8,14,3,3,NULL,NULL),(3,8,13,3,3,NULL,NULL),(3,8,12,3,3,NULL,NULL),(3,8,11,3,3,NULL,NULL),(3,8,10,3,3,NULL,NULL),(3,8,9,3,3,NULL,NULL),(3,8,8,3,3,NULL,NULL),(3,8,7,3,3,NULL,NULL),(3,8,6,3,3,NULL,NULL),(3,8,5,3,3,NULL,NULL),(3,8,4,3,3,NULL,NULL),(3,8,3,3,3,NULL,NULL),(3,8,2,3,3,NULL,NULL),(3,8,1,3,3,NULL,NULL),(3,7,50,2,2,NULL,NULL),(3,7,49,2,2,NULL,NULL),(3,7,48,3,3,NULL,NULL),(3,7,47,3,3,NULL,NULL),(3,7,46,2,2,NULL,NULL),(3,7,45,2,2,NULL,NULL),(3,7,44,2,2,NULL,NULL),(3,7,43,2,2,NULL,NULL),(3,7,42,1,1,NULL,NULL),(3,7,41,1,1,NULL,NULL),(3,7,40,2,2,NULL,NULL),(3,7,39,2,2,NULL,NULL),(3,7,38,2,2,NULL,NULL),(3,7,37,2,2,NULL,NULL),(3,7,36,3,3,NULL,NULL),(3,7,35,3,3,NULL,NULL),(3,7,34,2,2,NULL,NULL),(3,7,33,3,3,NULL,NULL),(3,7,32,3,3,NULL,NULL),(3,7,31,3,3,NULL,NULL),(3,7,30,3,3,NULL,NULL),(3,7,29,3,3,NULL,NULL),(3,7,28,3,3,NULL,NULL),(3,7,27,3,3,NULL,NULL),(3,7,26,3,3,NULL,NULL),(3,7,25,3,3,NULL,NULL),(3,7,24,3,3,NULL,NULL),(3,7,23,3,3,NULL,NULL),(3,7,22,3,3,NULL,NULL),(3,7,21,3,3,NULL,NULL),(3,7,20,3,3,NULL,NULL),(3,7,19,3,3,NULL,NULL),(3,7,18,3,3,NULL,NULL),(3,7,17,3,3,NULL,NULL),(3,7,16,3,3,NULL,NULL),(3,7,15,3,3,NULL,NULL),(3,7,14,3,3,NULL,NULL),(3,7,13,3,3,NULL,NULL),(3,7,12,3,3,NULL,NULL),(3,7,11,3,3,NULL,NULL),(3,7,10,3,3,NULL,NULL),(3,7,9,3,3,NULL,NULL),(3,7,8,3,3,NULL,NULL),(3,7,7,3,3,NULL,NULL),(3,7,6,3,3,NULL,NULL),(3,7,5,3,3,NULL,NULL),(3,7,4,3,3,NULL,NULL),(3,7,3,3,3,NULL,NULL),(3,7,2,3,3,NULL,NULL),(3,7,1,3,3,NULL,NULL),(3,6,50,8,2,9998,NULL),(3,6,49,2,2,NULL,NULL),(3,6,48,3,3,NULL,NULL),(3,6,47,3,3,NULL,NULL),(3,6,46,2,2,NULL,NULL),(3,6,45,10,2,9999,NULL),(3,6,44,2,2,NULL,NULL),(3,6,43,2,2,NULL,NULL),(3,6,42,10,2,9999,NULL),(3,6,41,10,2,9999,NULL),(3,6,40,2,2,NULL,NULL),(3,6,39,2,2,NULL,NULL),(3,6,38,10,2,9999,NULL),(3,6,37,2,2,NULL,NULL),(3,6,36,3,3,NULL,NULL),(3,6,35,3,3,NULL,NULL),(3,6,34,2,2,NULL,NULL),(3,6,33,3,3,NULL,NULL),(3,6,32,3,3,NULL,NULL),(3,6,31,3,3,NULL,NULL),(3,6,30,3,3,NULL,NULL),(3,6,29,3,3,NULL,NULL),(3,6,28,3,3,NULL,NULL),(3,6,27,3,3,NULL,NULL),(3,6,26,3,3,NULL,NULL),(3,6,25,3,3,NULL,NULL),(3,6,24,3,3,NULL,NULL),(3,6,23,3,3,NULL,NULL),(3,6,22,3,3,NULL,NULL),(3,6,21,3,3,NULL,NULL),(3,6,20,3,3,NULL,NULL),(3,6,19,3,3,NULL,NULL),(3,6,18,3,3,NULL,NULL),(3,6,17,3,3,NULL,NULL),(3,6,16,3,3,NULL,NULL),(3,6,15,3,3,NULL,NULL),(3,6,14,3,3,NULL,NULL),(3,6,13,3,3,NULL,NULL),(3,6,12,3,3,NULL,NULL),(3,6,11,3,3,NULL,NULL),(3,6,10,3,3,NULL,NULL),(3,6,9,3,3,NULL,NULL),(3,6,8,3,3,NULL,NULL),(3,6,7,3,3,NULL,NULL),(3,6,6,3,3,NULL,NULL),(3,6,5,3,3,NULL,NULL),(3,6,4,5,5,NULL,NULL),(3,6,3,5,5,NULL,NULL),(3,6,2,3,3,NULL,NULL),(3,6,1,3,3,NULL,NULL),(3,5,50,8,2,9998,NULL),(3,5,49,2,2,NULL,NULL),(3,5,48,3,3,NULL,NULL),(3,5,47,3,3,NULL,NULL),(3,5,46,2,2,NULL,NULL),(3,5,45,10,2,9999,NULL),(3,5,44,10,2,9999,NULL),(3,5,43,10,2,9999,NULL),(3,5,42,20,2,9999,NULL),(3,5,41,20,2,9999,NULL),(3,5,40,10,2,9999,NULL),(3,5,39,10,2,9999,NULL),(3,5,38,10,2,9999,NULL),(3,5,37,2,2,NULL,NULL),(3,5,36,3,3,NULL,NULL),(3,5,35,3,3,NULL,NULL),(3,5,34,3,3,NULL,NULL),(3,5,33,3,3,NULL,NULL),(3,5,32,3,3,NULL,NULL),(3,5,31,3,3,NULL,NULL),(3,5,30,3,3,NULL,NULL),(3,5,29,3,3,NULL,NULL),(3,5,28,3,3,NULL,NULL),(3,5,27,3,3,NULL,NULL),(3,5,26,3,3,NULL,NULL),(3,5,25,3,3,NULL,NULL),(3,5,24,3,3,NULL,NULL),(3,5,23,3,3,NULL,NULL),(3,5,22,3,3,NULL,NULL),(3,5,21,3,3,NULL,NULL),(3,5,20,3,3,NULL,NULL),(3,5,19,3,3,NULL,NULL),(3,5,18,3,3,NULL,NULL),(3,5,17,3,3,NULL,NULL),(3,5,16,3,3,NULL,NULL),(3,5,15,3,3,NULL,NULL),(3,5,14,3,3,NULL,NULL),(3,5,13,3,3,NULL,NULL),(3,5,12,3,3,NULL,NULL),(3,5,11,3,3,NULL,NULL),(3,5,10,3,3,NULL,NULL),(3,5,9,3,3,NULL,NULL),(3,5,8,3,3,NULL,NULL),(3,5,7,3,3,NULL,NULL),(3,5,6,3,3,NULL,NULL),(3,5,5,5,5,NULL,NULL),(3,5,4,13,13,NULL,NULL),(3,5,3,13,13,NULL,NULL),(3,5,2,5,5,NULL,NULL),(3,5,1,3,3,NULL,NULL),(3,4,50,2,2,NULL,NULL),(3,4,49,2,2,NULL,NULL),(3,4,48,3,3,NULL,NULL),(3,4,47,3,3,NULL,NULL),(3,4,46,2,2,NULL,NULL),(3,4,45,10,2,9999,NULL),(3,4,44,2,2,NULL,NULL),(3,4,43,2,2,NULL,NULL),(3,4,42,10,2,9999,NULL),(3,4,41,10,2,9999,NULL),(3,4,40,2,2,NULL,NULL),(3,4,39,2,2,NULL,NULL),(3,4,38,10,2,9999,NULL),(3,4,37,2,2,NULL,NULL),(3,4,36,3,3,NULL,NULL),(3,4,35,3,3,NULL,NULL),(3,4,34,3,3,NULL,NULL),(3,4,33,3,3,NULL,NULL),(3,4,32,3,3,NULL,NULL),(3,4,31,3,3,NULL,NULL),(3,4,30,3,3,NULL,NULL),(3,4,29,3,3,NULL,NULL),(3,4,28,3,3,NULL,NULL),(3,4,27,3,3,NULL,NULL),(3,4,26,3,3,NULL,NULL),(3,4,25,3,3,NULL,NULL),(3,4,24,3,3,NULL,NULL),(3,4,23,3,3,NULL,NULL),(3,4,22,3,3,NULL,NULL),(3,4,21,3,3,NULL,NULL),(3,4,20,3,3,NULL,NULL),(3,4,19,3,3,NULL,NULL),(3,4,18,3,3,NULL,NULL),(3,4,17,3,3,NULL,NULL),(3,4,16,3,3,NULL,NULL),(3,4,15,3,3,NULL,NULL),(3,4,14,3,3,NULL,NULL),(3,4,13,3,3,NULL,NULL),(3,4,12,3,3,NULL,NULL),(3,4,11,3,3,NULL,NULL),(3,4,10,3,3,NULL,NULL),(3,4,9,3,3,NULL,NULL),(3,4,8,3,3,NULL,NULL),(3,4,7,3,3,NULL,NULL),(3,4,6,3,3,NULL,NULL),(3,4,5,13,13,NULL,NULL),(3,4,4,14,14,NULL,NULL),(3,4,3,15,15,NULL,NULL),(3,4,2,13,13,NULL,NULL),(3,4,1,3,3,NULL,NULL),(3,3,50,3,2,350,NULL),(3,3,49,3,2,2222,NULL),(3,3,48,3,2,2222,NULL),(3,3,47,3,2,2222,NULL),(3,3,46,2,2,2222,NULL),(3,3,45,2,2,NULL,NULL),(3,3,44,2,2,NULL,NULL),(3,3,43,2,2,NULL,NULL),(3,3,42,2,2,NULL,NULL),(3,3,41,2,2,NULL,NULL),(3,3,40,2,2,NULL,NULL),(3,3,39,2,2,NULL,NULL),(3,3,38,2,2,NULL,NULL),(3,3,37,2,2,NULL,NULL),(3,3,36,3,3,NULL,NULL),(3,3,35,3,3,NULL,NULL),(3,3,34,3,3,NULL,NULL),(3,3,33,3,3,NULL,NULL),(3,3,32,3,3,NULL,NULL),(3,3,31,3,3,NULL,NULL),(3,3,30,3,3,NULL,NULL),(3,3,29,3,3,NULL,NULL),(3,3,28,3,3,NULL,NULL),(3,3,27,3,3,NULL,NULL),(3,3,26,3,3,NULL,NULL),(3,3,25,3,3,NULL,NULL),(3,3,24,3,3,NULL,NULL),(3,3,23,3,3,NULL,NULL),(3,3,22,3,3,NULL,NULL),(3,3,21,3,3,NULL,NULL),(3,3,20,3,3,NULL,NULL),(3,3,19,3,3,NULL,NULL),(3,3,18,3,3,NULL,NULL),(3,3,17,3,3,NULL,NULL),(3,3,16,3,3,NULL,NULL),(3,3,15,3,3,NULL,NULL),(3,3,14,3,3,NULL,NULL),(3,3,13,3,3,NULL,NULL),(3,3,12,3,3,NULL,NULL),(3,3,11,3,3,NULL,NULL),(3,3,10,3,3,NULL,NULL),(3,3,9,3,3,NULL,NULL),(3,3,8,3,3,NULL,NULL),(3,3,7,3,3,NULL,NULL),(3,3,6,3,3,NULL,NULL),(3,3,5,5,5,NULL,NULL),(3,3,4,13,13,NULL,NULL),(3,3,3,9,2,303,NULL),(3,3,2,13,13,NULL,NULL),(3,3,1,3,3,NULL,NULL),(3,2,50,3,3,NULL,NULL),(3,2,49,3,3,NULL,NULL),(3,2,48,3,3,NULL,NULL),(3,2,47,3,3,NULL,NULL),(3,2,46,3,3,NULL,NULL),(3,2,45,3,3,NULL,NULL),(3,2,44,3,3,NULL,NULL),(3,2,43,3,3,NULL,NULL),(3,2,42,3,3,NULL,NULL),(3,2,41,3,3,NULL,NULL),(3,2,40,3,3,NULL,NULL),(3,2,39,3,3,NULL,NULL),(3,2,38,3,3,NULL,NULL),(3,2,37,3,3,NULL,NULL),(3,2,36,3,3,NULL,NULL),(3,2,35,3,3,NULL,NULL),(3,2,34,3,3,NULL,NULL),(3,2,33,3,3,NULL,NULL),(3,2,32,3,3,NULL,NULL),(3,2,31,3,3,NULL,NULL),(3,2,30,3,3,NULL,NULL),(3,2,29,3,3,NULL,NULL),(3,2,28,3,3,NULL,NULL),(3,2,27,3,3,NULL,NULL),(3,2,26,3,3,NULL,NULL),(3,2,25,3,3,NULL,NULL),(3,2,24,3,3,NULL,NULL),(3,2,23,3,3,NULL,NULL),(3,2,22,3,3,NULL,NULL),(3,2,21,3,3,NULL,NULL),(3,2,20,3,3,NULL,NULL),(3,2,19,3,3,NULL,NULL),(3,2,18,3,3,NULL,NULL),(3,2,17,3,3,NULL,NULL),(3,2,16,3,3,NULL,NULL),(3,2,15,3,3,NULL,NULL),(3,2,14,3,3,NULL,NULL),(3,2,13,3,3,NULL,NULL),(3,2,12,3,3,NULL,NULL),(3,2,11,3,3,NULL,NULL),(3,2,10,3,3,NULL,NULL),(3,2,9,3,3,NULL,NULL),(3,2,8,3,3,NULL,NULL),(3,2,7,3,3,NULL,NULL),(3,2,6,3,3,NULL,NULL),(3,2,5,3,3,NULL,NULL),(3,2,4,5,5,NULL,NULL),(3,2,3,13,13,NULL,NULL),(3,2,2,5,5,NULL,NULL),(3,2,1,3,3,NULL,NULL),(3,1,50,3,2,150,NULL),(3,1,49,3,2,150,NULL),(3,1,48,3,3,NULL,NULL),(3,1,47,3,3,NULL,NULL),(3,1,46,3,3,NULL,NULL),(3,1,45,3,3,NULL,NULL),(3,1,44,3,3,NULL,NULL),(3,1,43,3,3,NULL,NULL),(3,1,42,3,3,NULL,NULL),(3,1,41,3,3,NULL,NULL),(3,1,40,3,3,NULL,NULL),(3,1,39,3,3,NULL,NULL),(3,1,38,3,3,NULL,NULL),(3,1,37,3,3,NULL,NULL),(3,1,36,3,3,NULL,NULL),(3,1,35,3,3,NULL,NULL),(3,1,34,3,3,NULL,NULL),(3,1,33,3,3,NULL,NULL),(3,1,32,3,3,NULL,NULL),(3,1,31,3,3,NULL,NULL),(3,1,30,3,3,NULL,NULL),(3,1,29,3,3,NULL,NULL),(3,1,28,3,3,NULL,NULL),(3,1,27,3,3,NULL,NULL),(3,1,26,3,3,NULL,NULL),(3,1,25,3,3,NULL,NULL),(3,1,24,3,3,NULL,NULL),(3,1,23,3,3,NULL,NULL),(3,1,22,3,3,NULL,NULL),(3,1,21,3,3,NULL,NULL),(3,1,20,3,3,NULL,NULL),(3,1,19,3,3,NULL,NULL),(3,1,18,3,3,NULL,NULL),(3,1,17,3,3,NULL,NULL),(3,1,16,3,3,NULL,NULL),(3,1,15,3,3,NULL,NULL),(3,1,14,3,3,NULL,NULL),(3,1,13,3,3,NULL,NULL),(3,1,12,3,3,NULL,NULL),(3,1,11,3,3,NULL,NULL),(3,1,10,3,3,NULL,NULL),(3,1,9,3,3,NULL,NULL),(3,1,8,3,3,NULL,NULL),(3,1,7,3,3,NULL,NULL),(3,1,6,3,3,NULL,NULL),(3,1,5,3,3,NULL,NULL),(3,1,4,3,3,NULL,NULL),(3,1,3,3,3,NULL,NULL),(3,1,2,3,3,NULL,NULL),(3,1,1,3,3,NULL,NULL),(4,1,1,3,3,NULL,NULL),(4,1,2,3,3,NULL,NULL),(4,1,3,3,3,NULL,NULL),(4,1,4,3,3,NULL,NULL),(4,1,5,3,3,NULL,NULL),(4,1,6,3,3,NULL,NULL),(4,1,7,3,3,NULL,NULL),(4,1,8,3,3,NULL,NULL),(4,1,9,3,3,NULL,NULL),(4,1,10,3,3,NULL,NULL),(4,1,11,3,3,NULL,NULL),(4,1,12,3,3,NULL,NULL),(4,1,13,3,3,NULL,NULL),(4,1,14,3,3,NULL,NULL),(4,1,15,3,3,NULL,NULL),(4,1,16,3,3,NULL,NULL),(4,1,17,3,3,NULL,NULL),(4,1,18,3,3,NULL,NULL),(4,1,19,3,3,NULL,NULL),(4,1,20,3,3,NULL,NULL),(4,1,21,3,3,NULL,NULL),(4,1,22,3,3,NULL,NULL),(4,1,23,3,3,NULL,NULL),(4,1,24,3,3,NULL,NULL),(4,1,25,3,3,NULL,NULL),(4,1,26,3,3,NULL,NULL),(4,1,27,3,3,NULL,NULL),(4,1,28,3,3,NULL,NULL),(4,1,29,3,3,NULL,NULL),(4,1,30,3,3,NULL,NULL),(4,1,31,3,3,NULL,NULL),(4,1,32,3,3,NULL,NULL),(4,1,33,3,3,NULL,NULL),(4,1,34,3,3,NULL,NULL),(4,1,35,3,3,NULL,NULL),(4,1,36,3,3,NULL,NULL),(4,1,37,3,3,NULL,NULL),(4,1,38,3,3,NULL,NULL),(4,1,39,3,3,NULL,NULL),(4,1,40,3,3,NULL,NULL),(4,1,41,3,3,NULL,NULL),(4,1,42,3,3,NULL,NULL),(4,1,43,3,3,NULL,NULL),(4,1,44,3,3,NULL,NULL),(4,1,45,3,3,NULL,NULL),(4,1,46,3,3,NULL,NULL),(4,1,47,3,3,NULL,NULL),(4,1,48,3,3,NULL,NULL),(4,1,49,3,3,NULL,NULL),(4,1,50,3,3,NULL,NULL),(4,2,1,3,3,NULL,NULL),(4,2,2,3,3,NULL,NULL),(4,2,3,3,3,NULL,NULL),(4,2,4,3,3,NULL,NULL),(4,2,5,3,3,NULL,NULL),(4,2,6,3,3,NULL,NULL),(4,2,7,3,3,NULL,NULL),(4,2,8,3,3,NULL,NULL),(4,2,9,3,3,NULL,NULL),(4,2,10,3,3,NULL,NULL),(4,2,11,3,3,NULL,NULL),(4,2,12,3,3,NULL,NULL),(4,2,13,3,3,NULL,NULL),(4,2,14,3,3,NULL,NULL),(4,2,15,3,3,NULL,NULL),(4,2,16,3,3,NULL,NULL),(4,2,17,3,3,NULL,NULL),(4,2,18,3,3,NULL,NULL),(4,2,19,3,3,NULL,NULL),(4,2,20,3,3,NULL,NULL),(4,2,21,3,3,NULL,NULL),(4,2,22,3,3,NULL,NULL),(4,2,23,3,3,NULL,NULL),(4,2,24,3,3,NULL,NULL),(4,2,25,3,3,NULL,NULL),(4,2,26,3,3,NULL,NULL),(4,2,27,3,3,NULL,NULL),(4,2,28,3,3,NULL,NULL),(4,2,29,3,3,NULL,NULL),(4,2,30,3,3,NULL,NULL),(4,2,31,3,3,NULL,NULL),(4,2,32,3,3,NULL,NULL),(4,2,33,3,3,NULL,NULL),(4,2,34,3,3,NULL,NULL),(4,2,35,3,3,NULL,NULL),(4,2,36,3,3,NULL,NULL),(4,2,37,3,3,NULL,NULL),(4,2,38,3,3,NULL,NULL),(4,2,39,3,3,NULL,NULL),(4,2,40,3,3,NULL,NULL),(4,2,41,3,3,NULL,NULL),(4,2,42,3,3,NULL,NULL),(4,2,43,3,3,NULL,NULL),(4,2,44,3,3,NULL,NULL),(4,2,45,3,3,NULL,NULL),(4,2,46,3,3,NULL,NULL),(4,2,47,3,3,NULL,NULL),(4,2,48,3,3,NULL,NULL),(4,2,49,3,3,NULL,NULL),(4,2,50,3,3,NULL,NULL),(4,3,1,3,3,NULL,NULL),(4,3,2,3,3,NULL,NULL),(4,3,3,3,3,NULL,NULL),(4,3,4,3,3,NULL,NULL),(4,3,5,3,3,NULL,NULL),(4,3,6,3,3,NULL,NULL),(4,3,7,3,3,NULL,NULL),(4,3,8,3,3,NULL,NULL),(4,3,9,3,3,NULL,NULL),(4,3,10,3,3,NULL,NULL),(4,3,11,3,3,NULL,NULL),(4,3,12,3,3,NULL,NULL),(4,3,13,3,3,NULL,NULL),(4,3,14,3,3,NULL,NULL),(4,3,15,3,3,NULL,NULL),(4,3,16,3,3,NULL,NULL),(4,3,17,3,3,NULL,NULL),(4,3,18,3,3,NULL,NULL),(4,3,19,3,3,NULL,NULL),(4,3,20,3,3,NULL,NULL),(4,3,21,3,3,NULL,NULL),(4,3,22,3,3,NULL,NULL),(4,3,23,3,3,NULL,NULL),(4,3,24,3,3,NULL,NULL),(4,3,25,3,3,NULL,NULL),(4,3,26,3,3,NULL,NULL),(4,3,27,3,3,NULL,NULL),(4,3,28,3,3,NULL,NULL),(4,3,29,3,3,NULL,NULL),(4,3,30,3,3,NULL,NULL),(4,3,31,3,3,NULL,NULL),(4,3,32,3,3,NULL,NULL),(4,3,33,3,3,NULL,NULL),(4,3,34,3,3,NULL,NULL),(4,3,35,3,3,NULL,NULL),(4,3,36,3,3,NULL,NULL),(4,3,37,3,3,NULL,NULL),(4,3,38,3,3,NULL,NULL),(4,3,39,3,3,NULL,NULL),(4,3,40,3,3,NULL,NULL),(4,3,41,3,3,NULL,NULL),(4,3,42,3,3,NULL,NULL),(4,3,43,3,3,NULL,NULL),(4,3,44,3,3,NULL,NULL),(4,3,45,3,3,NULL,NULL),(4,3,46,3,3,NULL,NULL),(4,3,47,3,3,NULL,NULL),(4,3,48,3,3,NULL,NULL),(4,3,49,3,3,NULL,NULL),(4,3,50,3,3,NULL,NULL),(4,4,1,3,3,NULL,NULL),(4,4,2,3,3,NULL,NULL),(4,4,3,3,3,NULL,NULL),(4,4,4,3,3,NULL,NULL),(4,4,5,3,3,NULL,NULL),(4,4,6,3,3,NULL,NULL),(4,4,7,3,3,NULL,NULL),(4,4,8,3,3,NULL,NULL),(4,4,9,3,3,NULL,NULL),(4,4,10,3,3,NULL,NULL),(4,4,11,3,3,NULL,NULL),(4,4,12,3,3,NULL,NULL),(4,4,13,3,3,NULL,NULL),(4,4,14,3,3,NULL,NULL),(4,4,15,3,3,NULL,NULL),(4,4,16,3,3,NULL,NULL),(4,4,17,3,3,NULL,NULL),(4,4,18,3,3,NULL,NULL),(4,4,19,3,3,NULL,NULL),(4,4,20,3,3,NULL,NULL),(4,4,21,3,3,NULL,NULL),(4,4,22,3,3,NULL,NULL),(4,4,23,3,3,NULL,NULL),(4,4,24,3,3,NULL,NULL),(4,4,25,3,3,NULL,NULL),(4,4,26,3,3,NULL,NULL),(4,4,27,3,3,NULL,NULL),(4,4,28,3,3,NULL,NULL),(4,4,29,3,3,NULL,NULL),(4,4,30,3,3,NULL,NULL),(4,4,31,3,3,NULL,NULL),(4,4,32,3,3,NULL,NULL),(4,4,33,3,3,NULL,NULL),(4,4,34,3,3,NULL,NULL),(4,4,35,3,3,NULL,NULL),(4,4,36,3,3,NULL,NULL),(4,4,37,3,3,NULL,NULL),(4,4,38,3,3,NULL,NULL),(4,4,39,3,3,NULL,NULL),(4,4,40,3,3,NULL,NULL),(4,4,41,3,3,NULL,NULL),(4,4,42,3,3,NULL,NULL),(4,4,43,3,3,NULL,NULL),(4,4,44,3,3,NULL,NULL),(4,4,45,3,3,NULL,NULL),(4,4,46,3,3,NULL,NULL),(4,4,47,3,3,NULL,NULL),(4,4,48,3,3,NULL,NULL),(4,4,49,3,3,NULL,NULL),(4,4,50,3,3,NULL,NULL),(4,5,1,3,3,NULL,NULL),(4,5,2,3,3,NULL,NULL),(4,5,3,3,3,NULL,NULL),(4,5,4,3,3,NULL,NULL),(4,5,5,3,3,NULL,NULL),(4,5,6,3,3,NULL,NULL),(4,5,7,3,3,NULL,NULL),(4,5,8,3,3,NULL,NULL),(4,5,9,3,3,NULL,NULL),(4,5,10,3,3,NULL,NULL),(4,5,11,3,3,NULL,NULL),(4,5,12,3,3,NULL,NULL),(4,5,13,3,3,NULL,NULL),(4,5,14,3,3,NULL,NULL),(4,5,15,3,3,NULL,NULL),(4,5,16,3,3,NULL,NULL),(4,5,17,3,3,NULL,NULL),(4,5,18,3,3,NULL,NULL),(4,5,19,3,3,NULL,NULL),(4,5,20,3,3,NULL,NULL),(4,5,21,3,3,NULL,NULL),(4,5,22,3,3,NULL,NULL),(4,5,23,3,3,NULL,NULL),(4,5,24,3,3,NULL,NULL),(4,5,25,3,3,NULL,NULL),(4,5,26,3,3,NULL,NULL),(4,5,27,3,3,NULL,NULL),(4,5,28,3,3,NULL,NULL),(4,5,29,3,3,NULL,NULL),(4,5,30,3,3,NULL,NULL),(4,5,31,3,3,NULL,NULL),(4,5,32,3,3,NULL,NULL),(4,5,33,3,3,NULL,NULL),(4,5,34,3,3,NULL,NULL),(4,5,35,3,3,NULL,NULL),(4,5,36,3,3,NULL,NULL),(4,5,37,3,3,NULL,NULL),(4,5,38,3,3,NULL,NULL),(4,5,39,3,3,NULL,NULL),(4,5,40,3,3,NULL,NULL),(4,5,41,3,3,NULL,NULL),(4,5,42,3,3,NULL,NULL),(4,5,43,3,3,NULL,NULL),(4,5,44,3,3,NULL,NULL),(4,5,45,3,3,NULL,NULL),(4,5,46,3,3,NULL,NULL),(4,5,47,3,3,NULL,NULL),(4,5,48,3,3,NULL,NULL),(4,5,49,3,3,NULL,NULL),(4,5,50,3,3,NULL,NULL),(4,6,1,3,3,NULL,NULL),(4,6,2,3,3,NULL,NULL),(4,6,3,3,3,NULL,NULL),(4,6,4,3,3,NULL,NULL),(4,6,5,3,3,NULL,NULL),(4,6,6,3,3,NULL,NULL),(4,6,7,3,3,NULL,NULL),(4,6,8,3,3,NULL,NULL),(4,6,9,3,3,NULL,NULL),(4,6,10,3,3,NULL,NULL),(4,6,11,3,3,NULL,NULL),(4,6,12,3,3,NULL,NULL),(4,6,13,3,3,NULL,NULL),(4,6,14,3,3,NULL,NULL),(4,6,15,3,3,NULL,NULL),(4,6,16,3,3,NULL,NULL),(4,6,17,3,3,NULL,NULL),(4,6,18,3,3,NULL,NULL),(4,6,19,3,3,NULL,NULL),(4,6,20,3,3,NULL,NULL),(4,6,21,3,3,NULL,NULL),(4,6,22,3,3,NULL,NULL),(4,6,23,3,3,NULL,NULL),(4,6,24,3,3,NULL,NULL),(4,6,25,3,3,NULL,NULL),(4,6,26,3,3,NULL,NULL),(4,6,27,3,3,NULL,NULL),(4,6,28,3,3,NULL,NULL),(4,6,29,3,3,NULL,NULL),(4,6,30,3,3,NULL,NULL),(4,6,31,3,3,NULL,NULL),(4,6,32,3,3,NULL,NULL),(4,6,33,3,3,NULL,NULL),(4,6,34,3,3,NULL,NULL),(4,6,35,3,3,NULL,NULL),(4,6,36,3,3,NULL,NULL),(4,6,37,3,3,NULL,NULL),(4,6,38,3,3,NULL,NULL),(4,6,39,3,3,NULL,NULL),(4,6,40,3,3,NULL,NULL),(4,6,41,3,3,NULL,NULL),(4,6,42,3,3,NULL,NULL),(4,6,43,3,3,NULL,NULL),(4,6,44,3,3,NULL,NULL),(4,6,45,3,3,NULL,NULL),(4,6,46,3,3,NULL,NULL),(4,6,47,3,3,NULL,NULL),(4,6,48,3,3,NULL,NULL),(4,6,49,3,3,NULL,NULL),(4,6,50,3,3,NULL,NULL),(4,7,1,3,3,NULL,NULL),(4,7,2,3,3,NULL,NULL),(4,7,3,3,3,NULL,NULL),(4,7,4,3,3,NULL,NULL),(4,7,5,3,3,NULL,NULL),(4,7,6,3,3,NULL,NULL),(4,7,7,3,3,NULL,NULL),(4,7,8,3,3,NULL,NULL),(4,7,9,3,3,NULL,NULL),(4,7,10,3,3,NULL,NULL),(4,7,11,3,3,NULL,NULL),(4,7,12,3,3,NULL,NULL),(4,7,13,3,3,NULL,NULL),(4,7,14,3,3,NULL,NULL),(4,7,15,3,3,NULL,NULL),(4,7,16,3,3,NULL,NULL),(4,7,17,3,3,NULL,NULL),(4,7,18,3,3,NULL,NULL),(4,7,19,3,3,NULL,NULL),(4,7,20,3,3,NULL,NULL),(4,7,21,3,3,NULL,NULL),(4,7,22,3,3,NULL,NULL),(4,7,23,3,3,NULL,NULL),(4,7,24,3,3,NULL,NULL),(4,7,25,3,3,NULL,NULL),(4,7,26,3,3,NULL,NULL),(4,7,27,3,3,NULL,NULL),(4,7,28,3,3,NULL,NULL),(4,7,29,3,3,NULL,NULL),(4,7,30,3,3,NULL,NULL),(4,7,31,3,3,NULL,NULL),(4,7,32,3,3,NULL,NULL),(4,7,33,3,3,NULL,NULL),(4,7,34,3,3,NULL,NULL),(4,7,35,3,3,NULL,NULL),(4,7,36,3,3,NULL,NULL),(4,7,37,3,3,NULL,NULL),(4,7,38,3,3,NULL,NULL),(4,7,39,3,3,NULL,NULL),(4,7,40,3,3,NULL,NULL),(4,7,41,3,3,NULL,NULL),(4,7,42,3,3,NULL,NULL),(4,7,43,3,3,NULL,NULL),(4,7,44,3,3,NULL,NULL),(4,7,45,3,3,NULL,NULL),(4,7,46,3,3,NULL,NULL),(4,7,47,3,3,NULL,NULL),(4,7,48,3,3,NULL,NULL),(4,7,49,3,3,NULL,NULL),(4,7,50,3,3,NULL,NULL),(4,8,1,3,3,NULL,NULL),(4,8,2,3,3,NULL,NULL),(4,8,3,3,3,NULL,NULL),(4,8,4,3,3,NULL,NULL),(4,8,5,3,3,NULL,NULL),(4,8,6,3,3,NULL,NULL),(4,8,7,3,3,NULL,NULL),(4,8,8,3,3,NULL,NULL),(4,8,9,3,3,NULL,NULL),(4,8,10,3,3,NULL,NULL),(4,8,11,3,3,NULL,NULL),(4,8,12,3,3,NULL,NULL),(4,8,13,3,3,NULL,NULL),(4,8,14,3,3,NULL,NULL),(4,8,15,3,3,NULL,NULL),(4,8,16,3,3,NULL,NULL),(4,8,17,3,3,NULL,NULL),(4,8,18,3,3,NULL,NULL),(4,8,19,3,3,NULL,NULL),(4,8,20,3,3,NULL,NULL),(4,8,21,3,3,NULL,NULL),(4,8,22,3,3,NULL,NULL),(4,8,23,3,3,NULL,NULL),(4,8,24,3,3,NULL,NULL),(4,8,25,3,3,NULL,NULL),(4,8,26,3,3,NULL,NULL),(4,8,27,3,3,NULL,NULL),(4,8,28,3,3,NULL,NULL),(4,8,29,3,3,NULL,NULL),(4,8,30,3,3,NULL,NULL),(4,8,31,3,3,NULL,NULL),(4,8,32,3,3,NULL,NULL),(4,8,33,3,3,NULL,NULL),(4,8,34,3,3,NULL,NULL),(4,8,35,3,3,NULL,NULL),(4,8,36,3,3,NULL,NULL),(4,8,37,3,3,NULL,NULL),(4,8,38,3,3,NULL,NULL),(4,8,39,3,3,NULL,NULL),(4,8,40,3,3,NULL,NULL),(4,8,41,3,3,NULL,NULL),(4,8,42,3,3,NULL,NULL),(4,8,43,3,3,NULL,NULL),(4,8,44,3,3,NULL,NULL),(4,8,45,3,3,NULL,NULL),(4,8,46,3,3,NULL,NULL),(4,8,47,3,3,NULL,NULL),(4,8,48,3,3,NULL,NULL),(4,8,49,3,3,NULL,NULL),(4,8,50,3,3,NULL,NULL),(4,9,1,3,3,NULL,NULL),(4,9,2,3,3,NULL,NULL),(4,9,3,3,3,NULL,NULL),(4,9,4,3,3,NULL,NULL),(4,9,5,3,3,NULL,NULL),(4,9,6,3,3,NULL,NULL),(4,9,7,3,3,NULL,NULL),(4,9,8,3,3,NULL,NULL),(4,9,9,3,3,NULL,NULL),(4,9,10,3,3,NULL,NULL),(4,9,11,3,3,NULL,NULL),(4,9,12,3,3,NULL,NULL),(4,9,13,3,3,NULL,NULL),(4,9,14,3,3,NULL,NULL),(4,9,15,3,3,NULL,NULL),(4,9,16,3,3,NULL,NULL),(4,9,17,3,3,NULL,NULL),(4,9,18,3,3,NULL,NULL),(4,9,19,3,3,NULL,NULL),(4,9,20,3,3,NULL,NULL),(4,9,21,3,3,NULL,NULL),(4,9,22,3,3,NULL,NULL),(4,9,23,3,3,NULL,NULL),(4,9,24,3,3,NULL,NULL),(4,9,25,3,3,NULL,NULL),(4,9,26,3,3,NULL,NULL),(4,9,27,3,3,NULL,NULL),(4,9,28,3,3,NULL,NULL),(4,9,29,3,3,NULL,NULL),(4,9,30,3,3,NULL,NULL),(4,9,31,3,3,NULL,NULL),(4,9,32,3,3,NULL,NULL),(4,9,33,3,3,NULL,NULL),(4,9,34,3,3,NULL,NULL),(4,9,35,3,3,NULL,NULL),(4,9,36,3,3,NULL,NULL),(4,9,37,3,3,NULL,NULL),(4,9,38,3,3,NULL,NULL),(4,9,39,3,3,NULL,NULL),(4,9,40,3,3,NULL,NULL),(4,9,41,3,3,NULL,NULL),(4,9,42,3,3,NULL,NULL),(4,9,43,3,3,NULL,NULL),(4,9,44,3,3,NULL,NULL),(4,9,45,3,3,NULL,NULL),(4,9,46,3,3,NULL,NULL),(4,9,47,3,3,NULL,NULL),(4,9,48,3,3,NULL,NULL),(4,9,49,3,3,NULL,NULL),(4,9,50,3,3,NULL,NULL),(4,10,1,3,3,NULL,NULL),(4,10,2,3,3,NULL,NULL),(4,10,3,3,3,NULL,NULL),(4,10,4,3,3,NULL,NULL),(4,10,5,3,3,NULL,NULL),(4,10,6,3,3,NULL,NULL),(4,10,7,3,3,NULL,NULL),(4,10,8,3,3,NULL,NULL),(4,10,9,3,3,NULL,NULL),(4,10,10,3,3,NULL,NULL),(4,10,11,3,3,NULL,NULL),(4,10,12,3,3,NULL,NULL),(4,10,13,3,3,NULL,NULL),(4,10,14,3,3,NULL,NULL),(4,10,15,3,3,NULL,NULL),(4,10,16,3,3,NULL,NULL),(4,10,17,3,3,NULL,NULL),(4,10,18,3,3,NULL,NULL),(4,10,19,3,3,NULL,NULL),(4,10,20,3,3,NULL,NULL),(4,10,21,3,3,NULL,NULL),(4,10,22,3,3,NULL,NULL),(4,10,23,3,3,NULL,NULL),(4,10,24,3,3,NULL,NULL),(4,10,25,3,3,NULL,NULL),(4,10,26,3,3,NULL,NULL),(4,10,27,3,3,NULL,NULL),(4,10,28,3,3,NULL,NULL),(4,10,29,3,3,NULL,NULL),(4,10,30,3,3,NULL,NULL),(4,10,31,3,3,NULL,NULL),(4,10,32,3,3,NULL,NULL),(4,10,33,3,3,NULL,NULL),(4,10,34,3,3,NULL,NULL),(4,10,35,3,3,NULL,NULL),(4,10,36,3,3,NULL,NULL),(4,10,37,3,3,NULL,NULL),(4,10,38,3,3,NULL,NULL),(4,10,39,3,3,NULL,NULL),(4,10,40,3,3,NULL,NULL),(4,10,41,3,3,NULL,NULL),(4,10,42,3,3,NULL,NULL),(4,10,43,3,3,NULL,NULL),(4,10,44,3,3,NULL,NULL),(4,10,45,3,3,NULL,NULL),(4,10,46,3,3,NULL,NULL),(4,10,47,3,3,NULL,NULL),(4,10,48,3,3,NULL,NULL),(4,10,49,3,3,NULL,NULL),(4,10,50,3,3,NULL,NULL),(4,11,1,3,3,NULL,NULL),(4,11,2,3,3,NULL,NULL),(4,11,3,3,3,NULL,NULL),(4,11,4,3,3,NULL,NULL),(4,11,5,3,3,NULL,NULL),(4,11,6,3,3,NULL,NULL),(4,11,7,3,3,NULL,NULL),(4,11,8,3,3,NULL,NULL),(4,11,9,3,3,NULL,NULL),(4,11,10,3,3,NULL,NULL),(4,11,11,3,3,NULL,NULL),(4,11,12,3,3,NULL,NULL),(4,11,13,3,3,NULL,NULL),(4,11,14,3,3,NULL,NULL),(4,11,15,3,3,NULL,NULL),(4,11,16,3,3,NULL,NULL),(4,11,17,3,3,NULL,NULL),(4,11,18,3,3,NULL,NULL),(4,11,19,3,3,NULL,NULL),(4,11,20,3,3,NULL,NULL),(4,11,21,3,3,NULL,NULL),(4,11,22,3,3,NULL,NULL),(4,11,23,3,3,NULL,NULL),(4,11,24,3,3,NULL,NULL),(4,11,25,3,3,NULL,NULL),(4,11,26,3,3,NULL,NULL),(4,11,27,3,3,NULL,NULL),(4,11,28,3,3,NULL,NULL),(4,11,29,3,3,NULL,NULL),(4,11,30,3,3,NULL,NULL),(4,11,31,3,3,NULL,NULL),(4,11,32,3,3,NULL,NULL),(4,11,33,3,3,NULL,NULL),(4,11,34,3,3,NULL,NULL),(4,11,35,3,3,NULL,NULL),(4,11,36,3,3,NULL,NULL),(4,11,37,3,3,NULL,NULL),(4,11,38,3,3,NULL,NULL),(4,11,39,3,3,NULL,NULL),(4,11,40,3,3,NULL,NULL),(4,11,41,3,3,NULL,NULL),(4,11,42,3,3,NULL,NULL),(4,11,43,3,3,NULL,NULL),(4,11,44,3,3,NULL,NULL),(4,11,45,3,3,NULL,NULL),(4,11,46,3,3,NULL,NULL),(4,11,47,3,3,NULL,NULL),(4,11,48,3,3,NULL,NULL),(4,11,49,3,3,NULL,NULL),(4,11,50,3,3,NULL,NULL),(4,12,1,3,3,NULL,NULL),(4,12,2,3,3,NULL,NULL),(4,12,3,3,3,NULL,NULL),(4,12,4,3,3,NULL,NULL),(4,12,5,3,3,NULL,NULL),(4,12,6,3,3,NULL,NULL),(4,12,7,3,3,NULL,NULL),(4,12,8,3,3,NULL,NULL),(4,12,9,3,3,NULL,NULL),(4,12,10,3,3,NULL,NULL),(4,12,11,3,3,NULL,NULL),(4,12,12,3,3,NULL,NULL),(4,12,13,3,3,NULL,NULL),(4,12,14,3,3,NULL,NULL),(4,12,15,3,3,NULL,NULL),(4,12,16,3,3,NULL,NULL),(4,12,17,3,3,NULL,NULL),(4,12,18,3,3,NULL,NULL),(4,12,19,3,3,NULL,NULL),(4,12,20,3,3,NULL,NULL),(4,12,21,3,3,NULL,NULL),(4,12,22,3,3,NULL,NULL),(4,12,23,3,3,NULL,NULL),(4,12,24,3,3,NULL,NULL),(4,12,25,3,3,NULL,NULL),(4,12,26,3,3,NULL,NULL),(4,12,27,3,3,NULL,NULL),(4,12,28,3,3,NULL,NULL),(4,12,29,3,3,NULL,NULL),(4,12,30,3,3,NULL,NULL),(4,12,31,3,3,NULL,NULL),(4,12,32,3,3,NULL,NULL),(4,12,33,3,3,NULL,NULL),(4,12,34,3,3,NULL,NULL),(4,12,35,3,3,NULL,NULL),(4,12,36,3,3,NULL,NULL),(4,12,37,3,3,NULL,NULL),(4,12,38,3,3,NULL,NULL),(4,12,39,3,3,NULL,NULL),(4,12,40,3,3,NULL,NULL),(4,12,41,3,3,NULL,NULL),(4,12,42,3,3,NULL,NULL),(4,12,43,3,3,NULL,NULL),(4,12,44,3,3,NULL,NULL),(4,12,45,3,3,NULL,NULL),(4,12,46,3,3,NULL,NULL),(4,12,47,3,3,NULL,NULL),(4,12,48,3,3,NULL,NULL),(4,12,49,3,3,NULL,NULL),(4,12,50,3,3,NULL,NULL),(4,13,1,3,3,NULL,NULL),(4,13,2,3,3,NULL,NULL),(4,13,3,3,3,NULL,NULL),(4,13,4,3,3,NULL,NULL),(4,13,5,3,3,NULL,NULL),(4,13,6,3,3,NULL,NULL),(4,13,7,3,3,NULL,NULL),(4,13,8,3,3,NULL,NULL),(4,13,9,3,3,NULL,NULL),(4,13,10,3,3,NULL,NULL),(4,13,11,3,3,NULL,NULL),(4,13,12,3,3,NULL,NULL),(4,13,13,3,3,NULL,NULL),(4,13,14,3,3,NULL,NULL),(4,13,15,3,3,NULL,NULL),(4,13,16,3,3,NULL,NULL),(4,13,17,3,3,NULL,NULL),(4,13,18,3,3,NULL,NULL),(4,13,19,3,3,NULL,NULL),(4,13,20,3,3,NULL,NULL),(4,13,21,3,3,NULL,NULL),(4,13,22,3,3,NULL,NULL),(4,13,23,3,3,NULL,NULL),(4,13,24,3,3,NULL,NULL),(4,13,25,3,3,NULL,NULL),(4,13,26,3,3,NULL,NULL),(4,13,27,3,3,NULL,NULL),(4,13,28,3,3,NULL,NULL),(4,13,29,3,3,NULL,NULL),(4,13,30,3,3,NULL,NULL),(4,13,31,3,3,NULL,NULL),(4,13,32,3,3,NULL,NULL),(4,13,33,3,3,NULL,NULL),(4,13,34,3,3,NULL,NULL),(4,13,35,3,3,NULL,NULL),(4,13,36,3,3,NULL,NULL),(4,13,37,3,3,NULL,NULL),(4,13,38,3,3,NULL,NULL),(4,13,39,3,3,NULL,NULL),(4,13,40,3,3,NULL,NULL),(4,13,41,3,3,NULL,NULL),(4,13,42,3,3,NULL,NULL),(4,13,43,3,3,NULL,NULL),(4,13,44,3,3,NULL,NULL),(4,13,45,3,3,NULL,NULL),(4,13,46,3,3,NULL,NULL),(4,13,47,3,3,NULL,NULL),(4,13,48,3,3,NULL,NULL),(4,13,49,3,3,NULL,NULL),(4,13,50,3,3,NULL,NULL),(4,14,1,3,3,NULL,NULL),(4,14,2,3,3,NULL,NULL),(4,14,3,3,3,NULL,NULL),(4,14,4,3,3,NULL,NULL),(4,14,5,3,3,NULL,NULL),(4,14,6,3,3,NULL,NULL),(4,14,7,3,3,NULL,NULL),(4,14,8,3,3,NULL,NULL),(4,14,9,3,3,NULL,NULL),(4,14,10,3,3,NULL,NULL),(4,14,11,3,3,NULL,NULL),(4,14,12,3,3,NULL,NULL),(4,14,13,3,3,NULL,NULL),(4,14,14,3,3,NULL,NULL),(4,14,15,3,3,NULL,NULL),(4,14,16,3,3,NULL,NULL),(4,14,17,3,3,NULL,NULL),(4,14,18,3,3,NULL,NULL),(4,14,19,3,3,NULL,NULL),(4,14,20,3,3,NULL,NULL),(4,14,21,3,3,NULL,NULL),(4,14,22,3,3,NULL,NULL),(4,14,23,3,3,NULL,NULL),(4,14,24,3,3,NULL,NULL),(4,14,25,3,3,NULL,NULL),(4,14,26,3,3,NULL,NULL),(4,14,27,3,3,NULL,NULL),(4,14,28,3,3,NULL,NULL),(4,14,29,3,3,NULL,NULL),(4,14,30,3,3,NULL,NULL),(4,14,31,3,3,NULL,NULL),(4,14,32,3,3,NULL,NULL),(4,14,33,3,3,NULL,NULL),(4,14,34,3,3,NULL,NULL),(4,14,35,3,3,NULL,NULL),(4,14,36,3,3,NULL,NULL),(4,14,37,3,3,NULL,NULL),(4,14,38,3,3,NULL,NULL),(4,14,39,3,3,NULL,NULL),(4,14,40,3,3,NULL,NULL),(4,14,41,3,3,NULL,NULL),(4,14,42,3,3,NULL,NULL),(4,14,43,3,3,NULL,NULL),(4,14,44,3,3,NULL,NULL),(4,14,45,3,3,NULL,NULL),(4,14,46,3,3,NULL,NULL),(4,14,47,3,3,NULL,NULL),(4,14,48,3,3,NULL,NULL),(4,14,49,3,3,NULL,NULL),(4,14,50,3,3,NULL,NULL),(4,15,1,3,3,NULL,NULL),(4,15,2,3,3,NULL,NULL),(4,15,3,3,3,NULL,NULL),(4,15,4,3,3,NULL,NULL),(4,15,5,3,3,NULL,NULL),(4,15,6,3,3,NULL,NULL),(4,15,7,3,3,NULL,NULL),(4,15,8,3,3,NULL,NULL),(4,15,9,3,3,NULL,NULL),(4,15,10,3,3,NULL,NULL),(4,15,11,3,3,NULL,NULL),(4,15,12,3,3,NULL,NULL),(4,15,13,3,3,NULL,NULL),(4,15,14,3,3,NULL,NULL),(4,15,15,3,3,NULL,NULL),(4,15,16,3,3,NULL,NULL),(4,15,17,3,3,NULL,NULL),(4,15,18,3,3,NULL,NULL),(4,15,19,3,3,NULL,NULL),(4,15,20,3,3,NULL,NULL),(4,15,21,3,3,NULL,NULL),(4,15,22,3,3,NULL,NULL),(4,15,23,3,3,NULL,NULL),(4,15,24,3,3,NULL,NULL),(4,15,25,3,3,NULL,NULL),(4,15,26,3,3,NULL,NULL),(4,15,27,3,3,NULL,NULL),(4,15,28,3,3,NULL,NULL),(4,15,29,3,3,NULL,NULL),(4,15,30,3,3,NULL,NULL),(4,15,31,3,3,NULL,NULL),(4,15,32,3,3,NULL,NULL),(4,15,33,3,3,NULL,NULL),(4,15,34,3,3,NULL,NULL),(4,15,35,3,3,NULL,NULL),(4,15,36,3,3,NULL,NULL),(4,15,37,3,3,NULL,NULL),(4,15,38,3,3,NULL,NULL),(4,15,39,3,3,NULL,NULL),(4,15,40,3,3,NULL,NULL),(4,15,41,3,3,NULL,NULL),(4,15,42,3,3,NULL,NULL),(4,15,43,3,3,NULL,NULL),(4,15,44,3,3,NULL,NULL),(4,15,45,3,3,NULL,NULL),(4,15,46,3,3,NULL,NULL),(4,15,47,3,3,NULL,NULL),(4,15,48,3,3,NULL,NULL),(4,15,49,3,3,NULL,NULL),(4,15,50,3,3,NULL,NULL),(4,16,1,3,3,NULL,NULL),(4,16,2,3,3,NULL,NULL),(4,16,3,3,3,NULL,NULL),(4,16,4,3,3,NULL,NULL),(4,16,5,3,3,NULL,NULL),(4,16,6,3,3,NULL,NULL),(4,16,7,3,3,NULL,NULL),(4,16,8,3,3,NULL,NULL),(4,16,9,3,3,NULL,NULL),(4,16,10,3,3,NULL,NULL),(4,16,11,3,3,NULL,NULL),(4,16,12,3,3,NULL,NULL),(4,16,13,3,3,NULL,NULL),(4,16,14,3,3,NULL,NULL),(4,16,15,3,3,NULL,NULL),(4,16,16,3,3,NULL,NULL),(4,16,17,3,3,NULL,NULL),(4,16,18,3,3,NULL,NULL),(4,16,19,3,3,NULL,NULL),(4,16,20,3,3,NULL,NULL),(4,16,21,3,3,NULL,NULL),(4,16,22,3,3,NULL,NULL),(4,16,23,3,3,NULL,NULL),(4,16,24,3,3,NULL,NULL),(4,16,25,3,3,NULL,NULL),(4,16,26,3,3,NULL,NULL),(4,16,27,3,3,NULL,NULL),(4,16,28,3,3,NULL,NULL),(4,16,29,3,3,NULL,NULL),(4,16,30,3,3,NULL,NULL),(4,16,31,3,3,NULL,NULL),(4,16,32,3,3,NULL,NULL),(4,16,33,3,3,NULL,NULL),(4,16,34,3,3,NULL,NULL),(4,16,35,3,3,NULL,NULL),(4,16,36,3,3,NULL,NULL),(4,16,37,3,3,NULL,NULL),(4,16,38,3,3,NULL,NULL),(4,16,39,3,3,NULL,NULL),(4,16,40,3,3,NULL,NULL),(4,16,41,3,3,NULL,NULL),(4,16,42,3,3,NULL,NULL),(4,16,43,3,3,NULL,NULL),(4,16,44,3,3,NULL,NULL),(4,16,45,3,3,NULL,NULL),(4,16,46,3,3,NULL,NULL),(4,16,47,3,3,NULL,NULL),(4,16,48,3,3,NULL,NULL),(4,16,49,3,3,NULL,NULL),(4,16,50,3,3,NULL,NULL),(4,17,1,3,3,NULL,NULL),(4,17,2,3,3,NULL,NULL),(4,17,3,3,3,NULL,NULL),(4,17,4,3,3,NULL,NULL),(4,17,5,3,3,NULL,NULL),(4,17,6,3,3,NULL,NULL),(4,17,7,3,3,NULL,NULL),(4,17,8,3,3,NULL,NULL),(4,17,9,3,3,NULL,NULL),(4,17,10,3,3,NULL,NULL),(4,17,11,3,3,NULL,NULL),(4,17,12,3,3,NULL,NULL),(4,17,13,3,3,NULL,NULL),(4,17,14,3,3,NULL,NULL),(4,17,15,3,3,NULL,NULL),(4,17,16,3,3,NULL,NULL),(4,17,17,3,3,NULL,NULL),(4,17,18,3,3,NULL,NULL),(4,17,19,3,3,NULL,NULL),(4,17,20,3,3,NULL,NULL),(4,17,21,3,3,NULL,NULL),(4,17,22,3,3,NULL,NULL),(4,17,23,3,3,NULL,NULL),(4,17,24,3,3,NULL,NULL),(4,17,25,3,3,NULL,NULL),(4,17,26,3,3,NULL,NULL),(4,17,27,3,3,NULL,NULL),(4,17,28,3,3,NULL,NULL),(4,17,29,3,3,NULL,NULL),(4,17,30,3,3,NULL,NULL),(4,17,31,3,3,NULL,NULL),(4,17,32,3,3,NULL,NULL),(4,17,33,3,3,NULL,NULL),(4,17,34,3,3,NULL,NULL),(4,17,35,3,3,NULL,NULL),(4,17,36,3,3,NULL,NULL),(4,17,37,3,3,NULL,NULL),(4,17,38,3,3,NULL,NULL),(4,17,39,3,3,NULL,NULL),(4,17,40,3,3,NULL,NULL),(4,17,41,3,3,NULL,NULL),(4,17,42,3,3,NULL,NULL),(4,17,43,3,3,NULL,NULL),(4,17,44,3,3,NULL,NULL),(4,17,45,3,3,NULL,NULL),(4,17,46,3,3,NULL,NULL),(4,17,47,3,3,NULL,NULL),(4,17,48,3,3,NULL,NULL),(4,17,49,3,3,NULL,NULL),(4,17,50,3,3,NULL,NULL),(4,18,1,3,3,NULL,NULL),(4,18,2,3,3,NULL,NULL),(4,18,3,3,3,NULL,NULL),(4,18,4,3,3,NULL,NULL),(4,18,5,3,3,NULL,NULL),(4,18,6,3,3,NULL,NULL),(4,18,7,3,3,NULL,NULL),(4,18,8,3,3,NULL,NULL),(4,18,9,3,3,NULL,NULL),(4,18,10,3,3,NULL,NULL),(4,18,11,3,3,NULL,NULL),(4,18,12,3,3,NULL,NULL),(4,18,13,3,3,NULL,NULL),(4,18,14,3,3,NULL,NULL),(4,18,15,3,3,NULL,NULL),(4,18,16,3,3,NULL,NULL),(4,18,17,3,3,NULL,NULL),(4,18,18,3,3,NULL,NULL),(4,18,19,3,3,NULL,NULL),(4,18,20,3,3,NULL,NULL),(4,18,21,3,3,NULL,NULL),(4,18,22,3,3,NULL,NULL),(4,18,23,3,3,NULL,NULL),(4,18,24,3,3,NULL,NULL),(4,18,25,3,3,NULL,NULL),(4,18,26,3,3,NULL,NULL),(4,18,27,3,3,NULL,NULL),(4,18,28,3,3,NULL,NULL),(4,18,29,3,3,NULL,NULL),(4,18,30,3,3,NULL,NULL),(4,18,31,3,3,NULL,NULL),(4,18,32,3,3,NULL,NULL),(4,18,33,3,3,NULL,NULL),(4,18,34,3,3,NULL,NULL),(4,18,35,3,3,NULL,NULL),(4,18,36,3,3,NULL,NULL),(4,18,37,3,3,NULL,NULL),(4,18,38,3,3,NULL,NULL),(4,18,39,3,3,NULL,NULL),(4,18,40,3,3,NULL,NULL),(4,18,41,3,3,NULL,NULL),(4,18,42,3,3,NULL,NULL),(4,18,43,3,3,NULL,NULL),(4,18,44,3,3,NULL,NULL),(4,18,45,3,3,NULL,NULL),(4,18,46,3,3,NULL,NULL),(4,18,47,3,3,NULL,NULL),(4,18,48,3,3,NULL,NULL),(4,18,49,3,3,NULL,NULL),(4,18,50,3,3,NULL,NULL),(4,19,1,3,3,NULL,NULL),(4,19,2,3,3,NULL,NULL),(4,19,3,3,3,NULL,NULL),(4,19,4,3,3,NULL,NULL),(4,19,5,3,3,NULL,NULL),(4,19,6,3,3,NULL,NULL),(4,19,7,3,3,NULL,NULL),(4,19,8,3,3,NULL,NULL),(4,19,9,3,3,NULL,NULL),(4,19,10,3,3,NULL,NULL),(4,19,11,3,3,NULL,NULL),(4,19,12,3,3,NULL,NULL),(4,19,13,3,3,NULL,NULL),(4,19,14,3,3,NULL,NULL),(4,19,15,3,3,NULL,NULL),(4,19,16,3,3,NULL,NULL),(4,19,17,3,3,NULL,NULL),(4,19,18,3,3,NULL,NULL),(4,19,19,3,3,NULL,NULL),(4,19,20,3,3,NULL,NULL),(4,19,21,3,3,NULL,NULL),(4,19,22,3,3,NULL,NULL),(4,19,23,3,3,NULL,NULL),(4,19,24,3,3,NULL,NULL),(4,19,25,3,3,NULL,NULL),(4,19,26,3,3,NULL,NULL),(4,19,27,3,3,NULL,NULL),(4,19,28,3,3,NULL,NULL),(4,19,29,3,3,NULL,NULL),(4,19,30,3,3,NULL,NULL),(4,19,31,3,3,NULL,NULL),(4,19,32,3,3,NULL,NULL),(4,19,33,3,3,NULL,NULL),(4,19,34,3,3,NULL,NULL),(4,19,35,3,3,NULL,NULL),(4,19,36,3,3,NULL,NULL),(4,19,37,3,3,NULL,NULL),(4,19,38,3,3,NULL,NULL),(4,19,39,3,3,NULL,NULL),(4,19,40,3,3,NULL,NULL),(4,19,41,3,3,NULL,NULL),(4,19,42,3,3,NULL,NULL),(4,19,43,3,3,NULL,NULL),(4,19,44,3,3,NULL,NULL),(4,19,45,3,3,NULL,NULL),(4,19,46,3,3,NULL,NULL),(4,19,47,3,3,NULL,NULL),(4,19,48,3,3,NULL,NULL),(4,19,49,3,3,NULL,NULL),(4,19,50,3,3,NULL,NULL),(4,20,1,3,3,NULL,NULL),(4,20,2,3,3,NULL,NULL),(4,20,3,3,3,NULL,NULL),(4,20,4,3,3,NULL,NULL),(4,20,5,3,3,NULL,NULL),(4,20,6,3,3,NULL,NULL),(4,20,7,3,3,NULL,NULL),(4,20,8,3,3,NULL,NULL),(4,20,9,3,3,NULL,NULL),(4,20,10,3,3,NULL,NULL),(4,20,11,3,3,NULL,NULL),(4,20,12,3,3,NULL,NULL),(4,20,13,3,3,NULL,NULL),(4,20,14,3,3,NULL,NULL),(4,20,15,3,3,NULL,NULL),(4,20,16,3,3,NULL,NULL),(4,20,17,3,3,NULL,NULL),(4,20,18,3,3,NULL,NULL),(4,20,19,3,3,NULL,NULL),(4,20,20,3,3,NULL,NULL),(4,20,21,3,3,NULL,NULL),(4,20,22,3,3,NULL,NULL),(4,20,23,3,3,NULL,NULL),(4,20,24,3,3,NULL,NULL),(4,20,25,3,3,NULL,NULL),(4,20,26,3,3,NULL,NULL),(4,20,27,3,3,NULL,NULL),(4,20,28,3,3,NULL,NULL),(4,20,29,3,3,NULL,NULL),(4,20,30,3,3,NULL,NULL),(4,20,31,3,3,NULL,NULL),(4,20,32,3,3,NULL,NULL),(4,20,33,3,3,NULL,NULL),(4,20,34,3,3,NULL,NULL),(4,20,35,3,3,NULL,NULL),(4,20,36,3,3,NULL,NULL),(4,20,37,3,3,NULL,NULL),(4,20,38,3,3,NULL,NULL),(4,20,39,3,3,NULL,NULL),(4,20,40,3,3,NULL,NULL),(4,20,41,3,3,NULL,NULL),(4,20,42,3,3,NULL,NULL),(4,20,43,3,3,NULL,NULL),(4,20,44,3,3,NULL,NULL),(4,20,45,3,3,NULL,NULL),(4,20,46,3,3,NULL,NULL),(4,20,47,3,3,NULL,NULL),(4,20,48,3,3,NULL,NULL),(4,20,49,3,3,NULL,NULL),(4,20,50,3,3,NULL,NULL),(4,21,1,3,3,NULL,NULL),(4,21,2,3,3,NULL,NULL),(4,21,3,3,3,NULL,NULL),(4,21,4,3,3,NULL,NULL),(4,21,5,3,3,NULL,NULL),(4,21,6,3,3,NULL,NULL),(4,21,7,3,3,NULL,NULL),(4,21,8,3,3,NULL,NULL),(4,21,9,3,3,NULL,NULL),(4,21,10,3,3,NULL,NULL),(4,21,11,3,3,NULL,NULL),(4,21,12,3,3,NULL,NULL),(4,21,13,3,3,NULL,NULL),(4,21,14,3,3,NULL,NULL),(4,21,15,3,3,NULL,NULL),(4,21,16,3,3,NULL,NULL),(4,21,17,3,3,NULL,NULL),(4,21,18,3,3,NULL,NULL),(4,21,19,3,3,NULL,NULL),(4,21,20,3,3,NULL,NULL),(4,21,21,3,3,NULL,NULL),(4,21,22,3,3,NULL,NULL),(4,21,23,3,3,NULL,NULL),(4,21,24,3,3,NULL,NULL),(4,21,25,3,3,NULL,NULL),(4,21,26,3,3,NULL,NULL),(4,21,27,3,3,NULL,NULL),(4,21,28,3,3,NULL,NULL),(4,21,29,3,3,NULL,NULL),(4,21,30,3,3,NULL,NULL),(4,21,31,3,3,NULL,NULL),(4,21,32,3,3,NULL,NULL),(4,21,33,3,3,NULL,NULL),(4,21,34,3,3,NULL,NULL),(4,21,35,3,3,NULL,NULL),(4,21,36,3,3,NULL,NULL),(4,21,37,3,3,NULL,NULL),(4,21,38,3,3,NULL,NULL),(4,21,39,3,3,NULL,NULL),(4,21,40,3,3,NULL,NULL),(4,21,41,3,3,NULL,NULL),(4,21,42,3,3,NULL,NULL),(4,21,43,3,3,NULL,NULL),(4,21,44,3,3,NULL,NULL),(4,21,45,3,3,NULL,NULL),(4,21,46,3,3,NULL,NULL),(4,21,47,3,3,NULL,NULL),(4,21,48,3,3,NULL,NULL),(4,21,49,3,3,NULL,NULL),(4,21,50,3,3,NULL,NULL),(4,22,1,3,3,NULL,NULL),(4,22,2,3,3,NULL,NULL),(4,22,3,3,3,NULL,NULL),(4,22,4,3,3,NULL,NULL),(4,22,5,3,3,NULL,NULL),(4,22,6,3,3,NULL,NULL),(4,22,7,3,3,NULL,NULL),(4,22,8,3,3,NULL,NULL),(4,22,9,3,3,NULL,NULL),(4,22,10,3,3,NULL,NULL),(4,22,11,3,3,NULL,NULL),(4,22,12,3,3,NULL,NULL),(4,22,13,3,3,NULL,NULL),(4,22,14,3,3,NULL,NULL),(4,22,15,3,3,NULL,NULL),(4,22,16,3,3,NULL,NULL),(4,22,17,3,3,NULL,NULL),(4,22,18,3,3,NULL,NULL),(4,22,19,3,3,NULL,NULL),(4,22,20,3,3,NULL,NULL),(4,22,21,3,3,NULL,NULL),(4,22,22,3,3,NULL,NULL),(4,22,23,3,3,NULL,NULL),(4,22,24,3,3,NULL,NULL),(4,22,25,3,3,NULL,NULL),(4,22,26,3,3,NULL,NULL),(4,22,27,3,3,NULL,NULL),(4,22,28,3,3,NULL,NULL),(4,22,29,3,3,NULL,NULL),(4,22,30,3,3,NULL,NULL),(4,22,31,3,3,NULL,NULL),(4,22,32,3,3,NULL,NULL),(4,22,33,3,3,NULL,NULL),(4,22,34,3,3,NULL,NULL),(4,22,35,3,3,NULL,NULL),(4,22,36,3,3,NULL,NULL),(4,22,37,3,3,NULL,NULL),(4,22,38,3,3,NULL,NULL),(4,22,39,3,3,NULL,NULL),(4,22,40,3,3,NULL,NULL),(4,22,41,3,3,NULL,NULL),(4,22,42,3,3,NULL,NULL),(4,22,43,3,3,NULL,NULL),(4,22,44,3,3,NULL,NULL),(4,22,45,3,3,NULL,NULL),(4,22,46,3,3,NULL,NULL),(4,22,47,3,3,NULL,NULL),(4,22,48,3,3,NULL,NULL),(4,22,49,3,3,NULL,NULL),(4,22,50,3,3,NULL,NULL),(4,23,1,3,3,NULL,NULL),(4,23,2,3,3,NULL,NULL),(4,23,3,3,3,NULL,NULL),(4,23,4,3,3,NULL,NULL),(4,23,5,3,3,NULL,NULL),(4,23,6,3,3,NULL,NULL),(4,23,7,3,3,NULL,NULL),(4,23,8,3,3,NULL,NULL),(4,23,9,3,3,NULL,NULL),(4,23,10,3,3,NULL,NULL),(4,23,11,3,3,NULL,NULL),(4,23,12,3,3,NULL,NULL),(4,23,13,3,3,NULL,NULL),(4,23,14,3,3,NULL,NULL),(4,23,15,3,3,NULL,NULL),(4,23,16,3,3,NULL,NULL),(4,23,17,3,3,NULL,NULL),(4,23,18,3,3,NULL,NULL),(4,23,19,3,3,NULL,NULL),(4,23,20,3,3,NULL,NULL),(4,23,21,3,3,NULL,NULL),(4,23,22,3,3,NULL,NULL),(4,23,23,3,3,NULL,NULL),(4,23,24,3,3,NULL,NULL),(4,23,25,3,3,NULL,NULL),(4,23,26,3,3,NULL,NULL),(4,23,27,3,3,NULL,NULL),(4,23,28,3,3,NULL,NULL),(4,23,29,3,3,NULL,NULL),(4,23,30,3,3,NULL,NULL),(4,23,31,3,3,NULL,NULL),(4,23,32,3,3,NULL,NULL),(4,23,33,3,3,NULL,NULL),(4,23,34,3,3,NULL,NULL),(4,23,35,3,3,NULL,NULL),(4,23,36,3,3,NULL,NULL),(4,23,37,3,3,NULL,NULL),(4,23,38,3,3,NULL,NULL),(4,23,39,3,3,NULL,NULL),(4,23,40,3,3,NULL,NULL),(4,23,41,3,3,NULL,NULL),(4,23,42,3,3,NULL,NULL),(4,23,43,3,3,NULL,NULL),(4,23,44,3,3,NULL,NULL),(4,23,45,3,3,NULL,NULL),(4,23,46,3,3,NULL,NULL),(4,23,47,3,3,NULL,NULL),(4,23,48,3,3,NULL,NULL),(4,23,49,3,3,NULL,NULL),(4,23,50,3,3,NULL,NULL),(4,24,1,3,3,NULL,NULL),(4,24,2,3,3,NULL,NULL),(4,24,3,3,3,NULL,NULL),(4,24,4,3,3,NULL,NULL),(4,24,5,3,3,NULL,NULL),(4,24,6,3,3,NULL,NULL),(4,24,7,3,3,NULL,NULL),(4,24,8,3,3,NULL,NULL),(4,24,9,3,3,NULL,NULL),(4,24,10,3,3,NULL,NULL),(4,24,11,3,3,NULL,NULL),(4,24,12,3,3,NULL,NULL),(4,24,13,3,3,NULL,NULL),(4,24,14,3,3,NULL,NULL),(4,24,15,3,3,NULL,NULL),(4,24,16,3,3,NULL,NULL),(4,24,17,3,3,NULL,NULL),(4,24,18,3,3,NULL,NULL),(4,24,19,3,3,NULL,NULL),(4,24,20,3,3,NULL,NULL),(4,24,21,3,3,NULL,NULL),(4,24,22,3,3,NULL,NULL),(4,24,23,3,3,NULL,NULL),(4,24,24,3,3,NULL,NULL),(4,24,25,3,3,NULL,NULL),(4,24,26,3,3,NULL,NULL),(4,24,27,3,3,NULL,NULL),(4,24,28,3,3,NULL,NULL),(4,24,29,3,3,NULL,NULL),(4,24,30,3,3,NULL,NULL),(4,24,31,3,3,NULL,NULL),(4,24,32,3,3,NULL,NULL),(4,24,33,3,3,NULL,NULL),(4,24,34,3,3,NULL,NULL),(4,24,35,3,3,NULL,NULL),(4,24,36,3,3,NULL,NULL),(4,24,37,3,3,NULL,NULL),(4,24,38,3,3,NULL,NULL),(4,24,39,3,3,NULL,NULL),(4,24,40,3,3,NULL,NULL),(4,24,41,3,3,NULL,NULL),(4,24,42,3,3,NULL,NULL),(4,24,43,3,3,NULL,NULL),(4,24,44,3,3,NULL,NULL),(4,24,45,3,3,NULL,NULL),(4,24,46,3,3,NULL,NULL),(4,24,47,3,3,NULL,NULL),(4,24,48,3,3,NULL,NULL),(4,24,49,3,3,NULL,NULL),(4,24,50,3,3,NULL,NULL),(4,25,1,3,3,NULL,NULL),(4,25,2,3,3,NULL,NULL),(4,25,3,3,3,NULL,NULL),(4,25,4,3,3,NULL,NULL),(4,25,5,3,3,NULL,NULL),(4,25,6,3,3,NULL,NULL),(4,25,7,3,3,NULL,NULL),(4,25,8,3,3,NULL,NULL),(4,25,9,3,3,NULL,NULL),(4,25,10,3,3,NULL,NULL),(4,25,11,3,3,NULL,NULL),(4,25,12,3,3,NULL,NULL),(4,25,13,3,3,NULL,NULL),(4,25,14,3,3,NULL,NULL),(4,25,15,3,3,NULL,NULL),(4,25,16,3,3,NULL,NULL),(4,25,17,3,3,NULL,NULL),(4,25,18,3,3,NULL,NULL),(4,25,19,3,3,NULL,NULL),(4,25,20,3,3,NULL,NULL),(4,25,21,3,3,NULL,NULL),(4,25,22,3,3,NULL,NULL),(4,25,23,3,3,NULL,NULL),(4,25,24,3,3,NULL,NULL),(4,25,25,1,1,NULL,NULL),(4,25,26,3,3,NULL,NULL),(4,25,27,3,3,NULL,NULL),(4,25,28,3,3,NULL,NULL),(4,25,29,3,3,NULL,NULL),(4,25,30,3,3,NULL,NULL),(4,25,31,3,3,NULL,NULL),(4,25,32,3,3,NULL,NULL),(4,25,33,3,3,NULL,NULL),(4,25,34,3,3,NULL,NULL),(4,25,35,3,3,NULL,NULL),(4,25,36,3,3,NULL,NULL),(4,25,37,3,3,NULL,NULL),(4,25,38,3,3,NULL,NULL),(4,25,39,3,3,NULL,NULL),(4,25,40,3,3,NULL,NULL),(4,25,41,3,3,NULL,NULL),(4,25,42,3,3,NULL,NULL),(4,25,43,3,3,NULL,NULL),(4,25,44,3,3,NULL,NULL),(4,25,45,3,3,NULL,NULL),(4,25,46,3,3,NULL,NULL),(4,25,47,3,3,NULL,NULL),(4,25,48,3,3,NULL,NULL),(4,25,49,3,3,NULL,NULL),(4,25,50,3,3,NULL,NULL),(4,26,1,3,3,NULL,NULL),(4,26,2,3,3,NULL,NULL),(4,26,3,3,3,NULL,NULL),(4,26,4,3,3,NULL,NULL),(4,26,5,3,3,NULL,NULL),(4,26,6,3,3,NULL,NULL),(4,26,7,3,3,NULL,NULL),(4,26,8,3,3,NULL,NULL),(4,26,9,3,3,NULL,NULL),(4,26,10,3,3,NULL,NULL),(4,26,11,3,3,NULL,NULL),(4,26,12,3,3,NULL,NULL),(4,26,13,3,3,NULL,NULL),(4,26,14,3,3,NULL,NULL),(4,26,15,3,3,NULL,NULL),(4,26,16,3,3,NULL,NULL),(4,26,17,3,3,NULL,NULL),(4,26,18,3,3,NULL,NULL),(4,26,19,3,3,NULL,NULL),(4,26,20,3,3,NULL,NULL),(4,26,21,3,3,NULL,NULL),(4,26,22,3,3,NULL,NULL),(4,26,23,3,3,NULL,NULL),(4,26,24,3,3,NULL,NULL),(4,26,25,3,3,NULL,NULL),(4,26,26,3,3,NULL,NULL),(4,26,27,3,3,NULL,NULL),(4,26,28,3,3,NULL,NULL),(4,26,29,3,3,NULL,NULL),(4,26,30,3,3,NULL,NULL),(4,26,31,3,3,NULL,NULL),(4,26,32,3,3,NULL,NULL),(4,26,33,3,3,NULL,NULL),(4,26,34,3,3,NULL,NULL),(4,26,35,3,3,NULL,NULL),(4,26,36,3,3,NULL,NULL),(4,26,37,3,3,NULL,NULL),(4,26,38,3,3,NULL,NULL),(4,26,39,3,3,NULL,NULL),(4,26,40,3,3,NULL,NULL),(4,26,41,3,3,NULL,NULL),(4,26,42,3,3,NULL,NULL),(4,26,43,3,3,NULL,NULL),(4,26,44,3,3,NULL,NULL),(4,26,45,3,3,NULL,NULL),(4,26,46,3,3,NULL,NULL),(4,26,47,3,3,NULL,NULL),(4,26,48,3,3,NULL,NULL),(4,26,49,3,3,NULL,NULL),(4,26,50,3,3,NULL,NULL),(4,27,1,3,3,NULL,NULL),(4,27,2,3,3,NULL,NULL),(4,27,3,3,3,NULL,NULL),(4,27,4,3,3,NULL,NULL),(4,27,5,3,3,NULL,NULL),(4,27,6,3,3,NULL,NULL),(4,27,7,3,3,NULL,NULL),(4,27,8,3,3,NULL,NULL),(4,27,9,3,3,NULL,NULL),(4,27,10,3,3,NULL,NULL),(4,27,11,3,3,NULL,NULL),(4,27,12,3,3,NULL,NULL),(4,27,13,3,3,NULL,NULL),(4,27,14,3,3,NULL,NULL),(4,27,15,3,3,NULL,NULL),(4,27,16,3,3,NULL,NULL),(4,27,17,3,3,NULL,NULL),(4,27,18,3,3,NULL,NULL),(4,27,19,3,3,NULL,NULL),(4,27,20,3,3,NULL,NULL),(4,27,21,3,3,NULL,NULL),(4,27,22,3,3,NULL,NULL),(4,27,23,3,3,NULL,NULL),(4,27,24,3,3,NULL,NULL),(4,27,25,3,3,NULL,NULL),(4,27,26,3,3,NULL,NULL),(4,27,27,3,3,NULL,NULL),(4,27,28,3,3,NULL,NULL),(4,27,29,3,3,NULL,NULL),(4,27,30,3,3,NULL,NULL),(4,27,31,3,3,NULL,NULL),(4,27,32,3,3,NULL,NULL),(4,27,33,3,3,NULL,NULL),(4,27,34,3,3,NULL,NULL),(4,27,35,3,3,NULL,NULL),(4,27,36,3,3,NULL,NULL),(4,27,37,3,3,NULL,NULL),(4,27,38,3,3,NULL,NULL),(4,27,39,3,3,NULL,NULL),(4,27,40,3,3,NULL,NULL),(4,27,41,3,3,NULL,NULL),(4,27,42,3,3,NULL,NULL),(4,27,43,3,3,NULL,NULL),(4,27,44,3,3,NULL,NULL),(4,27,45,3,3,NULL,NULL),(4,27,46,3,3,NULL,NULL),(4,27,47,3,3,NULL,NULL),(4,27,48,3,3,NULL,NULL),(4,27,49,3,3,NULL,NULL),(4,27,50,3,3,NULL,NULL),(4,28,1,3,3,NULL,NULL),(4,28,2,3,3,NULL,NULL),(4,28,3,3,3,NULL,NULL),(4,28,4,3,3,NULL,NULL),(4,28,5,3,3,NULL,NULL),(4,28,6,3,3,NULL,NULL),(4,28,7,3,3,NULL,NULL),(4,28,8,3,3,NULL,NULL),(4,28,9,3,3,NULL,NULL),(4,28,10,3,3,NULL,NULL),(4,28,11,3,3,NULL,NULL),(4,28,12,3,3,NULL,NULL),(4,28,13,3,3,NULL,NULL),(4,28,14,3,3,NULL,NULL),(4,28,15,3,3,NULL,NULL),(4,28,16,3,3,NULL,NULL),(4,28,17,3,3,NULL,NULL),(4,28,18,3,3,NULL,NULL),(4,28,19,3,3,NULL,NULL),(4,28,20,3,3,NULL,NULL),(4,28,21,3,3,NULL,NULL),(4,28,22,3,3,NULL,NULL),(4,28,23,3,3,NULL,NULL),(4,28,24,3,3,NULL,NULL),(4,28,25,3,3,NULL,NULL),(4,28,26,3,3,NULL,NULL),(4,28,27,3,3,NULL,NULL),(4,28,28,3,3,NULL,NULL),(4,28,29,3,3,NULL,NULL),(4,28,30,3,3,NULL,NULL),(4,28,31,3,3,NULL,NULL),(4,28,32,3,3,NULL,NULL),(4,28,33,3,3,NULL,NULL),(4,28,34,3,3,NULL,NULL),(4,28,35,3,3,NULL,NULL),(4,28,36,3,3,NULL,NULL),(4,28,37,3,3,NULL,NULL),(4,28,38,3,3,NULL,NULL),(4,28,39,3,3,NULL,NULL),(4,28,40,3,3,NULL,NULL),(4,28,41,3,3,NULL,NULL),(4,28,42,3,3,NULL,NULL),(4,28,43,3,3,NULL,NULL),(4,28,44,3,3,NULL,NULL),(4,28,45,3,3,NULL,NULL),(4,28,46,3,3,NULL,NULL),(4,28,47,3,3,NULL,NULL),(4,28,48,3,3,NULL,NULL),(4,28,49,3,3,NULL,NULL),(4,28,50,3,3,NULL,NULL),(4,29,1,3,3,NULL,NULL),(4,29,2,3,3,NULL,NULL),(4,29,3,3,3,NULL,NULL),(4,29,4,3,3,NULL,NULL),(4,29,5,3,3,NULL,NULL),(4,29,6,3,3,NULL,NULL),(4,29,7,3,3,NULL,NULL),(4,29,8,3,3,NULL,NULL),(4,29,9,3,3,NULL,NULL),(4,29,10,3,3,NULL,NULL),(4,29,11,3,3,NULL,NULL),(4,29,12,3,3,NULL,NULL),(4,29,13,3,3,NULL,NULL),(4,29,14,3,3,NULL,NULL),(4,29,15,3,3,NULL,NULL),(4,29,16,3,3,NULL,NULL),(4,29,17,3,3,NULL,NULL),(4,29,18,3,3,NULL,NULL),(4,29,19,3,3,NULL,NULL),(4,29,20,3,3,NULL,NULL),(4,29,21,3,3,NULL,NULL),(4,29,22,3,3,NULL,NULL),(4,29,23,3,3,NULL,NULL),(4,29,24,3,3,NULL,NULL),(4,29,25,3,3,NULL,NULL),(4,29,26,3,3,NULL,NULL),(4,29,27,3,3,NULL,NULL),(4,29,28,3,3,NULL,NULL),(4,29,29,3,3,NULL,NULL),(4,29,30,3,3,NULL,NULL),(4,29,31,3,3,NULL,NULL),(4,29,32,3,3,NULL,NULL),(4,29,33,3,3,NULL,NULL),(4,29,34,3,3,NULL,NULL),(4,29,35,3,3,NULL,NULL),(4,29,36,3,3,NULL,NULL),(4,29,37,3,3,NULL,NULL),(4,29,38,3,3,NULL,NULL),(4,29,39,3,3,NULL,NULL),(4,29,40,3,3,NULL,NULL),(4,29,41,3,3,NULL,NULL),(4,29,42,3,3,NULL,NULL),(4,29,43,3,3,NULL,NULL),(4,29,44,3,3,NULL,NULL),(4,29,45,3,3,NULL,NULL),(4,29,46,3,3,NULL,NULL),(4,29,47,3,3,NULL,NULL),(4,29,48,3,3,NULL,NULL),(4,29,49,3,3,NULL,NULL),(4,29,50,3,3,NULL,NULL),(4,30,1,3,3,NULL,NULL),(4,30,2,3,3,NULL,NULL),(4,30,3,3,3,NULL,NULL),(4,30,4,3,3,NULL,NULL),(4,30,5,3,3,NULL,NULL),(4,30,6,3,3,NULL,NULL),(4,30,7,3,3,NULL,NULL),(4,30,8,3,3,NULL,NULL),(4,30,9,3,3,NULL,NULL),(4,30,10,3,3,NULL,NULL),(4,30,11,3,3,NULL,NULL),(4,30,12,3,3,NULL,NULL),(4,30,13,3,3,NULL,NULL),(4,30,14,3,3,NULL,NULL),(4,30,15,3,3,NULL,NULL),(4,30,16,3,3,NULL,NULL),(4,30,17,3,3,NULL,NULL),(4,30,18,3,3,NULL,NULL),(4,30,19,3,3,NULL,NULL),(4,30,20,3,3,NULL,NULL),(4,30,21,3,3,NULL,NULL),(4,30,22,3,3,NULL,NULL),(4,30,23,3,3,NULL,NULL),(4,30,24,3,3,NULL,NULL),(4,30,25,3,3,NULL,NULL),(4,30,26,3,3,NULL,NULL),(4,30,27,3,3,NULL,NULL),(4,30,28,3,3,NULL,NULL),(4,30,29,3,3,NULL,NULL),(4,30,30,3,3,NULL,NULL),(4,30,31,3,3,NULL,NULL),(4,30,32,3,3,NULL,NULL),(4,30,33,3,3,NULL,NULL),(4,30,34,3,3,NULL,NULL),(4,30,35,3,3,NULL,NULL),(4,30,36,3,3,NULL,NULL),(4,30,37,3,3,NULL,NULL),(4,30,38,3,3,NULL,NULL),(4,30,39,3,3,NULL,NULL),(4,30,40,3,3,NULL,NULL),(4,30,41,3,3,NULL,NULL),(4,30,42,3,3,NULL,NULL),(4,30,43,3,3,NULL,NULL),(4,30,44,3,3,NULL,NULL),(4,30,45,3,3,NULL,NULL),(4,30,46,3,3,NULL,NULL),(4,30,47,3,3,NULL,NULL),(4,30,48,3,3,NULL,NULL),(4,30,49,3,3,NULL,NULL),(4,30,50,3,3,NULL,NULL),(4,31,1,3,3,NULL,NULL),(4,31,2,3,3,NULL,NULL),(4,31,3,3,3,NULL,NULL),(4,31,4,3,3,NULL,NULL),(4,31,5,3,3,NULL,NULL),(4,31,6,3,3,NULL,NULL),(4,31,7,3,3,NULL,NULL),(4,31,8,3,3,NULL,NULL),(4,31,9,3,3,NULL,NULL),(4,31,10,3,3,NULL,NULL),(4,31,11,3,3,NULL,NULL),(4,31,12,3,3,NULL,NULL),(4,31,13,3,3,NULL,NULL),(4,31,14,3,3,NULL,NULL),(4,31,15,3,3,NULL,NULL),(4,31,16,3,3,NULL,NULL),(4,31,17,3,3,NULL,NULL),(4,31,18,3,3,NULL,NULL),(4,31,19,3,3,NULL,NULL),(4,31,20,3,3,NULL,NULL),(4,31,21,3,3,NULL,NULL),(4,31,22,3,3,NULL,NULL),(4,31,23,3,3,NULL,NULL),(4,31,24,3,3,NULL,NULL),(4,31,25,3,3,NULL,NULL),(4,31,26,3,3,NULL,NULL),(4,31,27,3,3,NULL,NULL),(4,31,28,3,3,NULL,NULL),(4,31,29,3,3,NULL,NULL),(4,31,30,3,3,NULL,NULL),(4,31,31,3,3,NULL,NULL),(4,31,32,3,3,NULL,NULL),(4,31,33,3,3,NULL,NULL),(4,31,34,3,3,NULL,NULL),(4,31,35,3,3,NULL,NULL),(4,31,36,3,3,NULL,NULL),(4,31,37,3,3,NULL,NULL),(4,31,38,3,3,NULL,NULL),(4,31,39,3,3,NULL,NULL),(4,31,40,3,3,NULL,NULL),(4,31,41,3,3,NULL,NULL),(4,31,42,3,3,NULL,NULL),(4,31,43,3,3,NULL,NULL),(4,31,44,3,3,NULL,NULL),(4,31,45,3,3,NULL,NULL),(4,31,46,3,3,NULL,NULL),(4,31,47,3,3,NULL,NULL),(4,31,48,3,3,NULL,NULL),(4,31,49,3,3,NULL,NULL),(4,31,50,3,3,NULL,NULL),(4,32,1,3,3,NULL,NULL),(4,32,2,3,3,NULL,NULL),(4,32,3,3,3,NULL,NULL),(4,32,4,3,3,NULL,NULL),(4,32,5,3,3,NULL,NULL),(4,32,6,3,3,NULL,NULL),(4,32,7,3,3,NULL,NULL),(4,32,8,3,3,NULL,NULL),(4,32,9,3,3,NULL,NULL),(4,32,10,3,3,NULL,NULL),(4,32,11,3,3,NULL,NULL),(4,32,12,3,3,NULL,NULL),(4,32,13,3,3,NULL,NULL),(4,32,14,3,3,NULL,NULL),(4,32,15,3,3,NULL,NULL),(4,32,16,3,3,NULL,NULL),(4,32,17,3,3,NULL,NULL),(4,32,18,3,3,NULL,NULL),(4,32,19,3,3,NULL,NULL),(4,32,20,3,3,NULL,NULL),(4,32,21,3,3,NULL,NULL),(4,32,22,3,3,NULL,NULL),(4,32,23,3,3,NULL,NULL),(4,32,24,3,3,NULL,NULL),(4,32,25,3,3,NULL,NULL),(4,32,26,3,3,NULL,NULL),(4,32,27,3,3,NULL,NULL),(4,32,28,3,3,NULL,NULL),(4,32,29,3,3,NULL,NULL),(4,32,30,3,3,NULL,NULL),(4,32,31,3,3,NULL,NULL),(4,32,32,3,3,NULL,NULL),(4,32,33,3,3,NULL,NULL),(4,32,34,3,3,NULL,NULL),(4,32,35,3,3,NULL,NULL),(4,32,36,3,3,NULL,NULL),(4,32,37,3,3,NULL,NULL),(4,32,38,3,3,NULL,NULL),(4,32,39,3,3,NULL,NULL),(4,32,40,3,3,NULL,NULL),(4,32,41,3,3,NULL,NULL),(4,32,42,3,3,NULL,NULL),(4,32,43,3,3,NULL,NULL),(4,32,44,3,3,NULL,NULL),(4,32,45,3,3,NULL,NULL),(4,32,46,3,3,NULL,NULL),(4,32,47,3,3,NULL,NULL),(4,32,48,3,3,NULL,NULL),(4,32,49,3,3,NULL,NULL),(4,32,50,3,3,NULL,NULL),(4,33,1,3,3,NULL,NULL),(4,33,2,3,3,NULL,NULL),(4,33,3,3,3,NULL,NULL),(4,33,4,3,3,NULL,NULL),(4,33,5,3,3,NULL,NULL),(4,33,6,3,3,NULL,NULL),(4,33,7,3,3,NULL,NULL),(4,33,8,3,3,NULL,NULL),(4,33,9,3,3,NULL,NULL),(4,33,10,3,3,NULL,NULL),(4,33,11,3,3,NULL,NULL),(4,33,12,3,3,NULL,NULL),(4,33,13,3,3,NULL,NULL),(4,33,14,3,3,NULL,NULL),(4,33,15,3,3,NULL,NULL),(4,33,16,3,3,NULL,NULL),(4,33,17,3,3,NULL,NULL),(4,33,18,3,3,NULL,NULL),(4,33,19,3,3,NULL,NULL),(4,33,20,3,3,NULL,NULL),(4,33,21,3,3,NULL,NULL),(4,33,22,3,3,NULL,NULL),(4,33,23,3,3,NULL,NULL),(4,33,24,3,3,NULL,NULL),(4,33,25,3,3,NULL,NULL),(4,33,26,3,3,NULL,NULL),(4,33,27,3,3,NULL,NULL),(4,33,28,3,3,NULL,NULL),(4,33,29,3,3,NULL,NULL),(4,33,30,3,3,NULL,NULL),(4,33,31,3,3,NULL,NULL),(4,33,32,3,3,NULL,NULL),(4,33,33,3,3,NULL,NULL),(4,33,34,3,3,NULL,NULL),(4,33,35,3,3,NULL,NULL),(4,33,36,3,3,NULL,NULL),(4,33,37,3,3,NULL,NULL),(4,33,38,3,3,NULL,NULL),(4,33,39,3,3,NULL,NULL),(4,33,40,3,3,NULL,NULL),(4,33,41,3,3,NULL,NULL),(4,33,42,3,3,NULL,NULL),(4,33,43,3,3,NULL,NULL),(4,33,44,3,3,NULL,NULL),(4,33,45,3,3,NULL,NULL),(4,33,46,3,3,NULL,NULL),(4,33,47,3,3,NULL,NULL),(4,33,48,3,3,NULL,NULL),(4,33,49,3,3,NULL,NULL),(4,33,50,3,3,NULL,NULL),(4,34,1,3,3,NULL,NULL),(4,34,2,3,3,NULL,NULL),(4,34,3,3,3,NULL,NULL),(4,34,4,3,3,NULL,NULL),(4,34,5,3,3,NULL,NULL),(4,34,6,3,3,NULL,NULL),(4,34,7,3,3,NULL,NULL),(4,34,8,3,3,NULL,NULL),(4,34,9,3,3,NULL,NULL),(4,34,10,3,3,NULL,NULL),(4,34,11,3,3,NULL,NULL),(4,34,12,3,3,NULL,NULL),(4,34,13,3,3,NULL,NULL),(4,34,14,3,3,NULL,NULL),(4,34,15,3,3,NULL,NULL),(4,34,16,3,3,NULL,NULL),(4,34,17,3,3,NULL,NULL),(4,34,18,3,3,NULL,NULL),(4,34,19,3,3,NULL,NULL),(4,34,20,3,3,NULL,NULL),(4,34,21,3,3,NULL,NULL),(4,34,22,3,3,NULL,NULL),(4,34,23,3,3,NULL,NULL),(4,34,24,3,3,NULL,NULL),(4,34,25,3,3,NULL,NULL),(4,34,26,3,3,NULL,NULL),(4,34,27,3,3,NULL,NULL),(4,34,28,3,3,NULL,NULL),(4,34,29,3,3,NULL,NULL),(4,34,30,3,3,NULL,NULL),(4,34,31,3,3,NULL,NULL),(4,34,32,3,3,NULL,NULL),(4,34,33,3,3,NULL,NULL),(4,34,34,3,3,NULL,NULL),(4,34,35,3,3,NULL,NULL),(4,34,36,3,3,NULL,NULL),(4,34,37,3,3,NULL,NULL),(4,34,38,3,3,NULL,NULL),(4,34,39,3,3,NULL,NULL),(4,34,40,3,3,NULL,NULL),(4,34,41,3,3,NULL,NULL),(4,34,42,3,3,NULL,NULL),(4,34,43,3,3,NULL,NULL),(4,34,44,3,3,NULL,NULL),(4,34,45,3,3,NULL,NULL),(4,34,46,3,3,NULL,NULL),(4,34,47,3,3,NULL,NULL),(4,34,48,3,3,NULL,NULL),(4,34,49,3,3,NULL,NULL),(4,34,50,3,3,NULL,NULL),(4,35,1,3,3,NULL,NULL),(4,35,2,3,3,NULL,NULL),(4,35,3,3,3,NULL,NULL),(4,35,4,3,3,NULL,NULL),(4,35,5,3,3,NULL,NULL),(4,35,6,3,3,NULL,NULL),(4,35,7,3,3,NULL,NULL),(4,35,8,3,3,NULL,NULL),(4,35,9,3,3,NULL,NULL),(4,35,10,3,3,NULL,NULL),(4,35,11,3,3,NULL,NULL),(4,35,12,3,3,NULL,NULL),(4,35,13,3,3,NULL,NULL),(4,35,14,3,3,NULL,NULL),(4,35,15,3,3,NULL,NULL),(4,35,16,3,3,NULL,NULL),(4,35,17,3,3,NULL,NULL),(4,35,18,3,3,NULL,NULL),(4,35,19,3,3,NULL,NULL),(4,35,20,3,3,NULL,NULL),(4,35,21,3,3,NULL,NULL),(4,35,22,3,3,NULL,NULL),(4,35,23,3,3,NULL,NULL),(4,35,24,3,3,NULL,NULL),(4,35,25,3,3,NULL,NULL),(4,35,26,3,3,NULL,NULL),(4,35,27,3,3,NULL,NULL),(4,35,28,3,3,NULL,NULL),(4,35,29,3,3,NULL,NULL),(4,35,30,3,3,NULL,NULL),(4,35,31,3,3,NULL,NULL),(4,35,32,3,3,NULL,NULL),(4,35,33,3,3,NULL,NULL),(4,35,34,3,3,NULL,NULL),(4,35,35,3,3,NULL,NULL),(4,35,36,3,3,NULL,NULL),(4,35,37,3,3,NULL,NULL),(4,35,38,3,3,NULL,NULL),(4,35,39,3,3,NULL,NULL),(4,35,40,3,3,NULL,NULL),(4,35,41,3,3,NULL,NULL),(4,35,42,3,3,NULL,NULL),(4,35,43,3,3,NULL,NULL),(4,35,44,3,3,NULL,NULL),(4,35,45,3,3,NULL,NULL),(4,35,46,3,3,NULL,NULL),(4,35,47,3,3,NULL,NULL),(4,35,48,3,3,NULL,NULL),(4,35,49,3,3,NULL,NULL),(4,35,50,3,3,NULL,NULL),(4,36,1,3,3,NULL,NULL),(4,36,2,3,3,NULL,NULL),(4,36,3,3,3,NULL,NULL),(4,36,4,3,3,NULL,NULL),(4,36,5,3,3,NULL,NULL),(4,36,6,3,3,NULL,NULL),(4,36,7,3,3,NULL,NULL),(4,36,8,3,3,NULL,NULL),(4,36,9,3,3,NULL,NULL),(4,36,10,3,3,NULL,NULL),(4,36,11,3,3,NULL,NULL),(4,36,12,3,3,NULL,NULL),(4,36,13,3,3,NULL,NULL),(4,36,14,3,3,NULL,NULL),(4,36,15,3,3,NULL,NULL),(4,36,16,3,3,NULL,NULL),(4,36,17,3,3,NULL,NULL),(4,36,18,3,3,NULL,NULL),(4,36,19,3,3,NULL,NULL),(4,36,20,3,3,NULL,NULL),(4,36,21,3,3,NULL,NULL),(4,36,22,3,3,NULL,NULL),(4,36,23,3,3,NULL,NULL),(4,36,24,3,3,NULL,NULL),(4,36,25,3,3,NULL,NULL),(4,36,26,3,3,NULL,NULL),(4,36,27,3,3,NULL,NULL),(4,36,28,3,3,NULL,NULL),(4,36,29,3,3,NULL,NULL),(4,36,30,3,3,NULL,NULL),(4,36,31,3,3,NULL,NULL),(4,36,32,3,3,NULL,NULL),(4,36,33,3,3,NULL,NULL),(4,36,34,3,3,NULL,NULL),(4,36,35,3,3,NULL,NULL),(4,36,36,3,3,NULL,NULL),(4,36,37,3,3,NULL,NULL),(4,36,38,3,3,NULL,NULL),(4,36,39,3,3,NULL,NULL),(4,36,40,3,3,NULL,NULL),(4,36,41,3,3,NULL,NULL),(4,36,42,3,3,NULL,NULL),(4,36,43,3,3,NULL,NULL),(4,36,44,3,3,NULL,NULL),(4,36,45,3,3,NULL,NULL),(4,36,46,3,3,NULL,NULL),(4,36,47,3,3,NULL,NULL),(4,36,48,3,3,NULL,NULL),(4,36,49,3,3,NULL,NULL),(4,36,50,3,3,NULL,NULL),(4,37,1,3,3,NULL,NULL),(4,37,2,3,3,NULL,NULL),(4,37,3,3,3,NULL,NULL),(4,37,4,3,3,NULL,NULL),(4,37,5,3,3,NULL,NULL),(4,37,6,3,3,NULL,NULL),(4,37,7,3,3,NULL,NULL),(4,37,8,3,3,NULL,NULL),(4,37,9,3,3,NULL,NULL),(4,37,10,3,3,NULL,NULL),(4,37,11,3,3,NULL,NULL),(4,37,12,3,3,NULL,NULL),(4,37,13,3,3,NULL,NULL),(4,37,14,3,3,NULL,NULL),(4,37,15,3,3,NULL,NULL),(4,37,16,3,3,NULL,NULL),(4,37,17,3,3,NULL,NULL),(4,37,18,3,3,NULL,NULL),(4,37,19,3,3,NULL,NULL),(4,37,20,3,3,NULL,NULL),(4,37,21,3,3,NULL,NULL),(4,37,22,3,3,NULL,NULL),(4,37,23,3,3,NULL,NULL),(4,37,24,3,3,NULL,NULL),(4,37,25,3,3,NULL,NULL),(4,37,26,3,3,NULL,NULL),(4,37,27,3,3,NULL,NULL),(4,37,28,3,3,NULL,NULL),(4,37,29,3,3,NULL,NULL),(4,37,30,3,3,NULL,NULL),(4,37,31,3,3,NULL,NULL),(4,37,32,3,3,NULL,NULL),(4,37,33,3,3,NULL,NULL),(4,37,34,3,3,NULL,NULL),(4,37,35,3,3,NULL,NULL),(4,37,36,3,3,NULL,NULL),(4,37,37,3,3,NULL,NULL),(4,37,38,3,3,NULL,NULL),(4,37,39,3,3,NULL,NULL),(4,37,40,3,3,NULL,NULL),(4,37,41,3,3,NULL,NULL),(4,37,42,3,3,NULL,NULL),(4,37,43,3,3,NULL,NULL),(4,37,44,3,3,NULL,NULL),(4,37,45,3,3,NULL,NULL),(4,37,46,3,3,NULL,NULL),(4,37,47,3,3,NULL,NULL),(4,37,48,3,3,NULL,NULL),(4,37,49,3,3,NULL,NULL),(4,37,50,3,3,NULL,NULL),(4,38,1,3,3,NULL,NULL),(4,38,2,3,3,NULL,NULL),(4,38,3,3,3,NULL,NULL),(4,38,4,3,3,NULL,NULL),(4,38,5,3,3,NULL,NULL),(4,38,6,3,3,NULL,NULL),(4,38,7,3,3,NULL,NULL),(4,38,8,3,3,NULL,NULL),(4,38,9,3,3,NULL,NULL),(4,38,10,3,3,NULL,NULL),(4,38,11,3,3,NULL,NULL),(4,38,12,3,3,NULL,NULL),(4,38,13,3,3,NULL,NULL),(4,38,14,3,3,NULL,NULL),(4,38,15,3,3,NULL,NULL),(4,38,16,3,3,NULL,NULL),(4,38,17,3,3,NULL,NULL),(4,38,18,3,3,NULL,NULL),(4,38,19,3,3,NULL,NULL),(4,38,20,3,3,NULL,NULL),(4,38,21,3,3,NULL,NULL),(4,38,22,3,3,NULL,NULL),(4,38,23,3,3,NULL,NULL),(4,38,24,3,3,NULL,NULL),(4,38,25,3,3,NULL,NULL),(4,38,26,3,3,NULL,NULL),(4,38,27,3,3,NULL,NULL),(4,38,28,3,3,NULL,NULL),(4,38,29,3,3,NULL,NULL),(4,38,30,3,3,NULL,NULL),(4,38,31,3,3,NULL,NULL),(4,38,32,3,3,NULL,NULL),(4,38,33,3,3,NULL,NULL),(4,38,34,3,3,NULL,NULL),(4,38,35,3,3,NULL,NULL),(4,38,36,3,3,NULL,NULL),(4,38,37,3,3,NULL,NULL),(4,38,38,3,3,NULL,NULL),(4,38,39,3,3,NULL,NULL),(4,38,40,3,3,NULL,NULL),(4,38,41,3,3,NULL,NULL),(4,38,42,3,3,NULL,NULL),(4,38,43,3,3,NULL,NULL),(4,38,44,3,3,NULL,NULL),(4,38,45,3,3,NULL,NULL),(4,38,46,3,3,NULL,NULL),(4,38,47,3,3,NULL,NULL),(4,38,48,3,3,NULL,NULL),(4,38,49,3,3,NULL,NULL),(4,38,50,3,3,NULL,NULL),(4,39,1,3,3,NULL,NULL),(4,39,2,3,3,NULL,NULL),(4,39,3,3,3,NULL,NULL),(4,39,4,3,3,NULL,NULL),(4,39,5,3,3,NULL,NULL),(4,39,6,3,3,NULL,NULL),(4,39,7,3,3,NULL,NULL),(4,39,8,3,3,NULL,NULL),(4,39,9,3,3,NULL,NULL),(4,39,10,3,3,NULL,NULL),(4,39,11,3,3,NULL,NULL),(4,39,12,3,3,NULL,NULL),(4,39,13,3,3,NULL,NULL),(4,39,14,3,3,NULL,NULL),(4,39,15,3,3,NULL,NULL),(4,39,16,3,3,NULL,NULL),(4,39,17,3,3,NULL,NULL),(4,39,18,3,3,NULL,NULL),(4,39,19,3,3,NULL,NULL),(4,39,20,3,3,NULL,NULL),(4,39,21,3,3,NULL,NULL),(4,39,22,3,3,NULL,NULL),(4,39,23,3,3,NULL,NULL),(4,39,24,3,3,NULL,NULL),(4,39,25,3,3,NULL,NULL),(4,39,26,3,3,NULL,NULL),(4,39,27,3,3,NULL,NULL),(4,39,28,3,3,NULL,NULL),(4,39,29,3,3,NULL,NULL),(4,39,30,3,3,NULL,NULL),(4,39,31,3,3,NULL,NULL),(4,39,32,3,3,NULL,NULL),(4,39,33,3,3,NULL,NULL),(4,39,34,3,3,NULL,NULL),(4,39,35,3,3,NULL,NULL),(4,39,36,3,3,NULL,NULL),(4,39,37,3,3,NULL,NULL),(4,39,38,3,3,NULL,NULL),(4,39,39,3,3,NULL,NULL),(4,39,40,3,3,NULL,NULL),(4,39,41,3,3,NULL,NULL),(4,39,42,3,3,NULL,NULL),(4,39,43,3,3,NULL,NULL),(4,39,44,3,3,NULL,NULL),(4,39,45,3,3,NULL,NULL),(4,39,46,3,3,NULL,NULL),(4,39,47,3,3,NULL,NULL),(4,39,48,3,3,NULL,NULL),(4,39,49,3,3,NULL,NULL),(4,39,50,3,3,NULL,NULL),(4,40,1,3,3,NULL,NULL),(4,40,2,3,3,NULL,NULL),(4,40,3,3,3,NULL,NULL),(4,40,4,3,3,NULL,NULL),(4,40,5,3,3,NULL,NULL),(4,40,6,3,3,NULL,NULL),(4,40,7,3,3,NULL,NULL),(4,40,8,3,3,NULL,NULL),(4,40,9,3,3,NULL,NULL),(4,40,10,3,3,NULL,NULL),(4,40,11,3,3,NULL,NULL),(4,40,12,3,3,NULL,NULL),(4,40,13,3,3,NULL,NULL),(4,40,14,3,3,NULL,NULL),(4,40,15,3,3,NULL,NULL),(4,40,16,3,3,NULL,NULL),(4,40,17,3,3,NULL,NULL),(4,40,18,3,3,NULL,NULL),(4,40,19,3,3,NULL,NULL),(4,40,20,3,3,NULL,NULL),(4,40,21,3,3,NULL,NULL),(4,40,22,3,3,NULL,NULL),(4,40,23,3,3,NULL,NULL),(4,40,24,3,3,NULL,NULL),(4,40,25,3,3,NULL,NULL),(4,40,26,3,3,NULL,NULL),(4,40,27,3,3,NULL,NULL),(4,40,28,3,3,NULL,NULL),(4,40,29,3,3,NULL,NULL),(4,40,30,3,3,NULL,NULL),(4,40,31,3,3,NULL,NULL),(4,40,32,3,3,NULL,NULL),(4,40,33,3,3,NULL,NULL),(4,40,34,3,3,NULL,NULL),(4,40,35,3,3,NULL,NULL),(4,40,36,3,3,NULL,NULL),(4,40,37,3,3,NULL,NULL),(4,40,38,3,3,NULL,NULL),(4,40,39,3,3,NULL,NULL),(4,40,40,3,3,NULL,NULL),(4,40,41,3,3,NULL,NULL),(4,40,42,3,3,NULL,NULL),(4,40,43,3,3,NULL,NULL),(4,40,44,3,3,NULL,NULL),(4,40,45,3,3,NULL,NULL),(4,40,46,3,3,NULL,NULL),(4,40,47,3,3,NULL,NULL),(4,40,48,3,3,NULL,NULL),(4,40,49,3,3,NULL,NULL),(4,40,50,3,3,NULL,NULL),(4,41,1,3,3,NULL,NULL),(4,41,2,3,3,NULL,NULL),(4,41,3,3,3,NULL,NULL),(4,41,4,3,3,NULL,NULL),(4,41,5,3,3,NULL,NULL),(4,41,6,3,3,NULL,NULL),(4,41,7,3,3,NULL,NULL),(4,41,8,3,3,NULL,NULL),(4,41,9,3,3,NULL,NULL),(4,41,10,3,3,NULL,NULL),(4,41,11,3,3,NULL,NULL),(4,41,12,3,3,NULL,NULL),(4,41,13,3,3,NULL,NULL),(4,41,14,3,3,NULL,NULL),(4,41,15,3,3,NULL,NULL),(4,41,16,3,3,NULL,NULL),(4,41,17,3,3,NULL,NULL),(4,41,18,3,3,NULL,NULL),(4,41,19,3,3,NULL,NULL),(4,41,20,3,3,NULL,NULL),(4,41,21,3,3,NULL,NULL),(4,41,22,3,3,NULL,NULL),(4,41,23,3,3,NULL,NULL),(4,41,24,3,3,NULL,NULL),(4,41,25,3,3,NULL,NULL),(4,41,26,3,3,NULL,NULL),(4,41,27,3,3,NULL,NULL),(4,41,28,3,3,NULL,NULL),(4,41,29,3,3,NULL,NULL),(4,41,30,3,3,NULL,NULL),(4,41,31,3,3,NULL,NULL),(4,41,32,3,3,NULL,NULL),(4,41,33,3,3,NULL,NULL),(4,41,34,3,3,NULL,NULL),(4,41,35,3,3,NULL,NULL),(4,41,36,3,3,NULL,NULL),(4,41,37,3,3,NULL,NULL),(4,41,38,3,3,NULL,NULL),(4,41,39,3,3,NULL,NULL),(4,41,40,3,3,NULL,NULL),(4,41,41,3,3,NULL,NULL),(4,41,42,3,3,NULL,NULL),(4,41,43,3,3,NULL,NULL),(4,41,44,3,3,NULL,NULL),(4,41,45,3,3,NULL,NULL),(4,41,46,3,3,NULL,NULL),(4,41,47,3,3,NULL,NULL),(4,41,48,3,3,NULL,NULL),(4,41,49,3,3,NULL,NULL),(4,41,50,3,3,NULL,NULL),(4,42,1,3,3,NULL,NULL),(4,42,2,3,3,NULL,NULL),(4,42,3,3,3,NULL,NULL),(4,42,4,3,3,NULL,NULL),(4,42,5,3,3,NULL,NULL),(4,42,6,3,3,NULL,NULL),(4,42,7,3,3,NULL,NULL),(4,42,8,3,3,NULL,NULL),(4,42,9,3,3,NULL,NULL),(4,42,10,3,3,NULL,NULL),(4,42,11,3,3,NULL,NULL),(4,42,12,3,3,NULL,NULL),(4,42,13,3,3,NULL,NULL),(4,42,14,3,3,NULL,NULL),(4,42,15,3,3,NULL,NULL),(4,42,16,3,3,NULL,NULL),(4,42,17,3,3,NULL,NULL),(4,42,18,3,3,NULL,NULL),(4,42,19,3,3,NULL,NULL),(4,42,20,3,3,NULL,NULL),(4,42,21,3,3,NULL,NULL),(4,42,22,3,3,NULL,NULL),(4,42,23,3,3,NULL,NULL),(4,42,24,3,3,NULL,NULL),(4,42,25,3,3,NULL,NULL),(4,42,26,3,3,NULL,NULL),(4,42,27,3,3,NULL,NULL),(4,42,28,3,3,NULL,NULL),(4,42,29,3,3,NULL,NULL),(4,42,30,3,3,NULL,NULL),(4,42,31,3,3,NULL,NULL),(4,42,32,3,3,NULL,NULL),(4,42,33,3,3,NULL,NULL),(4,42,34,3,3,NULL,NULL),(4,42,35,3,3,NULL,NULL),(4,42,36,3,3,NULL,NULL),(4,42,37,3,3,NULL,NULL),(4,42,38,3,3,NULL,NULL),(4,42,39,3,3,NULL,NULL),(4,42,40,3,3,NULL,NULL),(4,42,41,3,3,NULL,NULL),(4,42,42,3,3,NULL,NULL),(4,42,43,3,3,NULL,NULL),(4,42,44,3,3,NULL,NULL),(4,42,45,3,3,NULL,NULL),(4,42,46,3,3,NULL,NULL),(4,42,47,3,3,NULL,NULL),(4,42,48,3,3,NULL,NULL),(4,42,49,3,3,NULL,NULL),(4,42,50,3,3,NULL,NULL),(4,43,1,3,3,NULL,NULL),(4,43,2,3,3,NULL,NULL),(4,43,3,3,3,NULL,NULL),(4,43,4,3,3,NULL,NULL),(4,43,5,3,3,NULL,NULL),(4,43,6,3,3,NULL,NULL),(4,43,7,3,3,NULL,NULL),(4,43,8,3,3,NULL,NULL),(4,43,9,3,3,NULL,NULL),(4,43,10,3,3,NULL,NULL),(4,43,11,3,3,NULL,NULL),(4,43,12,3,3,NULL,NULL),(4,43,13,3,3,NULL,NULL),(4,43,14,3,3,NULL,NULL),(4,43,15,3,3,NULL,NULL),(4,43,16,3,3,NULL,NULL),(4,43,17,3,3,NULL,NULL),(4,43,18,3,3,NULL,NULL),(4,43,19,3,3,NULL,NULL),(4,43,20,3,3,NULL,NULL),(4,43,21,3,3,NULL,NULL),(4,43,22,3,3,NULL,NULL),(4,43,23,3,3,NULL,NULL),(4,43,24,3,3,NULL,NULL),(4,43,25,3,3,NULL,NULL),(4,43,26,3,3,NULL,NULL),(4,43,27,3,3,NULL,NULL),(4,43,28,3,3,NULL,NULL),(4,43,29,3,3,NULL,NULL),(4,43,30,3,3,NULL,NULL),(4,43,31,3,3,NULL,NULL),(4,43,32,3,3,NULL,NULL),(4,43,33,3,3,NULL,NULL),(4,43,34,3,3,NULL,NULL),(4,43,35,3,3,NULL,NULL),(4,43,36,3,3,NULL,NULL),(4,43,37,3,3,NULL,NULL),(4,43,38,3,3,NULL,NULL),(4,43,39,3,3,NULL,NULL),(4,43,40,3,3,NULL,NULL),(4,43,41,3,3,NULL,NULL),(4,43,42,3,3,NULL,NULL),(4,43,43,3,3,NULL,NULL),(4,43,44,3,3,NULL,NULL),(4,43,45,3,3,NULL,NULL),(4,43,46,3,3,NULL,NULL),(4,43,47,3,3,NULL,NULL),(4,43,48,3,3,NULL,NULL),(4,43,49,3,3,NULL,NULL),(4,43,50,3,3,NULL,NULL),(4,44,1,3,3,NULL,NULL),(4,44,2,3,3,NULL,NULL),(4,44,3,3,3,NULL,NULL),(4,44,4,3,3,NULL,NULL),(4,44,5,3,3,NULL,NULL),(4,44,6,3,3,NULL,NULL),(4,44,7,3,3,NULL,NULL),(4,44,8,3,3,NULL,NULL),(4,44,9,3,3,NULL,NULL),(4,44,10,3,3,NULL,NULL),(4,44,11,3,3,NULL,NULL),(4,44,12,3,3,NULL,NULL),(4,44,13,3,3,NULL,NULL),(4,44,14,3,3,NULL,NULL),(4,44,15,3,3,NULL,NULL),(4,44,16,3,3,NULL,NULL),(4,44,17,3,3,NULL,NULL),(4,44,18,3,3,NULL,NULL),(4,44,19,3,3,NULL,NULL),(4,44,20,3,3,NULL,NULL),(4,44,21,3,3,NULL,NULL),(4,44,22,3,3,NULL,NULL),(4,44,23,3,3,NULL,NULL),(4,44,24,3,3,NULL,NULL),(4,44,25,3,3,NULL,NULL),(4,44,26,3,3,NULL,NULL),(4,44,27,3,3,NULL,NULL),(4,44,28,3,3,NULL,NULL),(4,44,29,3,3,NULL,NULL),(4,44,30,3,3,NULL,NULL),(4,44,31,3,3,NULL,NULL),(4,44,32,3,3,NULL,NULL),(4,44,33,3,3,NULL,NULL),(4,44,34,3,3,NULL,NULL),(4,44,35,3,3,NULL,NULL),(4,44,36,3,3,NULL,NULL),(4,44,37,3,3,NULL,NULL),(4,44,38,3,3,NULL,NULL),(4,44,39,3,3,NULL,NULL),(4,44,40,3,3,NULL,NULL),(4,44,41,3,3,NULL,NULL),(4,44,42,3,3,NULL,NULL),(4,44,43,3,3,NULL,NULL),(4,44,44,3,3,NULL,NULL),(4,44,45,3,3,NULL,NULL),(4,44,46,3,3,NULL,NULL),(4,44,47,3,3,NULL,NULL),(4,44,48,3,3,NULL,NULL),(4,44,49,3,3,NULL,NULL),(4,44,50,3,3,NULL,NULL),(4,45,1,3,3,NULL,NULL),(4,45,2,3,3,NULL,NULL),(4,45,3,3,3,NULL,NULL),(4,45,4,3,3,NULL,NULL),(4,45,5,3,3,NULL,NULL),(4,45,6,3,3,NULL,NULL),(4,45,7,3,3,NULL,NULL),(4,45,8,3,3,NULL,NULL),(4,45,9,3,3,NULL,NULL),(4,45,10,3,3,NULL,NULL),(4,45,11,3,3,NULL,NULL),(4,45,12,3,3,NULL,NULL),(4,45,13,3,3,NULL,NULL),(4,45,14,3,3,NULL,NULL),(4,45,15,3,3,NULL,NULL),(4,45,16,3,3,NULL,NULL),(4,45,17,3,3,NULL,NULL),(4,45,18,3,3,NULL,NULL),(4,45,19,3,3,NULL,NULL),(4,45,20,3,3,NULL,NULL),(4,45,21,3,3,NULL,NULL),(4,45,22,3,3,NULL,NULL),(4,45,23,3,3,NULL,NULL),(4,45,24,3,3,NULL,NULL),(4,45,25,3,3,NULL,NULL),(4,45,26,3,3,NULL,NULL),(4,45,27,3,3,NULL,NULL),(4,45,28,3,3,NULL,NULL),(4,45,29,3,3,NULL,NULL),(4,45,30,3,3,NULL,NULL),(4,45,31,3,3,NULL,NULL),(4,45,32,3,3,NULL,NULL),(4,45,33,3,3,NULL,NULL),(4,45,34,3,3,NULL,NULL),(4,45,35,3,3,NULL,NULL),(4,45,36,3,3,NULL,NULL),(4,45,37,3,3,NULL,NULL),(4,45,38,3,3,NULL,NULL),(4,45,39,3,3,NULL,NULL),(4,45,40,3,3,NULL,NULL),(4,45,41,3,3,NULL,NULL),(4,45,42,3,3,NULL,NULL),(4,45,43,3,3,NULL,NULL),(4,45,44,3,3,NULL,NULL),(4,45,45,3,3,NULL,NULL),(4,45,46,3,3,NULL,NULL),(4,45,47,3,3,NULL,NULL),(4,45,48,3,3,NULL,NULL),(4,45,49,3,3,NULL,NULL),(4,45,50,3,3,NULL,NULL),(4,46,1,3,3,NULL,NULL),(4,46,2,3,3,NULL,NULL),(4,46,3,3,3,NULL,NULL),(4,46,4,3,3,NULL,NULL),(4,46,5,3,3,NULL,NULL),(4,46,6,3,3,NULL,NULL),(4,46,7,3,3,NULL,NULL),(4,46,8,3,3,NULL,NULL),(4,46,9,3,3,NULL,NULL),(4,46,10,3,3,NULL,NULL),(4,46,11,3,3,NULL,NULL),(4,46,12,3,3,NULL,NULL),(4,46,13,3,3,NULL,NULL),(4,46,14,3,3,NULL,NULL),(4,46,15,3,3,NULL,NULL),(4,46,16,3,3,NULL,NULL),(4,46,17,3,3,NULL,NULL),(4,46,18,3,3,NULL,NULL),(4,46,19,3,3,NULL,NULL),(4,46,20,3,3,NULL,NULL),(4,46,21,3,3,NULL,NULL),(4,46,22,3,3,NULL,NULL),(4,46,23,3,3,NULL,NULL),(4,46,24,3,3,NULL,NULL),(4,46,25,3,3,NULL,NULL),(4,46,26,3,3,NULL,NULL),(4,46,27,3,3,NULL,NULL),(4,46,28,3,3,NULL,NULL),(4,46,29,3,3,NULL,NULL),(4,46,30,3,3,NULL,NULL),(4,46,31,3,3,NULL,NULL),(4,46,32,3,3,NULL,NULL),(4,46,33,3,3,NULL,NULL),(4,46,34,3,3,NULL,NULL),(4,46,35,3,3,NULL,NULL),(4,46,36,3,3,NULL,NULL),(4,46,37,3,3,NULL,NULL),(4,46,38,3,3,NULL,NULL),(4,46,39,3,3,NULL,NULL),(4,46,40,3,3,NULL,NULL),(4,46,41,3,3,NULL,NULL),(4,46,42,3,3,NULL,NULL),(4,46,43,3,3,NULL,NULL),(4,46,44,3,3,NULL,NULL),(4,46,45,3,3,NULL,NULL),(4,46,46,3,3,NULL,NULL),(4,46,47,3,3,NULL,NULL),(4,46,48,3,3,NULL,NULL),(4,46,49,3,3,NULL,NULL),(4,46,50,3,3,NULL,NULL),(4,47,1,3,3,NULL,NULL),(4,47,2,3,3,NULL,NULL),(4,47,3,3,3,NULL,NULL),(4,47,4,3,3,NULL,NULL),(4,47,5,3,3,NULL,NULL),(4,47,6,3,3,NULL,NULL),(4,47,7,3,3,NULL,NULL),(4,47,8,3,3,NULL,NULL),(4,47,9,3,3,NULL,NULL),(4,47,10,3,3,NULL,NULL),(4,47,11,3,3,NULL,NULL),(4,47,12,3,3,NULL,NULL),(4,47,13,3,3,NULL,NULL),(4,47,14,3,3,NULL,NULL),(4,47,15,3,3,NULL,NULL),(4,47,16,3,3,NULL,NULL),(4,47,17,3,3,NULL,NULL),(4,47,18,3,3,NULL,NULL),(4,47,19,3,3,NULL,NULL),(4,47,20,3,3,NULL,NULL),(4,47,21,3,3,NULL,NULL),(4,47,22,3,3,NULL,NULL),(4,47,23,3,3,NULL,NULL),(4,47,24,3,3,NULL,NULL),(4,47,25,3,3,NULL,NULL),(4,47,26,3,3,NULL,NULL),(4,47,27,3,3,NULL,NULL),(4,47,28,3,3,NULL,NULL),(4,47,29,3,3,NULL,NULL),(4,47,30,3,3,NULL,NULL),(4,47,31,3,3,NULL,NULL),(4,47,32,3,3,NULL,NULL),(4,47,33,3,3,NULL,NULL),(4,47,34,3,3,NULL,NULL),(4,47,35,3,3,NULL,NULL),(4,47,36,3,3,NULL,NULL),(4,47,37,3,3,NULL,NULL),(4,47,38,3,3,NULL,NULL),(4,47,39,3,3,NULL,NULL),(4,47,40,3,3,NULL,NULL),(4,47,41,3,3,NULL,NULL),(4,47,42,3,3,NULL,NULL),(4,47,43,3,3,NULL,NULL),(4,47,44,3,3,NULL,NULL),(4,47,45,3,3,NULL,NULL),(4,47,46,3,3,NULL,NULL),(4,47,47,3,3,NULL,NULL),(4,47,48,3,3,NULL,NULL),(4,47,49,3,3,NULL,NULL),(4,47,50,3,3,NULL,NULL),(4,48,1,3,3,NULL,NULL),(4,48,2,3,3,NULL,NULL),(4,48,3,3,3,NULL,NULL),(4,48,4,3,3,NULL,NULL),(4,48,5,3,3,NULL,NULL),(4,48,6,3,3,NULL,NULL),(4,48,7,3,3,NULL,NULL),(4,48,8,3,3,NULL,NULL),(4,48,9,3,3,NULL,NULL),(4,48,10,3,3,NULL,NULL),(4,48,11,3,3,NULL,NULL),(4,48,12,3,3,NULL,NULL),(4,48,13,3,3,NULL,NULL),(4,48,14,3,3,NULL,NULL),(4,48,15,3,3,NULL,NULL),(4,48,16,3,3,NULL,NULL),(4,48,17,3,3,NULL,NULL),(4,48,18,3,3,NULL,NULL),(4,48,19,3,3,NULL,NULL),(4,48,20,3,3,NULL,NULL),(4,48,21,3,3,NULL,NULL),(4,48,22,3,3,NULL,NULL),(4,48,23,3,3,NULL,NULL),(4,48,24,3,3,NULL,NULL),(4,48,25,3,3,NULL,NULL),(4,48,26,3,3,NULL,NULL),(4,48,27,3,3,NULL,NULL),(4,48,28,3,3,NULL,NULL),(4,48,29,3,3,NULL,NULL),(4,48,30,3,3,NULL,NULL),(4,48,31,3,3,NULL,NULL),(4,48,32,3,3,NULL,NULL),(4,48,33,3,3,NULL,NULL),(4,48,34,3,3,NULL,NULL),(4,48,35,3,3,NULL,NULL),(4,48,36,3,3,NULL,NULL),(4,48,37,3,3,NULL,NULL),(4,48,38,3,3,NULL,NULL),(4,48,39,3,3,NULL,NULL),(4,48,40,3,3,NULL,NULL),(4,48,41,3,3,NULL,NULL),(4,48,42,3,3,NULL,NULL),(4,48,43,3,3,NULL,NULL),(4,48,44,3,3,NULL,NULL),(4,48,45,3,3,NULL,NULL),(4,48,46,3,3,NULL,NULL),(4,48,47,3,3,NULL,NULL),(4,48,48,3,3,NULL,NULL),(4,48,49,3,3,NULL,NULL),(4,48,50,3,3,NULL,NULL),(4,49,1,3,3,NULL,NULL),(4,49,2,3,3,NULL,NULL),(4,49,3,3,3,NULL,NULL),(4,49,4,3,3,NULL,NULL),(4,49,5,3,3,NULL,NULL),(4,49,6,3,3,NULL,NULL),(4,49,7,3,3,NULL,NULL),(4,49,8,3,3,NULL,NULL),(4,49,9,3,3,NULL,NULL),(4,49,10,3,3,NULL,NULL),(4,49,11,3,3,NULL,NULL),(4,49,12,3,3,NULL,NULL),(4,49,13,3,3,NULL,NULL),(4,49,14,3,3,NULL,NULL),(4,49,15,3,3,NULL,NULL),(4,49,16,3,3,NULL,NULL),(4,49,17,3,3,NULL,NULL),(4,49,18,3,3,NULL,NULL),(4,49,19,3,3,NULL,NULL),(4,49,20,3,3,NULL,NULL),(4,49,21,3,3,NULL,NULL),(4,49,22,3,3,NULL,NULL),(4,49,23,3,3,NULL,NULL),(4,49,24,3,3,NULL,NULL),(4,49,25,3,3,NULL,NULL),(4,49,26,3,3,NULL,NULL),(4,49,27,3,3,NULL,NULL),(4,49,28,3,3,NULL,NULL),(4,49,29,3,3,NULL,NULL),(4,49,30,3,3,NULL,NULL),(4,49,31,3,3,NULL,NULL),(4,49,32,3,3,NULL,NULL),(4,49,33,3,3,NULL,NULL),(4,49,34,3,3,NULL,NULL),(4,49,35,3,3,NULL,NULL),(4,49,36,3,3,NULL,NULL),(4,49,37,3,3,NULL,NULL),(4,49,38,3,3,NULL,NULL),(4,49,39,3,3,NULL,NULL),(4,49,40,3,3,NULL,NULL),(4,49,41,3,3,NULL,NULL),(4,49,42,3,3,NULL,NULL),(4,49,43,3,3,NULL,NULL),(4,49,44,3,3,NULL,NULL),(4,49,45,3,3,NULL,NULL),(4,49,46,3,3,NULL,NULL),(4,49,47,3,3,NULL,NULL),(4,49,48,3,3,NULL,NULL),(4,49,49,3,3,NULL,NULL),(4,49,50,3,3,NULL,NULL),(4,50,1,3,3,NULL,NULL),(4,50,2,3,3,NULL,NULL),(4,50,3,3,3,NULL,NULL),(4,50,4,3,3,NULL,NULL),(4,50,5,3,3,NULL,NULL),(4,50,6,3,3,NULL,NULL),(4,50,7,3,3,NULL,NULL),(4,50,8,3,3,NULL,NULL),(4,50,9,3,3,NULL,NULL),(4,50,10,3,3,NULL,NULL),(4,50,11,3,3,NULL,NULL),(4,50,12,3,3,NULL,NULL),(4,50,13,3,3,NULL,NULL),(4,50,14,3,3,NULL,NULL),(4,50,15,3,3,NULL,NULL),(4,50,16,3,3,NULL,NULL),(4,50,17,3,3,NULL,NULL),(4,50,18,3,3,NULL,NULL),(4,50,19,3,3,NULL,NULL),(4,50,20,3,3,NULL,NULL),(4,50,21,3,3,NULL,NULL),(4,50,22,3,3,NULL,NULL),(4,50,23,3,3,NULL,NULL),(4,50,24,3,3,NULL,NULL),(4,50,25,3,3,NULL,NULL),(4,50,26,3,3,NULL,NULL),(4,50,27,3,3,NULL,NULL),(4,50,28,3,3,NULL,NULL),(4,50,29,3,3,NULL,NULL),(4,50,30,3,3,NULL,NULL),(4,50,31,3,3,NULL,NULL),(4,50,32,3,3,NULL,NULL),(4,50,33,3,3,NULL,NULL),(4,50,34,3,3,NULL,NULL),(4,50,35,3,3,NULL,NULL),(4,50,36,3,3,NULL,NULL),(4,50,37,3,3,NULL,NULL),(4,50,38,3,3,NULL,NULL),(4,50,39,3,3,NULL,NULL),(4,50,40,3,3,NULL,NULL),(4,50,41,3,3,NULL,NULL),(4,50,42,3,3,NULL,NULL),(4,50,43,3,3,NULL,NULL),(4,50,44,3,3,NULL,NULL),(4,50,45,3,3,NULL,NULL),(4,50,46,3,3,NULL,NULL),(4,50,47,3,3,NULL,NULL),(4,50,48,3,3,NULL,NULL),(4,50,49,3,3,NULL,NULL),(4,50,50,1,1,NULL,NULL),(5,1,1,3,3,NULL,NULL),(5,1,2,3,3,NULL,NULL),(5,1,3,3,3,NULL,NULL),(5,1,4,3,3,NULL,NULL),(5,1,5,3,3,NULL,NULL),(5,1,6,3,3,NULL,NULL),(5,1,7,3,3,NULL,NULL),(5,1,8,3,3,NULL,NULL),(5,1,9,3,3,NULL,NULL),(5,1,10,3,3,NULL,NULL),(5,1,11,3,3,NULL,NULL),(5,1,12,3,3,NULL,NULL),(5,1,13,3,3,NULL,NULL),(5,1,14,3,3,NULL,NULL),(5,1,15,3,3,NULL,NULL),(5,1,16,3,3,NULL,NULL),(5,1,17,3,3,NULL,NULL),(5,1,18,3,3,NULL,NULL),(5,1,19,3,3,NULL,NULL),(5,1,20,3,3,NULL,NULL),(5,1,21,3,3,NULL,NULL),(5,1,22,3,3,NULL,NULL),(5,1,23,3,3,NULL,NULL),(5,1,24,3,3,NULL,NULL),(5,1,25,3,3,NULL,NULL),(5,1,26,3,3,NULL,NULL),(5,1,27,3,3,NULL,NULL),(5,1,28,3,3,NULL,NULL),(5,1,29,3,3,NULL,NULL),(5,1,30,3,3,NULL,NULL),(5,1,31,3,3,NULL,NULL),(5,1,32,3,3,NULL,NULL),(5,1,33,3,3,NULL,NULL),(5,1,34,3,3,NULL,NULL),(5,1,35,3,3,NULL,NULL),(5,1,36,3,3,NULL,NULL),(5,1,37,3,3,NULL,NULL),(5,1,38,3,3,NULL,NULL),(5,1,39,3,3,NULL,NULL),(5,1,40,3,3,NULL,NULL),(5,1,41,3,3,NULL,NULL),(5,1,42,3,3,NULL,NULL),(5,1,43,3,3,NULL,NULL),(5,1,44,3,3,NULL,NULL),(5,1,45,3,3,NULL,NULL),(5,1,46,3,3,NULL,NULL),(5,1,47,3,3,NULL,NULL),(5,1,48,3,3,NULL,NULL),(5,1,49,3,3,NULL,NULL),(5,1,50,3,3,NULL,NULL),(5,2,1,3,3,NULL,NULL),(5,2,2,3,3,NULL,NULL),(5,2,3,3,3,NULL,NULL),(5,2,4,3,3,NULL,NULL),(5,2,5,3,3,NULL,NULL),(5,2,6,3,3,NULL,NULL),(5,2,7,3,3,NULL,NULL),(5,2,8,3,3,NULL,NULL),(5,2,9,3,3,NULL,NULL),(5,2,10,3,3,NULL,NULL),(5,2,11,3,3,NULL,NULL),(5,2,12,3,3,NULL,NULL),(5,2,13,3,3,NULL,NULL),(5,2,14,3,3,NULL,NULL),(5,2,15,3,3,NULL,NULL),(5,2,16,3,3,NULL,NULL),(5,2,17,3,3,NULL,NULL),(5,2,18,3,3,NULL,NULL),(5,2,19,3,3,NULL,NULL),(5,2,20,3,3,NULL,NULL),(5,2,21,3,3,NULL,NULL),(5,2,22,3,3,NULL,NULL),(5,2,23,3,3,NULL,NULL),(5,2,24,3,3,NULL,NULL),(5,2,25,3,3,NULL,NULL),(5,2,26,3,3,NULL,NULL),(5,2,27,3,3,NULL,NULL),(5,2,28,3,3,NULL,NULL),(5,2,29,3,3,NULL,NULL),(5,2,30,3,3,NULL,NULL),(5,2,31,3,3,NULL,NULL),(5,2,32,3,3,NULL,NULL),(5,2,33,3,3,NULL,NULL),(5,2,34,3,3,NULL,NULL),(5,2,35,3,3,NULL,NULL),(5,2,36,3,3,NULL,NULL),(5,2,37,3,3,NULL,NULL),(5,2,38,3,3,NULL,NULL),(5,2,39,3,3,NULL,NULL),(5,2,40,3,3,NULL,NULL),(5,2,41,3,3,NULL,NULL),(5,2,42,3,3,NULL,NULL),(5,2,43,3,3,NULL,NULL),(5,2,44,3,3,NULL,NULL),(5,2,45,3,3,NULL,NULL),(5,2,46,3,3,NULL,NULL),(5,2,47,3,3,NULL,NULL),(5,2,48,3,3,NULL,NULL),(5,2,49,3,3,NULL,NULL),(5,2,50,3,3,NULL,NULL),(5,3,1,3,3,NULL,NULL),(5,3,2,3,3,NULL,NULL),(5,3,3,3,3,NULL,NULL),(5,3,4,3,3,NULL,NULL),(5,3,5,3,3,NULL,NULL),(5,3,6,3,3,NULL,NULL),(5,3,7,3,3,NULL,NULL),(5,3,8,3,3,NULL,NULL),(5,3,9,3,3,NULL,NULL),(5,3,10,3,3,NULL,NULL),(5,3,11,3,3,NULL,NULL),(5,3,12,3,3,NULL,NULL),(5,3,13,3,3,NULL,NULL),(5,3,14,3,3,NULL,NULL),(5,3,15,3,3,NULL,NULL),(5,3,16,3,3,NULL,NULL),(5,3,17,3,3,NULL,NULL),(5,3,18,3,3,NULL,NULL),(5,3,19,3,3,NULL,NULL),(5,3,20,3,3,NULL,NULL),(5,3,21,3,3,NULL,NULL),(5,3,22,3,3,NULL,NULL),(5,3,23,3,3,NULL,NULL),(5,3,24,3,3,NULL,NULL),(5,3,25,3,3,NULL,NULL),(5,3,26,3,3,NULL,NULL),(5,3,27,3,3,NULL,NULL),(5,3,28,3,3,NULL,NULL),(5,3,29,3,3,NULL,NULL),(5,3,30,3,3,NULL,NULL),(5,3,31,3,3,NULL,NULL),(5,3,32,3,3,NULL,NULL),(5,3,33,3,3,NULL,NULL),(5,3,34,3,3,NULL,NULL),(5,3,35,3,3,NULL,NULL),(5,3,36,3,3,NULL,NULL),(5,3,37,3,3,NULL,NULL),(5,3,38,3,3,NULL,NULL),(5,3,39,3,3,NULL,NULL),(5,3,40,3,3,NULL,NULL),(5,3,41,3,3,NULL,NULL),(5,3,42,3,3,NULL,NULL),(5,3,43,3,3,NULL,NULL),(5,3,44,3,3,NULL,NULL),(5,3,45,3,3,NULL,NULL),(5,3,46,3,3,NULL,NULL),(5,3,47,3,3,NULL,NULL),(5,3,48,3,3,NULL,NULL),(5,3,49,3,3,NULL,NULL),(5,3,50,3,3,NULL,NULL),(5,4,1,3,3,NULL,NULL),(5,4,2,3,3,NULL,NULL),(5,4,3,3,3,NULL,NULL),(5,4,4,3,3,NULL,NULL),(5,4,5,3,3,NULL,NULL),(5,4,6,3,3,NULL,NULL),(5,4,7,3,3,NULL,NULL),(5,4,8,3,3,NULL,NULL),(5,4,9,3,3,NULL,NULL),(5,4,10,3,3,NULL,NULL),(5,4,11,3,3,NULL,NULL),(5,4,12,3,3,NULL,NULL),(5,4,13,3,3,NULL,NULL),(5,4,14,3,3,NULL,NULL),(5,4,15,3,3,NULL,NULL),(5,4,16,3,3,NULL,NULL),(5,4,17,3,3,NULL,NULL),(5,4,18,3,3,NULL,NULL),(5,4,19,3,3,NULL,NULL),(5,4,20,3,3,NULL,NULL),(5,4,21,3,3,NULL,NULL),(5,4,22,3,3,NULL,NULL),(5,4,23,3,3,NULL,NULL),(5,4,24,3,3,NULL,NULL),(5,4,25,3,3,NULL,NULL),(5,4,26,3,3,NULL,NULL),(5,4,27,3,3,NULL,NULL),(5,4,28,3,3,NULL,NULL),(5,4,29,3,3,NULL,NULL),(5,4,30,3,3,NULL,NULL),(5,4,31,3,3,NULL,NULL),(5,4,32,3,3,NULL,NULL),(5,4,33,3,3,NULL,NULL),(5,4,34,3,3,NULL,NULL),(5,4,35,3,3,NULL,NULL),(5,4,36,3,3,NULL,NULL),(5,4,37,3,3,NULL,NULL),(5,4,38,3,3,NULL,NULL),(5,4,39,3,3,NULL,NULL),(5,4,40,3,3,NULL,NULL),(5,4,41,3,3,NULL,NULL),(5,4,42,3,3,NULL,NULL),(5,4,43,3,3,NULL,NULL),(5,4,44,3,3,NULL,NULL),(5,4,45,3,3,NULL,NULL),(5,4,46,3,3,NULL,NULL),(5,4,47,3,3,NULL,NULL),(5,4,48,3,3,NULL,NULL),(5,4,49,3,3,NULL,NULL),(5,4,50,3,3,NULL,NULL),(5,5,1,3,3,NULL,NULL),(5,5,2,3,3,NULL,NULL),(5,5,3,3,3,NULL,NULL),(5,5,4,3,3,NULL,NULL),(5,5,5,3,3,NULL,NULL),(5,5,6,3,3,NULL,NULL),(5,5,7,3,3,NULL,NULL),(5,5,8,3,3,NULL,NULL),(5,5,9,3,3,NULL,NULL),(5,5,10,3,3,NULL,NULL),(5,5,11,3,3,NULL,NULL),(5,5,12,3,3,NULL,NULL),(5,5,13,3,3,NULL,NULL),(5,5,14,3,3,NULL,NULL),(5,5,15,3,3,NULL,NULL),(5,5,16,3,3,NULL,NULL),(5,5,17,3,3,NULL,NULL),(5,5,18,3,3,NULL,NULL),(5,5,19,3,3,NULL,NULL),(5,5,20,3,3,NULL,NULL),(5,5,21,3,3,NULL,NULL),(5,5,22,3,3,NULL,NULL),(5,5,23,3,3,NULL,NULL),(5,5,24,3,3,NULL,NULL),(5,5,25,3,3,NULL,NULL),(5,5,26,3,3,NULL,NULL),(5,5,27,3,3,NULL,NULL),(5,5,28,3,3,NULL,NULL),(5,5,29,3,3,NULL,NULL),(5,5,30,3,3,NULL,NULL),(5,5,31,3,3,NULL,NULL),(5,5,32,3,3,NULL,NULL),(5,5,33,3,3,NULL,NULL),(5,5,34,3,3,NULL,NULL),(5,5,35,3,3,NULL,NULL),(5,5,36,3,3,NULL,NULL),(5,5,37,3,3,NULL,NULL),(5,5,38,3,3,NULL,NULL),(5,5,39,3,3,NULL,NULL),(5,5,40,3,3,NULL,NULL),(5,5,41,3,3,NULL,NULL),(5,5,42,3,3,NULL,NULL),(5,5,43,3,3,NULL,NULL),(5,5,44,3,3,NULL,NULL),(5,5,45,3,3,NULL,NULL),(5,5,46,3,3,NULL,NULL),(5,5,47,3,3,NULL,NULL),(5,5,48,3,3,NULL,NULL),(5,5,49,3,3,NULL,NULL),(5,5,50,3,3,NULL,NULL),(5,6,1,3,3,NULL,NULL),(5,6,2,3,3,NULL,NULL),(5,6,3,3,3,NULL,NULL),(5,6,4,3,3,NULL,NULL),(5,6,5,3,3,NULL,NULL),(5,6,6,3,3,NULL,NULL),(5,6,7,3,3,NULL,NULL),(5,6,8,3,3,NULL,NULL),(5,6,9,3,3,NULL,NULL),(5,6,10,3,3,NULL,NULL),(5,6,11,3,3,NULL,NULL),(5,6,12,3,3,NULL,NULL),(5,6,13,3,3,NULL,NULL),(5,6,14,3,3,NULL,NULL),(5,6,15,3,3,NULL,NULL),(5,6,16,3,3,NULL,NULL),(5,6,17,3,3,NULL,NULL),(5,6,18,3,3,NULL,NULL),(5,6,19,3,3,NULL,NULL),(5,6,20,3,3,NULL,NULL),(5,6,21,3,3,NULL,NULL),(5,6,22,3,3,NULL,NULL),(5,6,23,3,3,NULL,NULL),(5,6,24,3,3,NULL,NULL),(5,6,25,3,3,NULL,NULL),(5,6,26,3,3,NULL,NULL),(5,6,27,3,3,NULL,NULL),(5,6,28,3,3,NULL,NULL),(5,6,29,3,3,NULL,NULL),(5,6,30,3,3,NULL,NULL),(5,6,31,3,3,NULL,NULL),(5,6,32,3,3,NULL,NULL),(5,6,33,3,3,NULL,NULL),(5,6,34,3,3,NULL,NULL),(5,6,35,3,3,NULL,NULL),(5,6,36,3,3,NULL,NULL),(5,6,37,3,3,NULL,NULL),(5,6,38,3,3,NULL,NULL),(5,6,39,3,3,NULL,NULL),(5,6,40,3,3,NULL,NULL),(5,6,41,3,3,NULL,NULL),(5,6,42,3,3,NULL,NULL),(5,6,43,3,3,NULL,NULL),(5,6,44,3,3,NULL,NULL),(5,6,45,3,3,NULL,NULL),(5,6,46,3,3,NULL,NULL),(5,6,47,3,3,NULL,NULL),(5,6,48,3,3,NULL,NULL),(5,6,49,3,3,NULL,NULL),(5,6,50,3,3,NULL,NULL),(5,7,1,3,3,NULL,NULL),(5,7,2,3,3,NULL,NULL),(5,7,3,3,3,NULL,NULL),(5,7,4,3,3,NULL,NULL),(5,7,5,3,3,NULL,NULL),(5,7,6,3,3,NULL,NULL),(5,7,7,3,3,NULL,NULL),(5,7,8,3,3,NULL,NULL),(5,7,9,3,3,NULL,NULL),(5,7,10,3,3,NULL,NULL),(5,7,11,3,3,NULL,NULL),(5,7,12,3,3,NULL,NULL),(5,7,13,3,3,NULL,NULL),(5,7,14,3,3,NULL,NULL),(5,7,15,3,3,NULL,NULL),(5,7,16,3,3,NULL,NULL),(5,7,17,3,3,NULL,NULL),(5,7,18,3,3,NULL,NULL),(5,7,19,3,3,NULL,NULL),(5,7,20,3,3,NULL,NULL),(5,7,21,3,3,NULL,NULL),(5,7,22,3,3,NULL,NULL),(5,7,23,3,3,NULL,NULL),(5,7,24,3,3,NULL,NULL),(5,7,25,3,3,NULL,NULL),(5,7,26,3,3,NULL,NULL),(5,7,27,3,3,NULL,NULL),(5,7,28,3,3,NULL,NULL),(5,7,29,3,3,NULL,NULL),(5,7,30,3,3,NULL,NULL),(5,7,31,3,3,NULL,NULL),(5,7,32,3,3,NULL,NULL),(5,7,33,3,3,NULL,NULL),(5,7,34,3,3,NULL,NULL),(5,7,35,3,3,NULL,NULL),(5,7,36,3,3,NULL,NULL),(5,7,37,3,3,NULL,NULL),(5,7,38,3,3,NULL,NULL),(5,7,39,3,3,NULL,NULL),(5,7,40,3,3,NULL,NULL),(5,7,41,3,3,NULL,NULL),(5,7,42,3,3,NULL,NULL),(5,7,43,3,3,NULL,NULL),(5,7,44,3,3,NULL,NULL),(5,7,45,3,3,NULL,NULL),(5,7,46,3,3,NULL,NULL),(5,7,47,3,3,NULL,NULL),(5,7,48,3,3,NULL,NULL),(5,7,49,3,3,NULL,NULL),(5,7,50,3,3,NULL,NULL),(5,8,1,3,3,NULL,NULL),(5,8,2,3,3,NULL,NULL),(5,8,3,3,3,NULL,NULL),(5,8,4,3,3,NULL,NULL),(5,8,5,3,3,NULL,NULL),(5,8,6,3,3,NULL,NULL),(5,8,7,3,3,NULL,NULL),(5,8,8,3,3,NULL,NULL),(5,8,9,3,3,NULL,NULL),(5,8,10,3,3,NULL,NULL),(5,8,11,3,3,NULL,NULL),(5,8,12,3,3,NULL,NULL),(5,8,13,3,3,NULL,NULL),(5,8,14,3,3,NULL,NULL),(5,8,15,3,3,NULL,NULL),(5,8,16,3,3,NULL,NULL),(5,8,17,3,3,NULL,NULL),(5,8,18,3,3,NULL,NULL),(5,8,19,3,3,NULL,NULL),(5,8,20,3,3,NULL,NULL),(5,8,21,3,3,NULL,NULL),(5,8,22,3,3,NULL,NULL),(5,8,23,3,3,NULL,NULL),(5,8,24,3,3,NULL,NULL),(5,8,25,3,3,NULL,NULL),(5,8,26,3,3,NULL,NULL),(5,8,27,3,3,NULL,NULL),(5,8,28,3,3,NULL,NULL),(5,8,29,3,3,NULL,NULL),(5,8,30,3,3,NULL,NULL),(5,8,31,3,3,NULL,NULL),(5,8,32,3,3,NULL,NULL),(5,8,33,3,3,NULL,NULL),(5,8,34,3,3,NULL,NULL),(5,8,35,3,3,NULL,NULL),(5,8,36,3,3,NULL,NULL),(5,8,37,3,3,NULL,NULL),(5,8,38,3,3,NULL,NULL),(5,8,39,3,3,NULL,NULL),(5,8,40,3,3,NULL,NULL),(5,8,41,3,3,NULL,NULL),(5,8,42,3,3,NULL,NULL),(5,8,43,3,3,NULL,NULL),(5,8,44,3,3,NULL,NULL),(5,8,45,3,3,NULL,NULL),(5,8,46,3,3,NULL,NULL),(5,8,47,3,3,NULL,NULL),(5,8,48,3,3,NULL,NULL),(5,8,49,3,3,NULL,NULL),(5,8,50,3,3,NULL,NULL),(5,9,1,3,3,NULL,NULL),(5,9,2,3,3,NULL,NULL),(5,9,3,3,3,NULL,NULL),(5,9,4,3,3,NULL,NULL),(5,9,5,3,3,NULL,NULL),(5,9,6,3,3,NULL,NULL),(5,9,7,3,3,NULL,NULL),(5,9,8,3,3,NULL,NULL),(5,9,9,5,1,NULL,NULL),(5,9,10,5,1,NULL,NULL),(5,9,11,5,1,NULL,NULL),(5,9,12,5,1,NULL,NULL),(5,9,13,5,1,NULL,NULL),(5,9,14,5,1,NULL,NULL),(5,9,15,5,1,NULL,NULL),(5,9,16,5,1,NULL,NULL),(5,9,17,5,1,NULL,NULL),(5,9,18,5,1,NULL,NULL),(5,9,19,5,1,NULL,NULL),(5,9,20,3,3,NULL,NULL),(5,9,21,3,3,NULL,NULL),(5,9,22,3,3,NULL,NULL),(5,9,23,3,3,NULL,NULL),(5,9,24,3,3,NULL,NULL),(5,9,25,3,3,NULL,NULL),(5,9,26,3,3,NULL,NULL),(5,9,27,3,3,NULL,NULL),(5,9,28,3,3,NULL,NULL),(5,9,29,3,3,NULL,NULL),(5,9,30,3,3,NULL,NULL),(5,9,31,3,3,NULL,NULL),(5,9,32,3,3,NULL,NULL),(5,9,33,3,3,NULL,NULL),(5,9,34,3,3,NULL,NULL),(5,9,35,3,3,NULL,NULL),(5,9,36,3,3,NULL,NULL),(5,9,37,3,3,NULL,NULL),(5,9,38,3,3,NULL,NULL),(5,9,39,3,3,NULL,NULL),(5,9,40,3,3,NULL,NULL),(5,9,41,3,3,NULL,NULL),(5,9,42,3,3,NULL,NULL),(5,9,43,3,3,NULL,NULL),(5,9,44,3,3,NULL,NULL),(5,9,45,3,3,NULL,NULL),(5,9,46,3,3,NULL,NULL),(5,9,47,3,3,NULL,NULL),(5,9,48,3,3,NULL,NULL),(5,9,49,3,3,NULL,NULL),(5,9,50,3,3,NULL,NULL),(5,10,1,3,3,NULL,NULL),(5,10,2,3,3,NULL,NULL),(5,10,3,3,3,NULL,NULL),(5,10,4,3,3,NULL,NULL),(5,10,5,3,3,NULL,NULL),(5,10,6,3,3,NULL,NULL),(5,10,7,3,3,NULL,NULL),(5,10,8,5,1,NULL,NULL),(5,10,9,5,1,NULL,NULL),(5,10,10,5,1,NULL,NULL),(5,10,11,5,1,NULL,NULL),(5,10,12,5,1,NULL,NULL),(5,10,13,5,1,NULL,NULL),(5,10,14,5,1,NULL,NULL),(5,10,15,5,1,NULL,NULL),(5,10,16,5,1,NULL,NULL),(5,10,17,5,1,NULL,NULL),(5,10,18,5,1,NULL,NULL),(5,10,19,5,1,NULL,NULL),(5,10,20,5,1,NULL,NULL),(5,10,21,3,3,NULL,NULL),(5,10,22,3,3,NULL,NULL),(5,10,23,3,3,NULL,NULL),(5,10,24,3,3,NULL,NULL),(5,10,25,3,3,NULL,NULL),(5,10,26,3,3,NULL,NULL),(5,10,27,3,3,NULL,NULL),(5,10,28,3,3,NULL,NULL),(5,10,29,3,3,NULL,NULL),(5,10,30,3,3,NULL,NULL),(5,10,31,3,3,NULL,NULL),(5,10,32,3,3,NULL,NULL),(5,10,33,3,3,NULL,NULL),(5,10,34,3,3,NULL,NULL),(5,10,35,3,3,NULL,NULL),(5,10,36,3,3,NULL,NULL),(5,10,37,3,3,NULL,NULL),(5,10,38,3,3,NULL,NULL),(5,10,39,3,3,NULL,NULL),(5,10,40,3,3,NULL,NULL),(5,10,41,3,3,NULL,NULL),(5,10,42,3,3,NULL,NULL),(5,10,43,3,3,NULL,NULL),(5,10,44,3,3,NULL,NULL),(5,10,45,3,3,NULL,NULL),(5,10,46,3,3,NULL,NULL),(5,10,47,3,3,NULL,NULL),(5,10,48,3,3,NULL,NULL),(5,10,49,3,3,NULL,NULL),(5,10,50,3,3,NULL,NULL),(5,11,1,3,3,NULL,NULL),(5,11,2,3,3,NULL,NULL),(5,11,3,3,3,NULL,NULL),(5,11,4,3,3,NULL,NULL),(5,11,5,3,3,NULL,NULL),(5,11,6,3,3,NULL,NULL),(5,11,7,3,3,NULL,NULL),(5,11,8,5,1,NULL,NULL),(5,11,9,5,1,NULL,NULL),(5,11,10,5,1,NULL,NULL),(5,11,11,2,1,NULL,NULL),(5,11,12,2,1,NULL,NULL),(5,11,13,2,1,NULL,NULL),(5,11,14,2,1,NULL,NULL),(5,11,15,2,1,NULL,NULL),(5,11,16,2,1,NULL,NULL),(5,11,17,2,1,NULL,NULL),(5,11,18,2,1,NULL,NULL),(5,11,19,5,1,NULL,NULL),(5,11,20,5,1,NULL,NULL),(5,11,21,5,1,NULL,NULL),(5,11,22,3,3,NULL,NULL),(5,11,23,3,3,NULL,NULL),(5,11,24,3,3,NULL,NULL),(5,11,25,3,3,NULL,NULL),(5,11,26,3,3,NULL,NULL),(5,11,27,3,3,NULL,NULL),(5,11,28,3,3,NULL,NULL),(5,11,29,3,3,NULL,NULL),(5,11,30,3,3,NULL,NULL),(5,11,31,3,3,NULL,NULL),(5,11,32,3,3,NULL,NULL),(5,11,33,3,3,NULL,NULL),(5,11,34,3,3,NULL,NULL),(5,11,35,3,3,NULL,NULL),(5,11,36,3,3,NULL,NULL),(5,11,37,3,3,NULL,NULL),(5,11,38,3,3,NULL,NULL),(5,11,39,3,3,NULL,NULL),(5,11,40,3,3,NULL,NULL),(5,11,41,3,3,NULL,NULL),(5,11,42,3,3,NULL,NULL),(5,11,43,3,3,NULL,NULL),(5,11,44,3,3,NULL,NULL),(5,11,45,3,3,NULL,NULL),(5,11,46,3,3,NULL,NULL),(5,11,47,3,3,NULL,NULL),(5,11,48,3,3,NULL,NULL),(5,11,49,3,3,NULL,NULL),(5,11,50,3,3,NULL,NULL),(5,12,1,3,3,NULL,NULL),(5,12,2,3,3,NULL,NULL),(5,12,3,3,3,NULL,NULL),(5,12,4,3,3,NULL,NULL),(5,12,5,3,3,NULL,NULL),(5,12,6,3,3,NULL,NULL),(5,12,7,3,3,NULL,NULL),(5,12,8,5,1,NULL,NULL),(5,12,9,5,1,NULL,NULL),(5,12,10,2,1,NULL,NULL),(5,12,11,2,1,NULL,NULL),(5,12,12,2,1,NULL,NULL),(5,12,13,2,1,NULL,NULL),(5,12,14,2,1,NULL,NULL),(5,12,15,2,1,NULL,NULL),(5,12,16,2,1,NULL,NULL),(5,12,17,2,1,NULL,NULL),(5,12,18,2,1,NULL,NULL),(5,12,19,2,1,NULL,NULL),(5,12,20,5,1,NULL,NULL),(5,12,21,5,1,NULL,NULL),(5,12,22,5,1,NULL,NULL),(5,12,23,5,1,NULL,NULL),(5,12,24,5,1,NULL,NULL),(5,12,25,3,1,NULL,NULL),(5,12,26,3,3,NULL,NULL),(5,12,27,3,3,NULL,NULL),(5,12,28,3,3,NULL,NULL),(5,12,29,3,3,NULL,NULL),(5,12,30,3,3,NULL,NULL),(5,12,31,3,3,NULL,NULL),(5,12,32,3,3,NULL,NULL),(5,12,33,3,3,NULL,NULL),(5,12,34,3,3,NULL,NULL),(5,12,35,3,3,NULL,NULL),(5,12,36,3,3,NULL,NULL),(5,12,37,3,3,NULL,NULL),(5,12,38,3,3,NULL,NULL),(5,12,39,3,3,NULL,NULL),(5,12,40,3,3,NULL,NULL),(5,12,41,3,3,NULL,NULL),(5,12,42,3,3,NULL,NULL),(5,12,43,3,3,NULL,NULL),(5,12,44,3,3,NULL,NULL),(5,12,45,3,3,NULL,NULL),(5,12,46,3,3,NULL,NULL),(5,12,47,3,3,NULL,NULL),(5,12,48,3,3,NULL,NULL),(5,12,49,3,3,NULL,NULL),(5,12,50,3,3,NULL,NULL),(5,13,1,3,3,NULL,NULL),(5,13,2,3,3,NULL,NULL),(5,13,3,3,3,NULL,NULL),(5,13,4,3,3,NULL,NULL),(5,13,5,3,3,NULL,NULL),(5,13,6,3,3,NULL,NULL),(5,13,7,3,3,NULL,NULL),(5,13,8,5,1,NULL,NULL),(5,13,9,5,1,NULL,NULL),(5,13,10,2,1,NULL,NULL),(5,13,11,2,1,NULL,NULL),(5,13,12,2,1,NULL,NULL),(5,13,13,2,1,NULL,NULL),(5,13,14,2,1,NULL,NULL),(5,13,15,2,1,NULL,NULL),(5,13,16,2,1,NULL,NULL),(5,13,17,2,1,NULL,NULL),(5,13,18,2,1,NULL,NULL),(5,13,19,2,1,NULL,NULL),(5,13,20,5,1,NULL,NULL),(5,13,21,5,1,NULL,NULL),(5,13,22,5,1,NULL,NULL),(5,13,23,5,1,NULL,NULL),(5,13,24,5,1,NULL,NULL),(5,13,25,5,1,NULL,NULL),(5,13,26,3,3,NULL,NULL),(5,13,27,3,3,NULL,NULL),(5,13,28,3,3,NULL,NULL),(5,13,29,3,3,NULL,NULL),(5,13,30,3,3,NULL,NULL),(5,13,31,3,3,NULL,NULL),(5,13,32,3,3,NULL,NULL),(5,13,33,3,3,NULL,NULL),(5,13,34,3,3,NULL,NULL),(5,13,35,3,3,NULL,NULL),(5,13,36,3,3,NULL,NULL),(5,13,37,3,3,NULL,NULL),(5,13,38,3,3,NULL,NULL),(5,13,39,3,3,NULL,NULL),(5,13,40,3,3,NULL,NULL),(5,13,41,3,3,NULL,NULL),(5,13,42,3,3,NULL,NULL),(5,13,43,3,3,NULL,NULL),(5,13,44,3,3,NULL,NULL),(5,13,45,3,3,NULL,NULL),(5,13,46,3,3,NULL,NULL),(5,13,47,3,3,NULL,NULL),(5,13,48,3,3,NULL,NULL),(5,13,49,3,3,NULL,NULL),(5,13,50,3,3,NULL,NULL),(5,14,1,3,3,NULL,NULL),(5,14,2,3,3,NULL,NULL),(5,14,3,3,3,NULL,NULL),(5,14,4,3,3,NULL,NULL),(5,14,5,3,3,NULL,NULL),(5,14,6,3,3,NULL,NULL),(5,14,7,3,3,NULL,NULL),(5,14,8,5,1,NULL,NULL),(5,14,9,5,1,NULL,NULL),(5,14,10,2,1,NULL,NULL),(5,14,11,2,1,NULL,NULL),(5,14,12,2,1,NULL,NULL),(5,14,13,2,1,NULL,NULL),(5,14,14,2,1,NULL,NULL),(5,14,15,2,1,NULL,NULL),(5,14,16,2,1,NULL,NULL),(5,14,17,2,1,NULL,NULL),(5,14,18,2,1,NULL,NULL),(5,14,19,2,1,NULL,NULL),(5,14,20,2,1,NULL,NULL),(5,14,21,2,1,NULL,NULL),(5,14,22,2,1,NULL,NULL),(5,14,23,2,1,NULL,NULL),(5,14,24,5,1,NULL,NULL),(5,14,25,5,1,NULL,NULL),(5,14,26,3,3,NULL,NULL),(5,14,27,3,3,NULL,NULL),(5,14,28,3,3,NULL,NULL),(5,14,29,3,3,NULL,NULL),(5,14,30,3,3,NULL,NULL),(5,14,31,3,3,NULL,NULL),(5,14,32,3,3,NULL,NULL),(5,14,33,3,3,NULL,NULL),(5,14,34,3,3,NULL,NULL),(5,14,35,3,3,NULL,NULL),(5,14,36,3,3,NULL,NULL),(5,14,37,3,3,NULL,NULL),(5,14,38,3,3,NULL,NULL),(5,14,39,3,3,NULL,NULL),(5,14,40,3,3,NULL,NULL),(5,14,41,3,3,NULL,NULL),(5,14,42,3,3,NULL,NULL),(5,14,43,3,3,NULL,NULL),(5,14,44,3,3,NULL,NULL),(5,14,45,3,3,NULL,NULL),(5,14,46,3,3,NULL,NULL),(5,14,47,3,3,NULL,NULL),(5,14,48,3,3,NULL,NULL),(5,14,49,3,3,NULL,NULL),(5,14,50,3,3,NULL,NULL),(5,15,1,3,3,NULL,NULL),(5,15,2,3,3,NULL,NULL),(5,15,3,3,3,NULL,NULL),(5,15,4,3,3,NULL,NULL),(5,15,5,3,3,NULL,NULL),(5,15,6,3,3,NULL,NULL),(5,15,7,3,3,NULL,NULL),(5,15,8,5,1,NULL,NULL),(5,15,9,5,1,NULL,NULL),(5,15,10,2,1,NULL,NULL),(5,15,11,2,1,NULL,NULL),(5,15,12,2,1,NULL,NULL),(5,15,13,2,1,NULL,NULL),(5,15,14,2,1,NULL,NULL),(5,15,15,2,1,NULL,NULL),(5,15,16,2,1,NULL,NULL),(5,15,17,2,1,NULL,NULL),(5,15,18,2,1,NULL,NULL),(5,15,19,2,1,NULL,NULL),(5,15,20,2,1,NULL,NULL),(5,15,21,2,1,NULL,NULL),(5,15,22,2,1,NULL,NULL),(5,15,23,2,1,NULL,NULL),(5,15,24,5,1,NULL,NULL),(5,15,25,5,1,NULL,NULL),(5,15,26,3,3,NULL,NULL),(5,15,27,3,3,NULL,NULL),(5,15,28,3,3,NULL,NULL),(5,15,29,3,3,NULL,NULL),(5,15,30,3,3,NULL,NULL),(5,15,31,3,3,NULL,NULL),(5,15,32,3,3,NULL,NULL),(5,15,33,3,3,NULL,NULL),(5,15,34,3,3,NULL,NULL),(5,15,35,3,3,NULL,NULL),(5,15,36,3,3,NULL,NULL),(5,15,37,3,3,NULL,NULL),(5,15,38,3,3,NULL,NULL),(5,15,39,3,3,NULL,NULL),(5,15,40,3,3,NULL,NULL),(5,15,41,3,3,NULL,NULL),(5,15,42,3,3,NULL,NULL),(5,15,43,3,3,NULL,NULL),(5,15,44,3,3,NULL,NULL),(5,15,45,3,3,NULL,NULL),(5,15,46,3,3,NULL,NULL),(5,15,47,3,3,NULL,NULL),(5,15,48,3,3,NULL,NULL),(5,15,49,3,3,NULL,NULL),(5,15,50,3,3,NULL,NULL),(5,16,1,3,3,NULL,NULL),(5,16,2,3,3,NULL,NULL),(5,16,3,3,3,NULL,NULL),(5,16,4,3,3,NULL,NULL),(5,16,5,3,3,NULL,NULL),(5,16,6,3,3,NULL,NULL),(5,16,7,3,3,NULL,NULL),(5,16,8,5,1,NULL,NULL),(5,16,9,5,1,NULL,NULL),(5,16,10,2,1,NULL,NULL),(5,16,11,2,1,NULL,NULL),(5,16,12,2,1,NULL,NULL),(5,16,13,2,1,NULL,NULL),(5,16,14,2,1,NULL,NULL),(5,16,15,2,1,NULL,NULL),(5,16,16,2,1,NULL,NULL),(5,16,18,12,1,16018,NULL),(5,16,19,2,1,NULL,NULL),(5,16,20,2,1,NULL,NULL),(5,16,21,2,1,NULL,NULL),(5,16,22,2,1,NULL,NULL),(5,16,23,2,1,NULL,NULL),(5,16,24,5,1,NULL,NULL),(5,16,25,5,1,NULL,NULL),(5,16,26,3,3,NULL,NULL),(5,16,27,3,3,NULL,NULL),(5,16,28,3,3,NULL,NULL),(5,16,29,3,3,NULL,NULL),(5,16,30,3,3,NULL,NULL),(5,16,31,3,3,NULL,NULL),(5,16,32,3,3,NULL,NULL),(5,16,33,3,3,NULL,NULL),(5,16,34,3,3,NULL,NULL),(5,16,35,3,3,NULL,NULL),(5,16,36,3,3,NULL,NULL),(5,16,37,3,3,NULL,NULL),(5,16,38,3,3,NULL,NULL),(5,16,39,3,3,NULL,NULL),(5,16,40,3,3,NULL,NULL),(5,16,41,3,3,NULL,NULL),(5,16,42,3,3,NULL,NULL),(5,16,43,3,3,NULL,NULL),(5,16,44,3,3,NULL,NULL),(5,16,45,3,3,NULL,NULL),(5,16,46,3,3,NULL,NULL),(5,16,47,3,3,NULL,NULL),(5,16,48,3,3,NULL,NULL),(5,16,49,3,3,NULL,NULL),(5,16,50,3,3,NULL,NULL),(5,17,1,3,3,NULL,NULL),(5,17,2,3,3,NULL,NULL),(5,17,3,3,3,NULL,NULL),(5,17,4,3,3,NULL,NULL),(5,17,5,3,3,NULL,NULL),(5,17,6,3,3,NULL,NULL),(5,17,7,3,3,NULL,NULL),(5,17,8,5,1,NULL,NULL),(5,17,9,5,1,NULL,NULL),(5,17,10,2,1,NULL,NULL),(5,17,11,2,1,NULL,NULL),(5,17,12,2,1,NULL,NULL),(5,17,13,2,1,NULL,NULL),(5,17,14,2,1,NULL,NULL),(5,17,15,2,1,NULL,NULL),(5,17,16,27,1,17016,NULL),(5,17,17,28,1,17017,NULL),(5,17,18,2,1,NULL,NULL),(5,17,19,2,1,NULL,NULL),(5,17,20,2,1,NULL,NULL),(5,17,21,2,1,NULL,NULL),(5,17,22,2,1,NULL,NULL),(5,17,23,2,1,NULL,NULL),(5,17,24,5,1,NULL,NULL),(5,17,25,5,1,NULL,NULL),(5,17,26,3,3,NULL,NULL),(5,17,27,3,3,NULL,NULL),(5,17,28,3,3,NULL,NULL),(5,17,29,3,3,NULL,NULL),(5,17,30,3,3,NULL,NULL),(5,17,31,3,3,NULL,NULL),(5,17,32,3,3,NULL,NULL),(5,17,33,3,3,NULL,NULL),(5,17,34,3,3,NULL,NULL),(5,17,35,3,3,NULL,NULL),(5,17,36,3,3,NULL,NULL),(5,17,37,3,3,NULL,NULL),(5,17,38,3,3,NULL,NULL),(5,17,39,3,3,NULL,NULL),(5,17,40,3,3,NULL,NULL),(5,17,41,3,3,NULL,NULL),(5,17,42,3,3,NULL,NULL),(5,17,43,3,3,NULL,NULL),(5,17,44,3,3,NULL,NULL),(5,17,45,3,3,NULL,NULL),(5,17,46,3,3,NULL,NULL),(5,17,47,3,3,NULL,NULL),(5,17,48,3,3,NULL,NULL),(5,17,49,3,3,NULL,NULL),(5,17,50,3,3,NULL,NULL),(5,18,1,3,3,NULL,NULL),(5,18,2,3,3,NULL,NULL),(5,18,3,3,3,NULL,NULL),(5,18,4,3,3,NULL,NULL),(5,18,5,3,3,NULL,NULL),(5,18,6,3,3,NULL,NULL),(5,18,7,3,3,NULL,NULL),(5,18,8,5,1,NULL,NULL),(5,18,9,5,1,NULL,NULL),(5,18,10,2,1,NULL,NULL),(5,18,11,2,1,NULL,NULL),(5,18,12,2,1,NULL,NULL),(5,18,13,2,1,NULL,NULL),(5,18,14,2,1,NULL,NULL),(5,18,15,2,1,NULL,NULL),(5,18,16,2,1,NULL,NULL),(5,18,17,2,1,NULL,NULL),(5,18,18,2,1,NULL,NULL),(5,18,19,2,1,NULL,NULL),(5,18,20,2,1,NULL,NULL),(5,18,21,2,1,NULL,NULL),(5,18,22,2,1,NULL,NULL),(5,18,23,2,1,NULL,NULL),(5,18,24,5,1,NULL,NULL),(5,18,25,5,1,NULL,NULL),(5,18,26,3,3,NULL,NULL),(5,18,27,3,3,NULL,NULL),(5,18,28,3,3,NULL,NULL),(5,18,29,3,3,NULL,NULL),(5,18,30,3,3,NULL,NULL),(5,18,31,3,3,NULL,NULL),(5,18,32,3,3,NULL,NULL),(5,18,33,3,3,NULL,NULL),(5,18,34,3,3,NULL,NULL),(5,18,35,3,3,NULL,NULL),(5,18,36,3,3,NULL,NULL),(5,18,37,3,3,NULL,NULL),(5,18,38,3,3,NULL,NULL),(5,18,39,3,3,NULL,NULL),(5,18,40,3,3,NULL,NULL),(5,18,41,3,3,NULL,NULL),(5,18,42,3,3,NULL,NULL),(5,18,43,3,3,NULL,NULL),(5,18,44,3,3,NULL,NULL),(5,18,45,3,3,NULL,NULL),(5,18,46,3,3,NULL,NULL),(5,18,47,3,3,NULL,NULL),(5,18,48,3,3,NULL,NULL),(5,18,49,3,3,NULL,NULL),(5,18,50,3,3,NULL,NULL),(5,19,1,3,3,NULL,NULL),(5,19,2,3,3,NULL,NULL),(5,19,3,3,3,NULL,NULL),(5,19,4,3,3,NULL,NULL),(5,19,5,3,3,NULL,NULL),(5,19,6,3,3,NULL,NULL),(5,19,7,3,3,NULL,NULL),(5,19,8,5,1,NULL,NULL),(5,19,9,5,1,NULL,NULL),(5,19,10,2,1,NULL,NULL),(5,19,11,2,1,NULL,NULL),(5,19,12,2,1,NULL,NULL),(5,19,13,2,1,NULL,NULL),(5,19,14,2,1,NULL,NULL),(5,19,15,2,1,NULL,NULL),(5,19,16,21,1,19016,NULL),(5,19,17,2,1,NULL,NULL),(5,19,18,2,1,NULL,NULL),(5,19,19,2,1,NULL,NULL),(5,19,20,2,1,NULL,NULL),(5,19,21,2,1,NULL,NULL),(5,19,22,2,1,NULL,NULL),(5,19,23,2,1,NULL,NULL),(5,19,24,5,1,NULL,NULL),(5,19,25,5,1,NULL,NULL),(5,19,26,3,3,NULL,NULL),(5,19,27,3,3,NULL,NULL),(5,19,28,3,3,NULL,NULL),(5,19,29,3,3,NULL,NULL),(5,19,30,3,3,NULL,NULL),(5,19,31,3,3,NULL,NULL),(5,19,32,3,3,NULL,NULL),(5,19,33,3,3,NULL,NULL),(5,19,34,3,3,NULL,NULL),(5,19,35,3,3,NULL,NULL),(5,19,36,3,3,NULL,NULL),(5,19,37,3,3,NULL,NULL),(5,19,38,3,3,NULL,NULL),(5,19,39,3,3,NULL,NULL),(5,19,40,3,3,NULL,NULL),(5,19,41,3,3,NULL,NULL),(5,19,42,3,3,NULL,NULL),(5,19,43,3,3,NULL,NULL),(5,19,44,3,3,NULL,NULL),(5,19,45,3,3,NULL,NULL),(5,19,46,3,3,NULL,NULL),(5,19,47,3,3,NULL,NULL),(5,19,48,3,3,NULL,NULL),(5,19,49,3,3,NULL,NULL),(5,19,50,3,3,NULL,NULL),(5,20,1,3,3,NULL,NULL),(5,20,2,3,3,NULL,NULL),(5,20,3,3,3,NULL,NULL),(5,20,4,3,3,NULL,NULL),(5,20,5,3,3,NULL,NULL),(5,20,6,3,3,NULL,NULL),(5,20,7,3,3,NULL,NULL),(5,20,8,5,1,NULL,NULL),(5,20,9,5,1,NULL,NULL),(5,20,10,2,1,NULL,NULL),(5,20,11,2,1,NULL,NULL),(5,20,12,14,1,NULL,NULL),(5,20,13,14,1,NULL,NULL),(5,20,14,2,1,NULL,NULL),(5,20,15,2,1,NULL,NULL),(5,20,16,2,1,NULL,NULL),(5,20,17,2,1,NULL,NULL),(5,20,18,2,1,NULL,NULL),(5,20,19,2,1,NULL,NULL),(5,20,20,2,1,NULL,NULL),(5,20,21,2,1,NULL,NULL),(5,20,22,2,1,NULL,NULL),(5,20,23,2,1,NULL,NULL),(5,20,24,5,1,NULL,NULL),(5,20,25,5,1,NULL,NULL),(5,20,26,3,3,NULL,NULL),(5,20,27,3,3,NULL,NULL),(5,20,28,3,3,NULL,NULL),(5,20,29,3,3,NULL,NULL),(5,20,30,3,3,NULL,NULL),(5,20,31,3,3,NULL,NULL),(5,20,32,3,3,NULL,NULL),(5,20,33,3,3,NULL,NULL),(5,20,34,3,3,NULL,NULL),(5,20,35,3,3,NULL,NULL),(5,20,36,3,3,NULL,NULL),(5,20,37,3,3,NULL,NULL),(5,20,38,3,3,NULL,NULL),(5,20,39,3,3,NULL,NULL),(5,20,40,3,3,NULL,NULL),(5,20,41,3,3,NULL,NULL),(5,20,42,3,3,NULL,NULL),(5,20,43,3,3,NULL,NULL),(5,20,44,3,3,NULL,NULL),(5,20,45,3,3,NULL,NULL),(5,20,46,3,3,NULL,NULL),(5,20,47,3,3,NULL,NULL),(5,20,48,3,3,NULL,NULL),(5,20,49,3,3,NULL,NULL),(5,20,50,3,3,NULL,NULL),(5,21,1,3,3,NULL,NULL),(5,21,2,3,3,NULL,NULL),(5,21,3,3,3,NULL,NULL),(5,21,4,3,3,NULL,NULL),(5,21,5,3,3,NULL,NULL),(5,21,6,3,3,NULL,NULL),(5,21,7,3,3,NULL,NULL),(5,21,8,5,1,NULL,NULL),(5,21,9,5,1,NULL,NULL),(5,21,10,2,1,NULL,NULL),(5,21,11,14,1,NULL,NULL),(5,21,12,14,1,NULL,NULL),(5,21,13,14,1,NULL,NULL),(5,21,14,2,1,NULL,NULL),(5,21,15,2,1,NULL,NULL),(5,21,16,4,1,NULL,NULL),(5,21,17,19,1,NULL,NULL),(5,21,18,2,1,NULL,NULL),(5,21,19,2,1,NULL,NULL),(5,21,20,2,1,NULL,NULL),(5,21,21,2,1,NULL,NULL),(5,21,22,2,1,NULL,NULL),(5,21,23,2,1,NULL,NULL),(5,21,24,5,1,NULL,NULL),(5,21,25,5,1,NULL,NULL),(5,21,26,5,1,NULL,NULL),(5,21,27,3,3,NULL,NULL),(5,21,28,3,3,NULL,NULL),(5,21,29,3,3,NULL,NULL),(5,21,30,3,3,NULL,NULL),(5,21,31,3,3,NULL,NULL),(5,21,32,3,3,NULL,NULL),(5,21,33,3,3,NULL,NULL),(5,21,34,3,3,NULL,NULL),(5,21,35,3,3,NULL,NULL),(5,21,36,3,3,NULL,NULL),(5,21,37,3,3,NULL,NULL),(5,21,38,3,3,NULL,NULL),(5,21,39,3,3,NULL,NULL),(5,21,40,3,3,NULL,NULL),(5,21,41,3,3,NULL,NULL),(5,21,42,3,3,NULL,NULL),(5,21,43,3,3,NULL,NULL),(5,21,44,3,3,NULL,NULL),(5,21,45,3,3,NULL,NULL),(5,21,46,3,3,NULL,NULL),(5,21,47,3,3,NULL,NULL),(5,21,48,3,3,NULL,NULL),(5,21,49,3,3,NULL,NULL),(5,21,50,3,3,NULL,NULL),(5,22,1,3,3,NULL,NULL),(5,22,2,3,3,NULL,NULL),(5,22,3,3,3,NULL,NULL),(5,22,4,3,3,NULL,NULL),(5,22,5,3,3,NULL,NULL),(5,22,6,3,3,NULL,NULL),(5,22,7,3,3,NULL,NULL),(5,22,8,5,1,NULL,NULL),(5,22,9,5,1,NULL,NULL),(5,22,10,2,1,NULL,NULL),(5,22,11,2,1,NULL,NULL),(5,22,12,14,1,NULL,NULL),(5,22,13,14,1,NULL,NULL),(5,22,14,2,1,NULL,NULL),(5,22,15,2,1,NULL,NULL),(5,22,16,18,1,NULL,NULL),(5,22,17,15,1,NULL,NULL),(5,22,18,2,1,NULL,NULL),(5,22,19,2,1,NULL,NULL),(5,22,20,2,1,NULL,NULL),(5,22,21,2,1,NULL,NULL),(5,22,22,2,1,NULL,NULL),(5,22,23,2,1,NULL,NULL),(5,22,24,2,1,NULL,NULL),(5,22,25,5,1,NULL,NULL),(5,22,26,5,1,NULL,NULL),(5,22,27,3,3,NULL,NULL),(5,22,28,3,3,NULL,NULL),(5,22,29,3,3,NULL,NULL),(5,22,30,3,3,NULL,NULL),(5,22,31,3,3,NULL,NULL),(5,22,32,3,3,NULL,NULL),(5,22,33,3,3,NULL,NULL),(5,22,34,3,3,NULL,NULL),(5,22,35,3,3,NULL,NULL),(5,22,36,3,3,NULL,NULL),(5,22,37,3,3,NULL,NULL),(5,22,38,3,3,NULL,NULL),(5,22,39,3,3,NULL,NULL),(5,22,40,3,3,NULL,NULL),(5,22,41,3,3,NULL,NULL),(5,22,42,3,3,NULL,NULL),(5,22,43,3,3,NULL,NULL),(5,22,44,3,3,NULL,NULL),(5,22,45,3,3,NULL,NULL),(5,22,46,3,3,NULL,NULL),(5,22,47,3,3,NULL,NULL),(5,22,48,3,3,NULL,NULL),(5,22,49,3,3,NULL,NULL),(5,22,50,3,3,NULL,NULL),(5,23,1,3,3,NULL,NULL),(5,23,2,3,3,NULL,NULL),(5,23,3,3,3,NULL,NULL),(5,23,4,3,3,NULL,NULL),(5,23,5,3,3,NULL,NULL),(5,23,6,3,3,NULL,NULL),(5,23,7,3,3,NULL,NULL),(5,23,8,5,1,NULL,NULL),(5,23,9,5,1,NULL,NULL),(5,23,10,2,1,NULL,NULL),(5,23,11,2,1,NULL,NULL),(5,23,12,2,1,NULL,NULL),(5,23,13,14,1,NULL,NULL),(5,23,14,2,1,NULL,NULL),(5,23,15,2,1,NULL,NULL),(5,23,16,2,1,NULL,NULL),(5,23,17,2,1,NULL,NULL),(5,23,18,2,1,NULL,NULL),(5,23,19,2,1,NULL,NULL),(5,23,20,2,1,NULL,NULL),(5,23,21,2,1,NULL,NULL),(5,23,22,2,1,NULL,NULL),(5,23,23,2,1,NULL,NULL),(5,23,24,2,1,NULL,NULL),(5,23,25,5,1,NULL,NULL),(5,23,26,5,1,NULL,NULL),(5,23,27,3,3,NULL,NULL),(5,23,28,3,3,NULL,NULL),(5,23,29,3,3,NULL,NULL),(5,23,30,3,3,NULL,NULL),(5,23,31,3,3,NULL,NULL),(5,23,32,3,3,NULL,NULL),(5,23,33,3,3,NULL,NULL),(5,23,34,3,3,NULL,NULL),(5,23,35,3,3,NULL,NULL),(5,23,36,3,3,NULL,NULL),(5,23,37,3,3,NULL,NULL),(5,23,38,3,3,NULL,NULL),(5,23,39,3,3,NULL,NULL),(5,23,40,3,3,NULL,NULL),(5,23,41,3,3,NULL,NULL),(5,23,42,3,3,NULL,NULL),(5,23,43,3,3,NULL,NULL),(5,23,44,3,3,NULL,NULL),(5,23,45,3,3,NULL,NULL),(5,23,46,3,3,NULL,NULL),(5,23,47,3,3,NULL,NULL),(5,23,48,3,3,NULL,NULL),(5,23,49,3,3,NULL,NULL),(5,23,50,3,3,NULL,NULL),(5,24,1,3,3,NULL,NULL),(5,24,2,3,3,NULL,NULL),(5,24,3,3,3,NULL,NULL),(5,24,4,3,3,NULL,NULL),(5,24,5,3,3,NULL,NULL),(5,24,6,3,3,NULL,NULL),(5,24,7,3,3,NULL,NULL),(5,24,8,5,1,NULL,NULL),(5,24,9,5,1,NULL,NULL),(5,24,10,2,1,NULL,NULL),(5,24,11,2,1,NULL,NULL),(5,24,12,2,1,NULL,NULL),(5,24,13,2,1,NULL,NULL),(5,24,14,14,1,NULL,NULL),(5,24,15,2,1,NULL,NULL),(5,24,16,2,1,NULL,NULL),(5,24,17,2,1,NULL,NULL),(5,24,18,2,1,NULL,NULL),(5,24,19,2,1,NULL,NULL),(5,24,20,2,1,NULL,NULL),(5,24,21,2,1,NULL,NULL),(5,24,22,2,1,NULL,NULL),(5,24,23,2,1,NULL,NULL),(5,24,24,2,1,NULL,NULL),(5,24,25,5,1,NULL,NULL),(5,24,26,5,1,NULL,NULL),(5,24,27,3,3,NULL,NULL),(5,24,28,3,3,NULL,NULL),(5,24,29,3,3,NULL,NULL),(5,24,30,3,3,NULL,NULL),(5,24,31,3,3,NULL,NULL),(5,24,32,3,3,NULL,NULL),(5,24,33,3,3,NULL,NULL),(5,24,34,3,3,NULL,NULL),(5,24,35,3,3,NULL,NULL),(5,24,36,3,3,NULL,NULL),(5,24,37,3,3,NULL,NULL),(5,24,38,3,3,NULL,NULL),(5,24,39,3,3,NULL,NULL),(5,24,40,3,3,NULL,NULL),(5,24,41,3,3,NULL,NULL),(5,24,42,3,3,NULL,NULL),(5,24,43,3,3,NULL,NULL),(5,24,44,3,3,NULL,NULL),(5,24,45,3,3,NULL,NULL),(5,24,46,3,3,NULL,NULL),(5,24,47,3,3,NULL,NULL),(5,24,48,3,3,NULL,NULL),(5,24,49,3,3,NULL,NULL),(5,24,50,3,3,NULL,NULL),(5,25,1,3,3,NULL,NULL),(5,25,2,3,3,NULL,NULL),(5,25,3,3,3,NULL,NULL),(5,25,4,3,3,NULL,NULL),(5,25,5,3,3,NULL,NULL),(5,25,6,3,3,NULL,NULL),(5,25,7,3,3,NULL,NULL),(5,25,8,5,1,NULL,NULL),(5,25,9,5,1,NULL,NULL),(5,25,10,5,1,NULL,NULL),(5,25,11,2,1,NULL,NULL),(5,25,12,2,1,NULL,NULL),(5,25,13,2,1,NULL,NULL),(5,25,14,2,1,NULL,NULL),(5,25,15,2,1,NULL,NULL),(5,25,16,2,1,NULL,NULL),(5,25,17,2,1,NULL,NULL),(5,25,18,2,1,NULL,NULL),(5,25,19,2,1,NULL,NULL),(5,25,20,2,1,NULL,NULL),(5,25,21,2,1,NULL,NULL),(5,25,22,2,1,NULL,NULL),(5,25,23,2,1,NULL,NULL),(5,25,24,2,1,NULL,NULL),(5,25,25,5,1,NULL,NULL),(5,25,26,5,1,NULL,NULL),(5,25,27,3,3,NULL,NULL),(5,25,28,3,3,NULL,NULL),(5,25,29,3,3,NULL,NULL),(5,25,30,3,3,NULL,NULL),(5,25,31,3,3,NULL,NULL),(5,25,32,3,3,NULL,NULL),(5,25,33,3,3,NULL,NULL),(5,25,34,3,3,NULL,NULL),(5,25,35,3,3,NULL,NULL),(5,25,36,3,3,NULL,NULL),(5,25,37,3,3,NULL,NULL),(5,25,38,3,3,NULL,NULL),(5,25,39,3,3,NULL,NULL),(5,25,40,3,3,NULL,NULL),(5,25,41,3,3,NULL,NULL),(5,25,42,3,3,NULL,NULL),(5,25,43,3,3,NULL,NULL),(5,25,44,3,3,NULL,NULL),(5,25,45,3,3,NULL,NULL),(5,25,46,3,3,NULL,NULL),(5,25,47,3,3,NULL,NULL),(5,25,48,3,3,NULL,NULL),(5,25,49,3,3,NULL,NULL),(5,25,50,3,3,NULL,NULL),(5,26,1,3,3,NULL,NULL),(5,26,2,3,3,NULL,NULL),(5,26,3,3,3,NULL,NULL),(5,26,4,3,3,NULL,NULL),(5,26,5,3,3,NULL,NULL),(5,26,6,3,3,NULL,NULL),(5,26,7,3,3,NULL,NULL),(5,26,8,3,3,NULL,NULL),(5,26,9,5,1,NULL,NULL),(5,26,10,5,1,NULL,NULL),(5,26,11,2,1,NULL,NULL),(5,26,12,2,1,NULL,NULL),(5,26,13,2,1,NULL,NULL),(5,26,14,2,1,NULL,NULL),(5,26,15,2,1,NULL,NULL),(5,26,16,2,1,NULL,NULL),(5,26,17,2,1,NULL,NULL),(5,26,18,2,1,NULL,NULL),(5,26,19,2,1,NULL,NULL),(5,26,20,2,1,NULL,NULL),(5,26,21,2,1,NULL,NULL),(5,26,22,2,1,NULL,NULL),(5,26,23,2,1,NULL,NULL),(5,26,24,2,1,NULL,NULL),(5,26,25,5,1,NULL,NULL),(5,26,26,5,1,NULL,NULL),(5,26,27,3,3,NULL,NULL),(5,26,28,3,3,NULL,NULL),(5,26,29,3,3,NULL,NULL),(5,26,30,3,3,NULL,NULL),(5,26,31,3,3,NULL,NULL),(5,26,32,3,3,NULL,NULL),(5,26,33,3,3,NULL,NULL),(5,26,34,3,3,NULL,NULL),(5,26,35,3,3,NULL,NULL),(5,26,36,3,3,NULL,NULL),(5,26,37,3,3,NULL,NULL),(5,26,38,3,3,NULL,NULL),(5,26,39,3,3,NULL,NULL),(5,26,40,3,3,NULL,NULL),(5,26,41,3,3,NULL,NULL),(5,26,42,3,3,NULL,NULL),(5,26,43,3,3,NULL,NULL),(5,26,44,3,3,NULL,NULL),(5,26,45,3,3,NULL,NULL),(5,26,46,3,3,NULL,NULL),(5,26,47,3,3,NULL,NULL),(5,26,48,3,3,NULL,NULL),(5,26,49,3,3,NULL,NULL),(5,26,50,3,3,NULL,NULL),(5,27,1,3,3,NULL,NULL),(5,27,2,3,3,NULL,NULL),(5,27,3,3,3,NULL,NULL),(5,27,4,3,3,NULL,NULL),(5,27,5,3,3,NULL,NULL),(5,27,6,3,3,NULL,NULL),(5,27,7,3,3,NULL,NULL),(5,27,8,3,3,NULL,NULL),(5,27,9,5,1,NULL,NULL),(5,27,10,5,1,NULL,NULL),(5,27,11,5,1,NULL,NULL),(5,27,12,2,1,NULL,NULL),(5,27,13,2,1,NULL,NULL),(5,27,14,2,1,NULL,NULL),(5,27,15,2,1,NULL,NULL),(5,27,16,2,1,NULL,NULL),(5,27,17,2,1,NULL,NULL),(5,27,18,2,1,NULL,NULL),(5,27,19,2,1,NULL,NULL),(5,27,20,2,1,NULL,NULL),(5,27,21,2,1,NULL,NULL),(5,27,22,2,1,NULL,NULL),(5,27,23,2,1,NULL,NULL),(5,27,24,5,1,NULL,NULL),(5,27,25,5,1,NULL,NULL),(5,27,26,5,1,NULL,NULL),(5,27,27,3,3,NULL,NULL),(5,27,28,3,3,NULL,NULL),(5,27,29,3,3,NULL,NULL),(5,27,30,3,3,NULL,NULL),(5,27,31,3,3,NULL,NULL),(5,27,32,3,3,NULL,NULL),(5,27,33,3,3,NULL,NULL),(5,27,34,3,3,NULL,NULL),(5,27,35,3,3,NULL,NULL),(5,27,36,3,3,NULL,NULL),(5,27,37,3,3,NULL,NULL),(5,27,38,3,3,NULL,NULL),(5,27,39,3,3,NULL,NULL),(5,27,40,3,3,NULL,NULL),(5,27,41,3,3,NULL,NULL),(5,27,42,3,3,NULL,NULL),(5,27,43,3,3,NULL,NULL),(5,27,44,3,3,NULL,NULL),(5,27,45,3,3,NULL,NULL),(5,27,46,3,3,NULL,NULL),(5,27,47,3,3,NULL,NULL),(5,27,48,3,3,NULL,NULL),(5,27,49,3,3,NULL,NULL),(5,27,50,3,3,NULL,NULL),(5,28,1,3,3,NULL,NULL),(5,28,2,3,3,NULL,NULL),(5,28,3,3,3,NULL,NULL),(5,28,4,3,3,NULL,NULL),(5,28,5,3,3,NULL,NULL),(5,28,6,3,3,NULL,NULL),(5,28,7,3,3,NULL,NULL),(5,28,8,3,3,NULL,NULL),(5,28,9,5,1,NULL,NULL),(5,28,10,5,1,NULL,NULL),(5,28,11,5,1,NULL,NULL),(5,28,12,5,1,NULL,NULL),(5,28,13,5,1,NULL,NULL),(5,28,14,5,1,NULL,NULL),(5,28,15,5,1,NULL,NULL),(5,28,16,5,1,NULL,NULL),(5,28,17,5,1,NULL,NULL),(5,28,18,5,1,NULL,NULL),(5,28,19,5,1,NULL,NULL),(5,28,20,5,1,NULL,NULL),(5,28,21,5,1,NULL,NULL),(5,28,22,5,1,NULL,NULL),(5,28,23,5,1,NULL,NULL),(5,28,24,5,1,NULL,NULL),(5,28,25,5,1,NULL,NULL),(5,28,26,3,3,NULL,NULL),(5,28,27,3,3,NULL,NULL),(5,28,28,3,3,NULL,NULL),(5,28,29,3,3,NULL,NULL),(5,28,30,3,3,NULL,NULL),(5,28,31,3,3,NULL,NULL),(5,28,32,3,3,NULL,NULL),(5,28,33,3,3,NULL,NULL),(5,28,34,3,3,NULL,NULL),(5,28,35,3,3,NULL,NULL),(5,28,36,3,3,NULL,NULL),(5,28,37,3,3,NULL,NULL),(5,28,38,3,3,NULL,NULL),(5,28,39,3,3,NULL,NULL),(5,28,40,3,3,NULL,NULL),(5,28,41,3,3,NULL,NULL),(5,28,42,3,3,NULL,NULL),(5,28,43,3,3,NULL,NULL),(5,28,44,3,3,NULL,NULL),(5,28,45,3,3,NULL,NULL),(5,28,46,3,3,NULL,NULL),(5,28,47,3,3,NULL,NULL),(5,28,48,3,3,NULL,NULL),(5,28,49,3,3,NULL,NULL),(5,28,50,3,3,NULL,NULL),(5,29,1,3,3,NULL,NULL),(5,29,2,3,3,NULL,NULL),(5,29,3,3,3,NULL,NULL),(5,29,4,3,3,NULL,NULL),(5,29,5,3,3,NULL,NULL),(5,29,6,3,3,NULL,NULL),(5,29,7,3,3,NULL,NULL),(5,29,8,3,3,NULL,NULL),(5,29,9,3,3,NULL,NULL),(5,29,10,5,1,NULL,NULL),(5,29,11,5,1,NULL,NULL),(5,29,12,5,1,NULL,NULL),(5,29,13,5,1,NULL,NULL),(5,29,14,5,1,NULL,NULL),(5,29,15,5,1,NULL,NULL),(5,29,16,5,1,NULL,NULL),(5,29,17,5,1,NULL,NULL),(5,29,18,5,1,NULL,NULL),(5,29,19,5,1,NULL,NULL),(5,29,20,5,1,NULL,NULL),(5,29,21,5,1,NULL,NULL),(5,29,22,5,1,NULL,NULL),(5,29,23,5,1,NULL,NULL),(5,29,24,5,1,NULL,NULL),(5,29,25,3,3,NULL,NULL),(5,29,26,3,3,NULL,NULL),(5,29,27,3,3,NULL,NULL),(5,29,28,3,3,NULL,NULL),(5,29,29,3,3,NULL,NULL),(5,29,30,3,3,NULL,NULL),(5,29,31,3,3,NULL,NULL),(5,29,32,3,3,NULL,NULL),(5,29,33,3,3,NULL,NULL),(5,29,34,3,3,NULL,NULL),(5,29,35,3,3,NULL,NULL),(5,29,36,3,3,NULL,NULL),(5,29,37,3,3,NULL,NULL),(5,29,38,3,3,NULL,NULL),(5,29,39,3,3,NULL,NULL),(5,29,40,3,3,NULL,NULL),(5,29,41,3,3,NULL,NULL),(5,29,42,3,3,NULL,NULL),(5,29,43,3,3,NULL,NULL),(5,29,44,3,3,NULL,NULL),(5,29,45,3,3,NULL,NULL),(5,29,46,3,3,NULL,NULL),(5,29,47,3,3,NULL,NULL),(5,29,48,3,3,NULL,NULL),(5,29,49,3,3,NULL,NULL),(5,29,50,3,3,NULL,NULL),(5,30,1,3,3,NULL,NULL),(5,30,2,3,3,NULL,NULL),(5,30,3,3,3,NULL,NULL),(5,30,4,3,3,NULL,NULL),(5,30,5,3,3,NULL,NULL),(5,30,6,3,3,NULL,NULL),(5,30,7,3,3,NULL,NULL),(5,30,8,3,3,NULL,NULL),(5,30,9,3,3,NULL,NULL),(5,30,10,3,3,NULL,NULL),(5,30,11,3,3,NULL,NULL),(5,30,12,3,3,NULL,NULL),(5,30,13,3,3,NULL,NULL),(5,30,14,3,3,NULL,NULL),(5,30,15,3,3,NULL,NULL),(5,30,16,3,3,NULL,NULL),(5,30,17,3,3,NULL,NULL),(5,30,18,3,3,NULL,NULL),(5,30,19,3,3,NULL,NULL),(5,30,20,3,3,NULL,NULL),(5,30,21,3,3,NULL,NULL),(5,30,22,3,3,NULL,NULL),(5,30,23,3,3,NULL,NULL),(5,30,24,3,3,NULL,NULL),(5,30,25,3,3,NULL,NULL),(5,30,26,3,3,NULL,NULL),(5,30,27,3,3,NULL,NULL),(5,30,28,3,3,NULL,NULL),(5,30,29,3,3,NULL,NULL),(5,30,30,3,3,NULL,NULL),(5,30,31,3,3,NULL,NULL),(5,30,32,3,3,NULL,NULL),(5,30,33,3,3,NULL,NULL),(5,30,34,3,3,NULL,NULL),(5,30,35,3,3,NULL,NULL),(5,30,36,3,3,NULL,NULL),(5,30,37,3,3,NULL,NULL),(5,30,38,3,3,NULL,NULL),(5,30,39,3,3,NULL,NULL),(5,30,40,3,3,NULL,NULL),(5,30,41,3,3,NULL,NULL),(5,30,42,3,3,NULL,NULL),(5,30,43,3,3,NULL,NULL),(5,30,44,3,3,NULL,NULL),(5,30,45,3,3,NULL,NULL),(5,30,46,3,3,NULL,NULL),(5,30,47,3,3,NULL,NULL),(5,30,48,3,3,NULL,NULL),(5,30,49,3,3,NULL,NULL),(5,30,50,3,3,NULL,NULL),(5,31,1,3,3,NULL,NULL),(5,31,2,3,3,NULL,NULL),(5,31,3,3,3,NULL,NULL),(5,31,4,3,3,NULL,NULL),(5,31,5,3,3,NULL,NULL),(5,31,6,3,3,NULL,NULL),(5,31,7,3,3,NULL,NULL),(5,31,8,3,3,NULL,NULL),(5,31,9,3,3,NULL,NULL),(5,31,10,3,3,NULL,NULL),(5,31,11,3,3,NULL,NULL),(5,31,12,3,3,NULL,NULL),(5,31,13,3,3,NULL,NULL),(5,31,14,3,3,NULL,NULL),(5,31,15,3,3,NULL,NULL),(5,31,16,3,3,NULL,NULL),(5,31,17,3,3,NULL,NULL),(5,31,18,3,3,NULL,NULL),(5,31,19,3,3,NULL,NULL),(5,31,20,3,3,NULL,NULL),(5,31,21,3,3,NULL,NULL),(5,31,22,3,3,NULL,NULL),(5,31,23,3,3,NULL,NULL),(5,31,24,3,3,NULL,NULL),(5,31,25,3,3,NULL,NULL),(5,31,26,3,3,NULL,NULL),(5,31,27,3,3,NULL,NULL),(5,31,28,3,3,NULL,NULL),(5,31,29,3,3,NULL,NULL),(5,31,30,3,3,NULL,NULL),(5,31,31,3,3,NULL,NULL),(5,31,32,3,3,NULL,NULL),(5,31,33,3,3,NULL,NULL),(5,31,34,3,3,NULL,NULL),(5,31,35,3,3,NULL,NULL),(5,31,36,3,3,NULL,NULL),(5,31,37,3,3,NULL,NULL),(5,31,38,3,3,NULL,NULL),(5,31,39,3,3,NULL,NULL),(5,31,40,3,3,NULL,NULL),(5,31,41,3,3,NULL,NULL),(5,31,42,3,3,NULL,NULL),(5,31,43,3,3,NULL,NULL),(5,31,44,3,3,NULL,NULL),(5,31,45,3,3,NULL,NULL),(5,31,46,3,3,NULL,NULL),(5,31,47,3,3,NULL,NULL),(5,31,48,3,3,NULL,NULL),(5,31,49,3,3,NULL,NULL),(5,31,50,3,3,NULL,NULL),(5,32,1,3,3,NULL,NULL),(5,32,2,3,3,NULL,NULL),(5,32,3,3,3,NULL,NULL),(5,32,4,3,3,NULL,NULL),(5,32,5,3,3,NULL,NULL),(5,32,6,3,3,NULL,NULL),(5,32,7,3,3,NULL,NULL),(5,32,8,3,3,NULL,NULL),(5,32,9,3,3,NULL,NULL),(5,32,10,3,3,NULL,NULL),(5,32,11,3,3,NULL,NULL),(5,32,12,3,3,NULL,NULL),(5,32,13,3,3,NULL,NULL),(5,32,14,3,3,NULL,NULL),(5,32,15,3,3,NULL,NULL),(5,32,16,3,3,NULL,NULL),(5,32,17,3,3,NULL,NULL),(5,32,18,3,3,NULL,NULL),(5,32,19,3,3,NULL,NULL),(5,32,20,3,3,NULL,NULL),(5,32,21,3,3,NULL,NULL),(5,32,22,3,3,NULL,NULL),(5,32,23,3,3,NULL,NULL),(5,32,24,3,3,NULL,NULL),(5,32,25,3,3,NULL,NULL),(5,32,26,3,3,NULL,NULL),(5,32,27,3,3,NULL,NULL),(5,32,28,3,3,NULL,NULL),(5,32,29,3,3,NULL,NULL),(5,32,30,3,3,NULL,NULL),(5,32,31,3,3,NULL,NULL),(5,32,32,3,3,NULL,NULL),(5,32,33,3,3,NULL,NULL),(5,32,34,3,3,NULL,NULL),(5,32,35,3,3,NULL,NULL),(5,32,36,3,3,NULL,NULL),(5,32,37,3,3,NULL,NULL),(5,32,38,3,3,NULL,NULL),(5,32,39,3,3,NULL,NULL),(5,32,40,3,3,NULL,NULL),(5,32,41,3,3,NULL,NULL),(5,32,42,3,3,NULL,NULL),(5,32,43,3,3,NULL,NULL),(5,32,44,3,3,NULL,NULL),(5,32,45,3,3,NULL,NULL),(5,32,46,3,3,NULL,NULL),(5,32,47,3,3,NULL,NULL),(5,32,48,3,3,NULL,NULL),(5,32,49,3,3,NULL,NULL),(5,32,50,3,3,NULL,NULL),(5,33,1,3,3,NULL,NULL),(5,33,2,3,3,NULL,NULL),(5,33,3,3,3,NULL,NULL),(5,33,4,3,3,NULL,NULL),(5,33,5,3,3,NULL,NULL),(5,33,6,3,3,NULL,NULL),(5,33,7,3,3,NULL,NULL),(5,33,8,3,3,NULL,NULL),(5,33,9,3,3,NULL,NULL),(5,33,10,3,3,NULL,NULL),(5,33,11,3,3,NULL,NULL),(5,33,12,3,3,NULL,NULL),(5,33,13,3,3,NULL,NULL),(5,33,14,3,3,NULL,NULL),(5,33,15,3,3,NULL,NULL),(5,33,16,3,3,NULL,NULL),(5,33,17,3,3,NULL,NULL),(5,33,18,3,3,NULL,NULL),(5,33,19,3,3,NULL,NULL),(5,33,20,3,3,NULL,NULL),(5,33,21,3,3,NULL,NULL),(5,33,22,3,3,NULL,NULL),(5,33,23,3,3,NULL,NULL),(5,33,24,3,3,NULL,NULL),(5,33,25,3,3,NULL,NULL),(5,33,26,3,3,NULL,NULL),(5,33,27,3,3,NULL,NULL),(5,33,28,3,3,NULL,NULL),(5,33,29,3,3,NULL,NULL),(5,33,30,3,3,NULL,NULL),(5,33,31,3,3,NULL,NULL),(5,33,32,3,3,NULL,NULL),(5,33,33,3,3,NULL,NULL),(5,33,34,3,3,NULL,NULL),(5,33,35,3,3,NULL,NULL),(5,33,36,3,3,NULL,NULL),(5,33,37,3,3,NULL,NULL),(5,33,38,3,3,NULL,NULL),(5,33,39,3,3,NULL,NULL),(5,33,40,3,3,NULL,NULL),(5,33,41,3,3,NULL,NULL),(5,33,42,3,3,NULL,NULL),(5,33,43,3,3,NULL,NULL),(5,33,44,3,3,NULL,NULL),(5,33,45,3,3,NULL,NULL),(5,33,46,3,3,NULL,NULL),(5,33,47,3,3,NULL,NULL),(5,33,48,3,3,NULL,NULL),(5,33,49,3,3,NULL,NULL),(5,33,50,3,3,NULL,NULL),(5,34,1,3,3,NULL,NULL),(5,34,2,3,3,NULL,NULL),(5,34,3,3,3,NULL,NULL),(5,34,4,3,3,NULL,NULL),(5,34,5,3,3,NULL,NULL),(5,34,6,3,3,NULL,NULL),(5,34,7,3,3,NULL,NULL),(5,34,8,3,3,NULL,NULL),(5,34,9,3,3,NULL,NULL),(5,34,10,3,3,NULL,NULL),(5,34,11,3,3,NULL,NULL),(5,34,12,3,3,NULL,NULL),(5,34,13,3,3,NULL,NULL),(5,34,14,3,3,NULL,NULL),(5,34,15,3,3,NULL,NULL),(5,34,16,3,3,NULL,NULL),(5,34,17,3,3,NULL,NULL),(5,34,18,3,3,NULL,NULL),(5,34,19,3,3,NULL,NULL),(5,34,20,3,3,NULL,NULL),(5,34,21,3,3,NULL,NULL),(5,34,22,3,3,NULL,NULL),(5,34,23,3,3,NULL,NULL),(5,34,24,3,3,NULL,NULL),(5,34,25,3,3,NULL,NULL),(5,34,26,3,3,NULL,NULL),(5,34,27,3,3,NULL,NULL),(5,34,28,3,3,NULL,NULL),(5,34,29,3,3,NULL,NULL),(5,34,30,3,3,NULL,NULL),(5,34,31,3,3,NULL,NULL),(5,34,32,3,3,NULL,NULL),(5,34,33,3,3,NULL,NULL),(5,34,34,3,3,NULL,NULL),(5,34,35,3,3,NULL,NULL),(5,34,36,3,3,NULL,NULL),(5,34,37,3,3,NULL,NULL),(5,34,38,3,3,NULL,NULL),(5,34,39,3,3,NULL,NULL),(5,34,40,3,3,NULL,NULL),(5,34,41,3,3,NULL,NULL),(5,34,42,3,3,NULL,NULL),(5,34,43,3,3,NULL,NULL),(5,34,44,3,3,NULL,NULL),(5,34,45,3,3,NULL,NULL),(5,34,46,3,3,NULL,NULL),(5,34,47,3,3,NULL,NULL),(5,34,48,3,3,NULL,NULL),(5,34,49,3,3,NULL,NULL),(5,34,50,3,3,NULL,NULL),(5,35,1,3,3,NULL,NULL),(5,35,2,3,3,NULL,NULL),(5,35,3,3,3,NULL,NULL),(5,35,4,3,3,NULL,NULL),(5,35,5,3,3,NULL,NULL),(5,35,6,3,3,NULL,NULL),(5,35,7,3,3,NULL,NULL),(5,35,8,3,3,NULL,NULL),(5,35,9,3,3,NULL,NULL),(5,35,10,3,3,NULL,NULL),(5,35,11,3,3,NULL,NULL),(5,35,12,3,3,NULL,NULL),(5,35,13,3,3,NULL,NULL),(5,35,14,3,3,NULL,NULL),(5,35,15,3,3,NULL,NULL),(5,35,16,3,3,NULL,NULL),(5,35,17,3,3,NULL,NULL),(5,35,18,3,3,NULL,NULL),(5,35,19,3,3,NULL,NULL),(5,35,20,3,3,NULL,NULL),(5,35,21,3,3,NULL,NULL),(5,35,22,3,3,NULL,NULL),(5,35,23,3,3,NULL,NULL),(5,35,24,3,3,NULL,NULL),(5,35,25,3,3,NULL,NULL),(5,35,26,3,3,NULL,NULL),(5,35,27,3,3,NULL,NULL),(5,35,28,3,3,NULL,NULL),(5,35,29,3,3,NULL,NULL),(5,35,30,3,3,NULL,NULL),(5,35,31,3,3,NULL,NULL),(5,35,32,3,3,NULL,NULL),(5,35,33,3,3,NULL,NULL),(5,35,34,3,3,NULL,NULL),(5,35,35,3,3,NULL,NULL),(5,35,36,3,3,NULL,NULL),(5,35,37,3,3,NULL,NULL),(5,35,38,3,3,NULL,NULL),(5,35,39,3,3,NULL,NULL),(5,35,40,3,3,NULL,NULL),(5,35,41,3,3,NULL,NULL),(5,35,42,3,3,NULL,NULL),(5,35,43,3,3,NULL,NULL),(5,35,44,3,3,NULL,NULL),(5,35,45,3,3,NULL,NULL),(5,35,46,3,3,NULL,NULL),(5,35,47,3,3,NULL,NULL),(5,35,48,3,3,NULL,NULL),(5,35,49,3,3,NULL,NULL),(5,35,50,3,3,NULL,NULL),(5,36,1,3,3,NULL,NULL),(5,36,2,3,3,NULL,NULL),(5,36,3,3,3,NULL,NULL),(5,36,4,3,3,NULL,NULL),(5,36,5,3,3,NULL,NULL),(5,36,6,3,3,NULL,NULL),(5,36,7,3,3,NULL,NULL),(5,36,8,3,3,NULL,NULL),(5,36,9,3,3,NULL,NULL),(5,36,10,3,3,NULL,NULL),(5,36,11,3,3,NULL,NULL),(5,36,12,3,3,NULL,NULL),(5,36,13,3,3,NULL,NULL),(5,36,14,3,3,NULL,NULL),(5,36,15,3,3,NULL,NULL),(5,36,16,3,3,NULL,NULL),(5,36,17,3,3,NULL,NULL),(5,36,18,3,3,NULL,NULL),(5,36,19,3,3,NULL,NULL),(5,36,20,3,3,NULL,NULL),(5,36,21,3,3,NULL,NULL),(5,36,22,3,3,NULL,NULL),(5,36,23,3,3,NULL,NULL),(5,36,24,3,3,NULL,NULL),(5,36,25,3,3,NULL,NULL),(5,36,26,3,3,NULL,NULL),(5,36,27,3,3,NULL,NULL),(5,36,28,3,3,NULL,NULL),(5,36,29,3,3,NULL,NULL),(5,36,30,3,3,NULL,NULL),(5,36,31,3,3,NULL,NULL),(5,36,32,3,3,NULL,NULL),(5,36,33,3,3,NULL,NULL),(5,36,34,3,3,NULL,NULL),(5,36,35,3,3,NULL,NULL),(5,36,36,3,3,NULL,NULL),(5,36,37,3,3,NULL,NULL),(5,36,38,3,3,NULL,NULL),(5,36,39,3,3,NULL,NULL),(5,36,40,3,3,NULL,NULL),(5,36,41,3,3,NULL,NULL),(5,36,42,3,3,NULL,NULL),(5,36,43,3,3,NULL,NULL),(5,36,44,3,3,NULL,NULL),(5,36,45,3,3,NULL,NULL),(5,36,46,3,3,NULL,NULL),(5,36,47,3,3,NULL,NULL),(5,36,48,3,3,NULL,NULL),(5,36,49,3,3,NULL,NULL),(5,36,50,3,3,NULL,NULL),(5,37,1,3,3,NULL,NULL),(5,37,2,3,3,NULL,NULL),(5,37,3,3,3,NULL,NULL),(5,37,4,3,3,NULL,NULL),(5,37,5,3,3,NULL,NULL),(5,37,6,3,3,NULL,NULL),(5,37,7,3,3,NULL,NULL),(5,37,8,3,3,NULL,NULL),(5,37,9,3,3,NULL,NULL),(5,37,10,3,3,NULL,NULL),(5,37,11,3,3,NULL,NULL),(5,37,12,3,3,NULL,NULL),(5,37,13,3,3,NULL,NULL),(5,37,14,3,3,NULL,NULL),(5,37,15,3,3,NULL,NULL),(5,37,16,3,3,NULL,NULL),(5,37,17,3,3,NULL,NULL),(5,37,18,3,3,NULL,NULL),(5,37,19,3,3,NULL,NULL),(5,37,20,3,3,NULL,NULL),(5,37,21,3,3,NULL,NULL),(5,37,22,3,3,NULL,NULL),(5,37,23,3,3,NULL,NULL),(5,37,24,3,3,NULL,NULL),(5,37,25,3,3,NULL,NULL),(5,37,26,3,3,NULL,NULL),(5,37,27,3,3,NULL,NULL),(5,37,28,3,3,NULL,NULL),(5,37,29,3,3,NULL,NULL),(5,37,30,3,3,NULL,NULL),(5,37,31,3,3,NULL,NULL),(5,37,32,3,3,NULL,NULL),(5,37,33,3,3,NULL,NULL),(5,37,34,3,3,NULL,NULL),(5,37,35,3,3,NULL,NULL),(5,37,36,3,3,NULL,NULL),(5,37,37,3,3,NULL,NULL),(5,37,38,3,3,NULL,NULL),(5,37,39,3,3,NULL,NULL),(5,37,40,3,3,NULL,NULL),(5,37,41,3,3,NULL,NULL),(5,37,42,3,3,NULL,NULL),(5,37,43,3,3,NULL,NULL),(5,37,44,3,3,NULL,NULL),(5,37,45,3,3,NULL,NULL),(5,37,46,3,3,NULL,NULL),(5,37,47,3,3,NULL,NULL),(5,37,48,3,3,NULL,NULL),(5,37,49,3,3,NULL,NULL),(5,37,50,3,3,NULL,NULL),(5,38,1,3,3,NULL,NULL),(5,38,2,3,3,NULL,NULL),(5,38,3,3,3,NULL,NULL),(5,38,4,3,3,NULL,NULL),(5,38,5,3,3,NULL,NULL),(5,38,6,3,3,NULL,NULL),(5,38,7,3,3,NULL,NULL),(5,38,8,3,3,NULL,NULL),(5,38,9,3,3,NULL,NULL),(5,38,10,3,3,NULL,NULL),(5,38,11,3,3,NULL,NULL),(5,38,12,3,3,NULL,NULL),(5,38,13,3,3,NULL,NULL),(5,38,14,3,3,NULL,NULL),(5,38,15,3,3,NULL,NULL),(5,38,16,3,3,NULL,NULL),(5,38,17,3,3,NULL,NULL),(5,38,18,3,3,NULL,NULL),(5,38,19,3,3,NULL,NULL),(5,38,20,3,3,NULL,NULL),(5,38,21,3,3,NULL,NULL),(5,38,22,3,3,NULL,NULL),(5,38,23,3,3,NULL,NULL),(5,38,24,3,3,NULL,NULL),(5,38,25,3,3,NULL,NULL),(5,38,26,3,3,NULL,NULL),(5,38,27,3,3,NULL,NULL),(5,38,28,3,3,NULL,NULL),(5,38,29,3,3,NULL,NULL),(5,38,30,3,3,NULL,NULL),(5,38,31,3,3,NULL,NULL),(5,38,32,3,3,NULL,NULL),(5,38,33,3,3,NULL,NULL),(5,38,34,3,3,NULL,NULL),(5,38,35,3,3,NULL,NULL),(5,38,36,3,3,NULL,NULL),(5,38,37,3,3,NULL,NULL),(5,38,38,3,3,NULL,NULL),(5,38,39,3,3,NULL,NULL),(5,38,40,3,3,NULL,NULL),(5,38,41,3,3,NULL,NULL),(5,38,42,3,3,NULL,NULL),(5,38,43,3,3,NULL,NULL),(5,38,44,3,3,NULL,NULL),(5,38,45,3,3,NULL,NULL),(5,38,46,3,3,NULL,NULL),(5,38,47,3,3,NULL,NULL),(5,38,48,3,3,NULL,NULL),(5,38,49,3,3,NULL,NULL),(5,38,50,3,3,NULL,NULL),(5,39,1,3,3,NULL,NULL),(5,39,2,3,3,NULL,NULL),(5,39,3,3,3,NULL,NULL),(5,39,4,3,3,NULL,NULL),(5,39,5,3,3,NULL,NULL),(5,39,6,3,3,NULL,NULL),(5,39,7,3,3,NULL,NULL),(5,39,8,3,3,NULL,NULL),(5,39,9,3,3,NULL,NULL),(5,39,10,3,3,NULL,NULL),(5,39,11,3,3,NULL,NULL),(5,39,12,3,3,NULL,NULL),(5,39,13,3,3,NULL,NULL),(5,39,14,3,3,NULL,NULL),(5,39,15,3,3,NULL,NULL),(5,39,16,3,3,NULL,NULL),(5,39,17,3,3,NULL,NULL),(5,39,18,3,3,NULL,NULL),(5,39,19,3,3,NULL,NULL),(5,39,20,3,3,NULL,NULL),(5,39,21,3,3,NULL,NULL),(5,39,22,3,3,NULL,NULL),(5,39,23,3,3,NULL,NULL),(5,39,24,3,3,NULL,NULL),(5,39,25,3,3,NULL,NULL),(5,39,26,3,3,NULL,NULL),(5,39,27,3,3,NULL,NULL),(5,39,28,3,3,NULL,NULL),(5,39,29,3,3,NULL,NULL),(5,39,30,3,3,NULL,NULL),(5,39,31,3,3,NULL,NULL),(5,39,32,3,3,NULL,NULL),(5,39,33,3,3,NULL,NULL),(5,39,34,3,3,NULL,NULL),(5,39,35,3,3,NULL,NULL),(5,39,36,3,3,NULL,NULL),(5,39,37,3,3,NULL,NULL),(5,39,38,3,3,NULL,NULL),(5,39,39,3,3,NULL,NULL),(5,39,40,3,3,NULL,NULL),(5,39,41,3,3,NULL,NULL),(5,39,42,3,3,NULL,NULL),(5,39,43,3,3,NULL,NULL),(5,39,44,3,3,NULL,NULL),(5,39,45,3,3,NULL,NULL),(5,39,46,3,3,NULL,NULL),(5,39,47,3,3,NULL,NULL),(5,39,48,3,3,NULL,NULL),(5,39,49,3,3,NULL,NULL),(5,39,50,3,3,NULL,NULL),(5,40,1,3,3,NULL,NULL),(5,40,2,3,3,NULL,NULL),(5,40,3,3,3,NULL,NULL),(5,40,4,3,3,NULL,NULL),(5,40,5,3,3,NULL,NULL),(5,40,6,3,3,NULL,NULL),(5,40,7,3,3,NULL,NULL),(5,40,8,3,3,NULL,NULL),(5,40,9,3,3,NULL,NULL),(5,40,10,3,3,NULL,NULL),(5,40,11,3,3,NULL,NULL),(5,40,12,3,3,NULL,NULL),(5,40,13,3,3,NULL,NULL),(5,40,14,3,3,NULL,NULL),(5,40,15,3,3,NULL,NULL),(5,40,16,3,3,NULL,NULL),(5,40,17,3,3,NULL,NULL),(5,40,18,3,3,NULL,NULL),(5,40,19,3,3,NULL,NULL),(5,40,20,3,3,NULL,NULL),(5,40,21,3,3,NULL,NULL),(5,40,22,3,3,NULL,NULL),(5,40,23,3,3,NULL,NULL),(5,40,24,3,3,NULL,NULL),(5,40,25,3,3,NULL,NULL),(5,40,26,3,3,NULL,NULL),(5,40,27,3,3,NULL,NULL),(5,40,28,3,3,NULL,NULL),(5,40,29,3,3,NULL,NULL),(5,40,30,3,3,NULL,NULL),(5,40,31,3,3,NULL,NULL),(5,40,32,3,3,NULL,NULL),(5,40,33,3,3,NULL,NULL),(5,40,34,3,3,NULL,NULL),(5,40,35,3,3,NULL,NULL),(5,40,36,3,3,NULL,NULL),(5,40,37,3,3,NULL,NULL),(5,40,38,3,3,NULL,NULL),(5,40,39,3,3,NULL,NULL),(5,40,40,3,3,NULL,NULL),(5,40,41,3,3,NULL,NULL),(5,40,42,3,3,NULL,NULL),(5,40,43,3,3,NULL,NULL),(5,40,44,3,3,NULL,NULL),(5,40,45,3,3,NULL,NULL),(5,40,46,3,3,NULL,NULL),(5,40,47,3,3,NULL,NULL),(5,40,48,3,3,NULL,NULL),(5,40,49,3,3,NULL,NULL),(5,40,50,3,3,NULL,NULL),(5,41,1,3,3,NULL,NULL),(5,41,2,3,3,NULL,NULL),(5,41,3,3,3,NULL,NULL),(5,41,4,3,3,NULL,NULL),(5,41,5,3,3,NULL,NULL),(5,41,6,3,3,NULL,NULL),(5,41,7,3,3,NULL,NULL),(5,41,8,3,3,NULL,NULL),(5,41,9,3,3,NULL,NULL),(5,41,10,3,3,NULL,NULL),(5,41,11,3,3,NULL,NULL),(5,41,12,3,3,NULL,NULL),(5,41,13,3,3,NULL,NULL),(5,41,14,3,3,NULL,NULL),(5,41,15,3,3,NULL,NULL),(5,41,16,3,3,NULL,NULL),(5,41,17,3,3,NULL,NULL),(5,41,18,3,3,NULL,NULL),(5,41,19,3,3,NULL,NULL),(5,41,20,3,3,NULL,NULL),(5,41,21,3,3,NULL,NULL),(5,41,22,3,3,NULL,NULL),(5,41,23,3,3,NULL,NULL),(5,41,24,3,3,NULL,NULL),(5,41,25,3,3,NULL,NULL),(5,41,26,3,3,NULL,NULL),(5,41,27,3,3,NULL,NULL),(5,41,28,3,3,NULL,NULL),(5,41,29,3,3,NULL,NULL),(5,41,30,3,3,NULL,NULL),(5,41,31,3,3,NULL,NULL),(5,41,32,3,3,NULL,NULL),(5,41,33,3,3,NULL,NULL),(5,41,34,3,3,NULL,NULL),(5,41,35,3,3,NULL,NULL),(5,41,36,3,3,NULL,NULL),(5,41,37,3,3,NULL,NULL),(5,41,38,3,3,NULL,NULL),(5,41,39,3,3,NULL,NULL),(5,41,40,3,3,NULL,NULL),(5,41,41,3,3,NULL,NULL),(5,41,42,3,3,NULL,NULL),(5,41,43,3,3,NULL,NULL),(5,41,44,3,3,NULL,NULL),(5,41,45,3,3,NULL,NULL),(5,41,46,3,3,NULL,NULL),(5,41,47,3,3,NULL,NULL),(5,41,48,3,3,NULL,NULL),(5,41,49,3,3,NULL,NULL),(5,41,50,3,3,NULL,NULL),(5,42,1,3,3,NULL,NULL),(5,42,2,3,3,NULL,NULL),(5,42,3,3,3,NULL,NULL),(5,42,4,3,3,NULL,NULL),(5,42,5,3,3,NULL,NULL),(5,42,6,3,3,NULL,NULL),(5,42,7,3,3,NULL,NULL),(5,42,8,3,3,NULL,NULL),(5,42,9,3,3,NULL,NULL),(5,42,10,3,3,NULL,NULL),(5,42,11,3,3,NULL,NULL),(5,42,12,3,3,NULL,NULL),(5,42,13,3,3,NULL,NULL),(5,42,14,3,3,NULL,NULL),(5,42,15,3,3,NULL,NULL),(5,42,16,3,3,NULL,NULL),(5,42,17,3,3,NULL,NULL),(5,42,18,3,3,NULL,NULL),(5,42,19,3,3,NULL,NULL),(5,42,20,3,3,NULL,NULL),(5,42,21,3,3,NULL,NULL),(5,42,22,3,3,NULL,NULL),(5,42,23,3,3,NULL,NULL),(5,42,24,3,3,NULL,NULL),(5,42,25,3,3,NULL,NULL),(5,42,26,3,3,NULL,NULL),(5,42,27,3,3,NULL,NULL),(5,42,28,3,3,NULL,NULL),(5,42,29,3,3,NULL,NULL),(5,42,30,3,3,NULL,NULL),(5,42,31,3,3,NULL,NULL),(5,42,32,3,3,NULL,NULL),(5,42,33,3,3,NULL,NULL),(5,42,34,3,3,NULL,NULL),(5,42,35,3,3,NULL,NULL),(5,42,36,3,3,NULL,NULL),(5,42,37,3,3,NULL,NULL),(5,42,38,3,3,NULL,NULL),(5,42,39,3,3,NULL,NULL),(5,42,40,3,3,NULL,NULL),(5,42,41,3,3,NULL,NULL),(5,42,42,3,3,NULL,NULL),(5,42,43,3,3,NULL,NULL),(5,42,44,3,3,NULL,NULL),(5,42,45,3,3,NULL,NULL),(5,42,46,3,3,NULL,NULL),(5,42,47,3,3,NULL,NULL),(5,42,48,3,3,NULL,NULL),(5,42,49,3,3,NULL,NULL),(5,42,50,3,3,NULL,NULL),(5,43,1,3,3,NULL,NULL),(5,43,2,3,3,NULL,NULL),(5,43,3,3,3,NULL,NULL),(5,43,4,3,3,NULL,NULL),(5,43,5,3,3,NULL,NULL),(5,43,6,3,3,NULL,NULL),(5,43,7,3,3,NULL,NULL),(5,43,8,3,3,NULL,NULL),(5,43,9,3,3,NULL,NULL),(5,43,10,3,3,NULL,NULL),(5,43,11,3,3,NULL,NULL),(5,43,12,3,3,NULL,NULL),(5,43,13,3,3,NULL,NULL),(5,43,14,3,3,NULL,NULL),(5,43,15,3,3,NULL,NULL),(5,43,16,3,3,NULL,NULL),(5,43,17,3,3,NULL,NULL),(5,43,18,3,3,NULL,NULL),(5,43,19,3,3,NULL,NULL),(5,43,20,3,3,NULL,NULL),(5,43,21,3,3,NULL,NULL),(5,43,22,3,3,NULL,NULL),(5,43,23,3,3,NULL,NULL),(5,43,24,3,3,NULL,NULL),(5,43,25,3,3,NULL,NULL),(5,43,26,3,3,NULL,NULL),(5,43,27,3,3,NULL,NULL),(5,43,28,3,3,NULL,NULL),(5,43,29,3,3,NULL,NULL),(5,43,30,3,3,NULL,NULL),(5,43,31,3,3,NULL,NULL),(5,43,32,3,3,NULL,NULL),(5,43,33,3,3,NULL,NULL),(5,43,34,3,3,NULL,NULL),(5,43,35,3,3,NULL,NULL),(5,43,36,3,3,NULL,NULL),(5,43,37,3,3,NULL,NULL),(5,43,38,3,3,NULL,NULL),(5,43,39,3,3,NULL,NULL),(5,43,40,3,3,NULL,NULL),(5,43,41,3,3,NULL,NULL),(5,43,42,3,3,NULL,NULL),(5,43,43,3,3,NULL,NULL),(5,43,44,3,3,NULL,NULL),(5,43,45,3,3,NULL,NULL),(5,43,46,3,3,NULL,NULL),(5,43,47,3,3,NULL,NULL),(5,43,48,3,3,NULL,NULL),(5,43,49,3,3,NULL,NULL),(5,43,50,3,3,NULL,NULL),(5,44,1,3,3,NULL,NULL),(5,44,2,3,3,NULL,NULL),(5,44,3,3,3,NULL,NULL),(5,44,4,3,3,NULL,NULL),(5,44,5,3,3,NULL,NULL),(5,44,6,3,3,NULL,NULL),(5,44,7,3,3,NULL,NULL),(5,44,8,3,3,NULL,NULL),(5,44,9,3,3,NULL,NULL),(5,44,10,3,3,NULL,NULL),(5,44,11,3,3,NULL,NULL),(5,44,12,3,3,NULL,NULL),(5,44,13,3,3,NULL,NULL),(5,44,14,3,3,NULL,NULL),(5,44,15,3,3,NULL,NULL),(5,44,16,3,3,NULL,NULL),(5,44,17,3,3,NULL,NULL),(5,44,18,3,3,NULL,NULL),(5,44,19,3,3,NULL,NULL),(5,44,20,3,3,NULL,NULL),(5,44,21,3,3,NULL,NULL),(5,44,22,3,3,NULL,NULL),(5,44,23,3,3,NULL,NULL),(5,44,24,3,3,NULL,NULL),(5,44,25,3,3,NULL,NULL),(5,44,26,3,3,NULL,NULL),(5,44,27,3,3,NULL,NULL),(5,44,28,3,3,NULL,NULL),(5,44,29,3,3,NULL,NULL),(5,44,30,3,3,NULL,NULL),(5,44,31,3,3,NULL,NULL),(5,44,32,3,3,NULL,NULL),(5,44,33,3,3,NULL,NULL),(5,44,34,3,3,NULL,NULL),(5,44,35,3,3,NULL,NULL),(5,44,36,3,3,NULL,NULL),(5,44,37,3,3,NULL,NULL),(5,44,38,3,3,NULL,NULL),(5,44,39,3,3,NULL,NULL),(5,44,40,3,3,NULL,NULL),(5,44,41,3,3,NULL,NULL),(5,44,42,3,3,NULL,NULL),(5,44,43,3,3,NULL,NULL),(5,44,44,3,3,NULL,NULL),(5,44,45,3,3,NULL,NULL),(5,44,46,3,3,NULL,NULL),(5,44,47,3,3,NULL,NULL),(5,44,48,3,3,NULL,NULL),(5,44,49,3,3,NULL,NULL),(5,44,50,3,3,NULL,NULL),(5,45,1,3,3,NULL,NULL),(5,45,2,3,3,NULL,NULL),(5,45,3,3,3,NULL,NULL),(5,45,4,3,3,NULL,NULL),(5,45,5,3,3,NULL,NULL),(5,45,6,3,3,NULL,NULL),(5,45,7,3,3,NULL,NULL),(5,45,8,3,3,NULL,NULL),(5,45,9,3,3,NULL,NULL),(5,45,10,3,3,NULL,NULL),(5,45,11,3,3,NULL,NULL),(5,45,12,3,3,NULL,NULL),(5,45,13,3,3,NULL,NULL),(5,45,14,3,3,NULL,NULL),(5,45,15,3,3,NULL,NULL),(5,45,16,3,3,NULL,NULL),(5,45,17,3,3,NULL,NULL),(5,45,18,3,3,NULL,NULL),(5,45,19,3,3,NULL,NULL),(5,45,20,3,3,NULL,NULL),(5,45,21,3,3,NULL,NULL),(5,45,22,3,3,NULL,NULL),(5,45,23,3,3,NULL,NULL),(5,45,24,3,3,NULL,NULL),(5,45,25,3,3,NULL,NULL),(5,45,26,3,3,NULL,NULL),(5,45,27,3,3,NULL,NULL),(5,45,28,3,3,NULL,NULL),(5,45,29,3,3,NULL,NULL),(5,45,30,3,3,NULL,NULL),(5,45,31,3,3,NULL,NULL),(5,45,32,3,3,NULL,NULL),(5,45,33,3,3,NULL,NULL),(5,45,34,3,3,NULL,NULL),(5,45,35,3,3,NULL,NULL),(5,45,36,3,3,NULL,NULL),(5,45,37,3,3,NULL,NULL),(5,45,38,3,3,NULL,NULL),(5,45,39,3,3,NULL,NULL),(5,45,40,3,3,NULL,NULL),(5,45,41,3,3,NULL,NULL),(5,45,42,3,3,NULL,NULL),(5,45,43,3,3,NULL,NULL),(5,45,44,3,3,NULL,NULL),(5,45,45,3,3,NULL,NULL),(5,45,46,3,3,NULL,NULL),(5,45,47,3,3,NULL,NULL),(5,45,48,3,3,NULL,NULL),(5,45,49,3,3,NULL,NULL),(5,45,50,3,3,NULL,NULL),(5,46,1,3,3,NULL,NULL),(5,46,2,3,3,NULL,NULL),(5,46,3,3,3,NULL,NULL),(5,46,4,3,3,NULL,NULL),(5,46,5,3,3,NULL,NULL),(5,46,6,3,3,NULL,NULL),(5,46,7,3,3,NULL,NULL),(5,46,8,3,3,NULL,NULL),(5,46,9,3,3,NULL,NULL),(5,46,10,3,3,NULL,NULL),(5,46,11,3,3,NULL,NULL),(5,46,12,3,3,NULL,NULL),(5,46,13,3,3,NULL,NULL),(5,46,14,3,3,NULL,NULL),(5,46,15,3,3,NULL,NULL),(5,46,16,3,3,NULL,NULL),(5,46,17,3,3,NULL,NULL),(5,46,18,3,3,NULL,NULL),(5,46,19,3,3,NULL,NULL),(5,46,20,3,3,NULL,NULL),(5,46,21,3,3,NULL,NULL),(5,46,22,3,3,NULL,NULL),(5,46,23,3,3,NULL,NULL),(5,46,24,3,3,NULL,NULL),(5,46,25,3,3,NULL,NULL),(5,46,26,3,3,NULL,NULL),(5,46,27,3,3,NULL,NULL),(5,46,28,3,3,NULL,NULL),(5,46,29,3,3,NULL,NULL),(5,46,30,3,3,NULL,NULL),(5,46,31,3,3,NULL,NULL),(5,46,32,3,3,NULL,NULL),(5,46,33,3,3,NULL,NULL),(5,46,34,3,3,NULL,NULL),(5,46,35,3,3,NULL,NULL),(5,46,36,3,3,NULL,NULL),(5,46,37,3,3,NULL,NULL),(5,46,38,3,3,NULL,NULL),(5,46,39,3,3,NULL,NULL),(5,46,40,3,3,NULL,NULL),(5,46,41,3,3,NULL,NULL),(5,46,42,3,3,NULL,NULL),(5,46,43,3,3,NULL,NULL),(5,46,44,3,3,NULL,NULL),(5,46,45,3,3,NULL,NULL),(5,46,46,3,3,NULL,NULL),(5,46,47,3,3,NULL,NULL),(5,46,48,3,3,NULL,NULL),(5,46,49,3,3,NULL,NULL),(5,46,50,3,3,NULL,NULL),(5,47,1,3,3,NULL,NULL),(5,47,2,3,3,NULL,NULL),(5,47,3,3,3,NULL,NULL),(5,47,4,3,3,NULL,NULL),(5,47,5,3,3,NULL,NULL),(5,47,6,3,3,NULL,NULL),(5,47,7,3,3,NULL,NULL),(5,47,8,3,3,NULL,NULL),(5,47,9,3,3,NULL,NULL),(5,47,10,3,3,NULL,NULL),(5,47,11,3,3,NULL,NULL),(5,47,12,3,3,NULL,NULL),(5,47,13,3,3,NULL,NULL),(5,47,14,3,3,NULL,NULL),(5,47,15,3,3,NULL,NULL),(5,47,16,3,3,NULL,NULL),(5,47,17,3,3,NULL,NULL),(5,47,18,3,3,NULL,NULL),(5,47,19,3,3,NULL,NULL),(5,47,20,3,3,NULL,NULL),(5,47,21,3,3,NULL,NULL),(5,47,22,3,3,NULL,NULL),(5,47,23,3,3,NULL,NULL),(5,47,24,3,3,NULL,NULL),(5,47,25,3,3,NULL,NULL),(5,47,26,3,3,NULL,NULL),(5,47,27,3,3,NULL,NULL),(5,47,28,3,3,NULL,NULL),(5,47,29,3,3,NULL,NULL),(5,47,30,3,3,NULL,NULL),(5,47,31,3,3,NULL,NULL),(5,47,32,3,3,NULL,NULL),(5,47,33,3,3,NULL,NULL),(5,47,34,3,3,NULL,NULL),(5,47,35,3,3,NULL,NULL),(5,47,36,3,3,NULL,NULL),(5,47,37,3,3,NULL,NULL),(5,47,38,3,3,NULL,NULL),(5,47,39,3,3,NULL,NULL),(5,47,40,3,3,NULL,NULL),(5,47,41,3,3,NULL,NULL),(5,47,42,3,3,NULL,NULL),(5,47,43,3,3,NULL,NULL),(5,47,44,3,3,NULL,NULL),(5,47,45,3,3,NULL,NULL),(5,47,46,3,3,NULL,NULL),(5,47,47,3,3,NULL,NULL),(5,47,48,3,3,NULL,NULL),(5,47,49,3,3,NULL,NULL),(5,47,50,3,3,NULL,NULL),(5,48,1,3,3,NULL,NULL),(5,48,2,3,3,NULL,NULL),(5,48,3,3,3,NULL,NULL),(5,48,4,3,3,NULL,NULL),(5,48,5,3,3,NULL,NULL),(5,48,6,3,3,NULL,NULL),(5,48,7,3,3,NULL,NULL),(5,48,8,3,3,NULL,NULL),(5,48,9,3,3,NULL,NULL),(5,48,10,3,3,NULL,NULL),(5,48,11,3,3,NULL,NULL),(5,48,12,3,3,NULL,NULL),(5,48,13,3,3,NULL,NULL),(5,48,14,3,3,NULL,NULL),(5,48,15,3,3,NULL,NULL),(5,48,16,3,3,NULL,NULL),(5,48,17,3,3,NULL,NULL),(5,48,18,3,3,NULL,NULL),(5,48,19,3,3,NULL,NULL),(5,48,20,3,3,NULL,NULL),(5,48,21,3,3,NULL,NULL),(5,48,22,3,3,NULL,NULL),(5,48,23,3,3,NULL,NULL),(5,48,24,3,3,NULL,NULL),(5,48,25,3,3,NULL,NULL),(5,48,26,3,3,NULL,NULL),(5,48,27,3,3,NULL,NULL),(5,48,28,3,3,NULL,NULL),(5,48,29,3,3,NULL,NULL),(5,48,30,3,3,NULL,NULL),(5,48,31,3,3,NULL,NULL),(5,48,32,3,3,NULL,NULL),(5,48,33,3,3,NULL,NULL),(5,48,34,3,3,NULL,NULL),(5,48,35,3,3,NULL,NULL),(5,48,36,3,3,NULL,NULL),(5,48,37,3,3,NULL,NULL),(5,48,38,3,3,NULL,NULL),(5,48,39,3,3,NULL,NULL),(5,48,40,3,3,NULL,NULL),(5,48,41,3,3,NULL,NULL),(5,48,42,3,3,NULL,NULL),(5,48,43,3,3,NULL,NULL),(5,48,44,3,3,NULL,NULL),(5,48,45,3,3,NULL,NULL),(5,48,46,3,3,NULL,NULL),(5,48,47,3,3,NULL,NULL),(5,48,48,3,3,NULL,NULL),(5,48,49,3,3,NULL,NULL),(5,48,50,3,3,NULL,NULL),(5,49,1,3,3,NULL,NULL),(5,49,2,3,3,NULL,NULL),(5,49,3,3,3,NULL,NULL),(5,49,4,3,3,NULL,NULL),(5,49,5,3,3,NULL,NULL),(5,49,6,3,3,NULL,NULL),(5,49,7,3,3,NULL,NULL),(5,49,8,3,3,NULL,NULL),(5,49,9,3,3,NULL,NULL),(5,49,10,3,3,NULL,NULL),(5,49,11,3,3,NULL,NULL),(5,49,12,3,3,NULL,NULL),(5,49,13,3,3,NULL,NULL),(5,49,14,3,3,NULL,NULL),(5,49,15,3,3,NULL,NULL),(5,49,16,3,3,NULL,NULL),(5,49,17,3,3,NULL,NULL),(5,49,18,3,3,NULL,NULL),(5,49,19,3,3,NULL,NULL),(5,49,20,3,3,NULL,NULL),(5,49,21,3,3,NULL,NULL),(5,49,22,3,3,NULL,NULL),(5,49,23,3,3,NULL,NULL),(5,49,24,3,3,NULL,NULL),(5,49,25,3,3,NULL,NULL),(5,49,26,3,3,NULL,NULL),(5,49,27,3,3,NULL,NULL),(5,49,28,3,3,NULL,NULL),(5,49,29,3,3,NULL,NULL),(5,49,30,3,3,NULL,NULL),(5,49,31,3,3,NULL,NULL),(5,49,32,3,3,NULL,NULL),(5,49,33,3,3,NULL,NULL),(5,49,34,3,3,NULL,NULL),(5,49,35,3,3,NULL,NULL),(5,49,36,3,3,NULL,NULL),(5,49,37,3,3,NULL,NULL),(5,49,38,3,3,NULL,NULL),(5,49,39,3,3,NULL,NULL),(5,49,40,3,3,NULL,NULL),(5,49,41,3,3,NULL,NULL),(5,49,42,3,3,NULL,NULL),(5,49,43,3,3,NULL,NULL),(5,49,44,3,3,NULL,NULL),(5,49,45,3,3,NULL,NULL),(5,49,46,3,3,NULL,NULL),(5,49,47,3,3,NULL,NULL),(5,49,48,3,3,NULL,NULL),(5,49,49,3,3,NULL,NULL),(5,49,50,3,3,NULL,NULL),(5,50,1,3,3,NULL,NULL),(5,50,2,3,3,NULL,NULL),(5,50,3,3,3,NULL,NULL),(5,50,4,3,3,NULL,NULL),(5,50,5,3,3,NULL,NULL),(5,50,6,3,3,NULL,NULL),(5,50,7,3,3,NULL,NULL),(5,50,8,3,3,NULL,NULL),(5,50,9,3,3,NULL,NULL),(5,50,10,3,3,NULL,NULL),(5,50,11,3,3,NULL,NULL),(5,50,12,3,3,NULL,NULL),(5,50,13,3,3,NULL,NULL),(5,50,14,3,3,NULL,NULL),(5,50,15,3,3,NULL,NULL),(5,50,16,3,3,NULL,NULL),(5,50,17,3,3,NULL,NULL),(5,50,18,3,3,NULL,NULL),(5,50,19,3,3,NULL,NULL),(5,50,20,3,3,NULL,NULL),(5,50,21,3,3,NULL,NULL),(5,50,22,3,3,NULL,NULL),(5,50,23,3,3,NULL,NULL),(5,50,24,3,3,NULL,NULL),(5,50,25,3,3,NULL,NULL),(5,50,26,3,3,NULL,NULL),(5,50,27,3,3,NULL,NULL),(5,50,28,3,3,NULL,NULL),(5,50,29,3,3,NULL,NULL),(5,50,30,3,3,NULL,NULL),(5,50,31,3,3,NULL,NULL),(5,50,32,3,3,NULL,NULL),(5,50,33,3,3,NULL,NULL),(5,50,34,3,3,NULL,NULL),(5,50,35,3,3,NULL,NULL),(5,50,36,3,3,NULL,NULL),(5,50,37,3,3,NULL,NULL),(5,50,38,3,3,NULL,NULL),(5,50,39,3,3,NULL,NULL),(5,50,40,3,3,NULL,NULL),(5,50,41,3,3,NULL,NULL),(5,50,42,3,3,NULL,NULL),(5,50,43,3,3,NULL,NULL),(5,50,44,3,3,NULL,NULL),(5,50,45,3,3,NULL,NULL),(5,50,46,3,3,NULL,NULL),(5,50,47,3,3,NULL,NULL),(5,50,48,3,3,NULL,NULL),(5,50,49,3,3,NULL,NULL),(5,50,50,3,1,NULL,NULL),(2,42,9,3,3,NULL,NULL),(2,42,10,3,3,NULL,NULL),(2,42,11,3,3,NULL,NULL),(2,42,12,3,3,NULL,NULL),(2,42,13,3,3,NULL,NULL),(2,42,14,3,3,NULL,NULL),(2,42,15,3,3,NULL,NULL),(2,42,16,3,3,NULL,NULL),(2,42,17,3,3,NULL,NULL),(2,42,18,3,3,NULL,NULL),(2,42,19,3,3,NULL,NULL),(2,42,20,3,3,NULL,NULL),(2,42,21,3,3,NULL,NULL),(2,42,22,3,3,NULL,NULL),(2,42,23,3,3,NULL,NULL),(2,42,24,3,3,NULL,NULL),(2,42,25,3,3,NULL,NULL),(2,42,26,3,3,NULL,NULL),(2,42,27,3,3,NULL,NULL),(2,42,28,3,3,NULL,NULL),(2,42,29,3,3,NULL,NULL),(2,42,30,3,3,NULL,NULL),(2,42,31,3,3,NULL,NULL),(2,42,32,3,3,NULL,NULL),(2,42,33,3,3,NULL,NULL),(2,42,34,3,3,NULL,NULL),(2,42,35,3,3,NULL,NULL),(2,42,36,3,3,NULL,NULL),(2,42,37,3,3,NULL,NULL),(2,42,38,3,3,NULL,NULL),(2,42,39,3,3,NULL,NULL),(2,42,40,3,3,NULL,NULL),(2,42,41,3,3,NULL,NULL),(2,42,42,3,3,NULL,NULL),(2,42,43,3,3,NULL,NULL),(2,42,44,3,3,NULL,NULL),(2,42,45,3,3,NULL,NULL),(2,42,46,3,3,NULL,NULL),(2,42,47,3,3,NULL,NULL),(2,42,48,3,3,NULL,NULL),(2,42,49,3,3,NULL,NULL),(2,42,50,3,3,NULL,NULL),(2,43,1,3,3,NULL,NULL),(2,43,2,3,3,NULL,NULL),(2,43,3,3,3,NULL,NULL),(2,43,4,3,3,NULL,NULL),(2,43,5,3,3,NULL,NULL),(2,43,6,3,3,NULL,NULL),(2,43,7,3,3,NULL,NULL),(2,43,8,3,3,NULL,NULL),(2,43,9,3,3,NULL,NULL),(2,43,10,3,3,NULL,NULL),(2,43,11,3,3,NULL,NULL),(2,43,12,3,3,NULL,NULL),(2,43,13,3,3,NULL,NULL),(2,43,14,3,3,NULL,NULL),(2,43,15,3,3,NULL,NULL),(2,43,16,3,3,NULL,NULL),(2,43,17,3,3,NULL,NULL),(2,43,18,3,3,NULL,NULL),(2,43,19,3,3,NULL,NULL),(2,43,20,3,3,NULL,NULL),(2,43,21,3,3,NULL,NULL),(2,43,22,3,3,NULL,NULL),(2,43,23,3,3,NULL,NULL),(2,43,24,3,3,NULL,NULL),(2,43,25,3,3,NULL,NULL),(2,43,26,3,3,NULL,NULL),(2,43,27,3,3,NULL,NULL),(2,43,28,3,3,NULL,NULL),(2,43,29,3,3,NULL,NULL),(2,43,30,3,3,NULL,NULL),(2,43,31,3,3,NULL,NULL),(2,43,32,3,3,NULL,NULL),(2,43,33,3,3,NULL,NULL),(2,43,34,3,3,NULL,NULL),(2,43,35,3,3,NULL,NULL),(2,43,36,3,3,NULL,NULL),(2,43,37,3,3,NULL,NULL),(2,43,38,3,3,NULL,NULL),(2,43,39,3,3,NULL,NULL),(2,43,40,3,3,NULL,NULL),(2,43,41,3,3,NULL,NULL),(2,43,42,3,3,NULL,NULL),(2,43,43,3,3,NULL,NULL),(2,43,44,3,3,NULL,NULL),(2,43,45,3,3,NULL,NULL),(2,43,46,3,3,NULL,NULL),(2,43,47,3,3,NULL,NULL),(2,43,48,3,3,NULL,NULL),(2,43,49,3,3,NULL,NULL),(2,43,50,3,3,NULL,NULL),(2,44,1,3,3,NULL,NULL),(2,44,2,3,3,NULL,NULL),(2,44,3,3,3,NULL,NULL),(2,44,4,3,3,NULL,NULL),(2,44,5,3,3,NULL,NULL),(2,44,6,3,3,NULL,NULL),(2,44,7,3,3,NULL,NULL),(2,44,8,3,3,NULL,NULL),(2,44,9,3,3,NULL,NULL),(2,44,10,3,3,NULL,NULL),(2,44,11,3,3,NULL,NULL),(2,44,12,3,3,NULL,NULL),(2,44,13,3,3,NULL,NULL),(2,44,14,3,3,NULL,NULL),(2,44,15,3,3,NULL,NULL),(2,44,16,3,3,NULL,NULL),(2,44,17,3,3,NULL,NULL),(2,44,18,3,3,NULL,NULL),(2,44,19,3,3,NULL,NULL),(2,44,20,3,3,NULL,NULL),(2,44,21,3,3,NULL,NULL),(2,44,22,3,3,NULL,NULL),(2,44,23,3,3,NULL,NULL),(2,44,24,3,3,NULL,NULL),(2,44,25,3,3,NULL,NULL),(2,44,26,3,3,NULL,NULL),(2,44,27,3,3,NULL,NULL),(2,44,28,3,3,NULL,NULL),(2,44,29,3,3,NULL,NULL),(2,44,30,3,3,NULL,NULL),(2,44,31,3,3,NULL,NULL),(2,44,32,3,3,NULL,NULL),(2,44,33,3,3,NULL,NULL),(2,44,34,3,3,NULL,NULL),(2,44,35,3,3,NULL,NULL),(2,44,36,3,3,NULL,NULL),(2,44,37,3,3,NULL,NULL),(2,44,38,3,3,NULL,NULL),(2,44,39,3,3,NULL,NULL),(2,44,40,3,3,NULL,NULL),(2,44,41,3,3,NULL,NULL),(2,44,42,3,3,NULL,NULL),(2,44,43,3,3,NULL,NULL),(2,44,44,3,3,NULL,NULL),(2,44,45,3,3,NULL,NULL),(2,44,46,3,3,NULL,NULL),(2,44,47,3,3,NULL,NULL),(2,44,48,3,3,NULL,NULL),(2,44,49,3,3,NULL,NULL),(2,44,50,3,3,NULL,NULL),(2,45,1,3,3,NULL,NULL),(2,45,2,3,3,NULL,NULL),(2,45,3,3,3,NULL,NULL),(2,45,4,3,3,NULL,NULL),(2,45,5,3,3,NULL,NULL),(2,45,6,3,3,NULL,NULL),(2,45,7,3,3,NULL,NULL),(2,45,8,3,3,NULL,NULL),(2,45,9,3,3,NULL,NULL),(2,45,10,3,3,NULL,NULL),(2,45,11,3,3,NULL,NULL),(2,45,12,3,3,NULL,NULL),(2,45,13,3,3,NULL,NULL),(2,45,14,3,3,NULL,NULL),(2,45,15,3,3,NULL,NULL),(2,45,16,3,3,NULL,NULL),(2,45,17,3,3,NULL,NULL),(2,45,18,3,3,NULL,NULL),(2,45,19,3,3,NULL,NULL),(2,45,20,3,3,NULL,NULL),(2,45,21,3,3,NULL,NULL),(2,45,22,3,3,NULL,NULL),(2,45,23,3,3,NULL,NULL),(2,45,24,3,3,NULL,NULL),(2,45,25,3,3,NULL,NULL),(2,45,26,3,3,NULL,NULL),(2,45,27,3,3,NULL,NULL),(2,45,28,3,3,NULL,NULL),(2,45,29,3,3,NULL,NULL),(2,45,30,3,3,NULL,NULL),(2,45,31,3,3,NULL,NULL),(2,45,32,3,3,NULL,NULL),(2,45,33,3,3,NULL,NULL),(2,45,34,3,3,NULL,NULL),(2,45,35,3,3,NULL,NULL),(2,45,36,3,3,NULL,NULL),(2,45,37,3,3,NULL,NULL),(2,45,38,3,3,NULL,NULL),(2,45,39,3,3,NULL,NULL),(2,45,40,3,3,NULL,NULL),(2,45,41,3,3,NULL,NULL),(2,45,42,3,3,NULL,NULL),(2,45,43,3,3,NULL,NULL),(2,45,44,3,3,NULL,NULL),(2,45,45,3,3,NULL,NULL),(2,45,46,3,3,NULL,NULL),(2,45,47,3,3,NULL,NULL),(2,45,48,3,3,NULL,NULL),(2,45,49,3,3,NULL,NULL),(2,45,50,3,3,NULL,NULL),(2,46,1,3,3,NULL,NULL),(2,46,2,3,3,NULL,NULL),(2,46,3,3,3,NULL,NULL),(2,46,4,3,3,NULL,NULL),(2,46,5,3,3,NULL,NULL),(2,46,6,3,3,NULL,NULL),(2,46,7,3,3,NULL,NULL),(2,46,8,3,3,NULL,NULL),(2,46,9,3,3,NULL,NULL),(2,46,10,3,3,NULL,NULL),(2,46,11,3,3,NULL,NULL),(2,46,12,3,3,NULL,NULL),(2,46,13,3,3,NULL,NULL),(2,46,14,3,3,NULL,NULL),(2,46,15,3,3,NULL,NULL),(2,46,16,3,3,NULL,NULL),(2,46,17,3,3,NULL,NULL),(2,46,18,3,3,NULL,NULL),(2,46,19,3,3,NULL,NULL),(2,46,20,3,3,NULL,NULL),(2,46,21,3,3,NULL,NULL),(2,46,22,3,3,NULL,NULL),(2,46,23,3,3,NULL,NULL),(2,46,24,3,3,NULL,NULL),(2,46,25,3,3,NULL,NULL),(2,46,26,3,3,NULL,NULL),(2,46,27,3,3,NULL,NULL),(2,46,28,3,3,NULL,NULL),(2,46,29,3,3,NULL,NULL),(2,46,30,3,3,NULL,NULL),(2,46,31,3,3,NULL,NULL),(2,46,32,3,3,NULL,NULL),(2,46,33,3,3,NULL,NULL),(2,46,34,3,3,NULL,NULL),(2,46,35,3,3,NULL,NULL),(2,46,36,3,3,NULL,NULL),(2,46,37,3,3,NULL,NULL),(2,46,38,3,3,NULL,NULL),(2,46,39,3,3,NULL,NULL),(2,46,40,3,3,NULL,NULL),(2,46,41,3,3,NULL,NULL),(2,46,42,3,3,NULL,NULL),(2,46,43,3,3,NULL,NULL),(2,46,44,3,3,NULL,NULL),(2,46,45,3,3,NULL,NULL),(2,46,46,3,3,NULL,NULL),(2,46,47,3,3,NULL,NULL),(2,46,48,3,3,NULL,NULL),(2,46,49,3,3,NULL,NULL),(2,46,50,3,3,NULL,NULL),(2,47,1,3,3,NULL,NULL),(2,47,2,3,3,NULL,NULL),(2,47,3,3,3,NULL,NULL),(2,47,4,3,3,NULL,NULL),(2,47,5,3,3,NULL,NULL),(2,47,6,3,3,NULL,NULL),(2,47,7,3,3,NULL,NULL),(2,47,8,3,3,NULL,NULL),(2,47,9,3,3,NULL,NULL),(2,47,10,3,3,NULL,NULL),(2,47,11,3,3,NULL,NULL),(2,47,12,3,3,NULL,NULL),(2,47,13,3,3,NULL,NULL),(2,47,14,3,3,NULL,NULL),(2,47,15,3,3,NULL,NULL),(2,47,16,3,3,NULL,NULL),(2,47,17,3,3,NULL,NULL),(2,47,18,3,3,NULL,NULL),(2,47,19,3,3,NULL,NULL),(2,47,20,3,3,NULL,NULL),(2,47,21,3,3,NULL,NULL),(2,47,22,3,3,NULL,NULL),(2,47,23,3,3,NULL,NULL),(2,47,24,3,3,NULL,NULL),(2,47,25,3,3,NULL,NULL),(2,47,26,3,3,NULL,NULL),(2,47,27,3,3,NULL,NULL),(2,47,28,3,3,NULL,NULL),(2,47,29,3,3,NULL,NULL),(2,47,30,3,3,NULL,NULL),(2,47,31,3,3,NULL,NULL),(2,47,32,3,3,NULL,NULL),(2,47,33,3,3,NULL,NULL),(2,47,34,3,3,NULL,NULL),(2,47,35,3,3,NULL,NULL),(2,47,36,3,3,NULL,NULL),(2,47,37,3,3,NULL,NULL),(2,47,38,3,3,NULL,NULL),(2,47,39,3,3,NULL,NULL),(2,47,40,3,3,NULL,NULL),(2,47,41,3,3,NULL,NULL),(2,47,42,3,3,NULL,NULL),(2,47,43,3,3,NULL,NULL),(2,47,44,3,3,NULL,NULL),(2,47,45,3,3,NULL,NULL),(2,47,46,3,3,NULL,NULL),(2,47,47,3,3,NULL,NULL),(2,47,48,3,3,NULL,NULL),(2,47,49,3,3,NULL,NULL),(2,47,50,3,3,NULL,NULL),(2,48,1,3,3,NULL,NULL),(2,48,2,3,3,NULL,NULL),(2,48,3,3,3,NULL,NULL),(2,48,4,3,3,NULL,NULL),(2,48,5,3,3,NULL,NULL),(2,48,6,3,3,NULL,NULL),(2,48,7,3,3,NULL,NULL),(2,48,8,3,3,NULL,NULL),(2,48,9,3,3,NULL,NULL),(2,48,10,3,3,NULL,NULL),(2,48,11,3,3,NULL,NULL),(2,48,12,3,3,NULL,NULL),(2,48,13,3,3,NULL,NULL),(2,48,14,3,3,NULL,NULL),(2,48,15,3,3,NULL,NULL),(2,48,16,3,3,NULL,NULL),(2,48,17,3,3,NULL,NULL),(2,48,18,3,3,NULL,NULL),(2,48,19,3,3,NULL,NULL),(2,48,20,3,3,NULL,NULL),(2,48,21,3,3,NULL,NULL),(2,48,22,3,3,NULL,NULL),(2,48,23,3,3,NULL,NULL),(2,48,24,3,3,NULL,NULL),(2,48,25,3,3,NULL,NULL),(2,48,26,3,3,NULL,NULL),(2,48,27,3,3,NULL,NULL),(2,48,28,3,3,NULL,NULL),(2,48,29,3,3,NULL,NULL),(2,48,30,3,3,NULL,NULL),(2,48,31,3,3,NULL,NULL),(2,48,32,3,3,NULL,NULL),(2,48,33,3,3,NULL,NULL),(2,48,34,3,3,NULL,NULL),(2,48,35,3,3,NULL,NULL),(2,48,36,3,3,NULL,NULL),(2,48,37,3,3,NULL,NULL),(2,48,38,3,3,NULL,NULL),(2,48,39,3,3,NULL,NULL),(2,48,40,3,3,NULL,NULL),(2,48,41,3,3,NULL,NULL),(2,48,42,3,3,NULL,NULL),(2,48,43,3,3,NULL,NULL),(2,48,44,3,3,NULL,NULL),(2,48,45,3,3,NULL,NULL),(2,48,46,3,3,NULL,NULL),(2,48,47,3,3,NULL,NULL),(2,48,48,3,3,NULL,NULL),(2,48,49,3,3,NULL,NULL),(2,48,50,3,3,NULL,NULL),(2,49,1,3,3,NULL,NULL),(2,49,2,3,3,NULL,NULL),(2,49,3,3,3,NULL,NULL),(2,49,4,3,3,NULL,NULL),(3,48,8,3,3,NULL,NULL),(3,48,9,3,3,NULL,NULL),(3,48,10,3,3,NULL,NULL),(3,48,11,3,3,NULL,NULL),(3,48,12,3,3,NULL,NULL),(3,48,13,3,3,NULL,NULL),(3,48,14,3,3,NULL,NULL),(3,48,15,3,3,NULL,NULL),(3,48,16,3,3,NULL,NULL),(3,48,17,3,3,NULL,NULL),(3,48,18,3,3,NULL,NULL),(3,48,19,3,3,NULL,NULL),(3,48,20,3,3,NULL,NULL),(3,48,21,3,3,NULL,NULL),(3,48,22,3,3,NULL,NULL),(3,48,23,3,3,NULL,NULL),(3,48,24,3,3,NULL,NULL),(3,48,25,3,3,NULL,NULL),(3,48,26,3,3,NULL,NULL),(3,48,27,3,3,NULL,NULL),(3,48,28,3,3,NULL,NULL),(3,48,29,3,3,NULL,NULL),(3,48,30,3,3,NULL,NULL),(3,48,31,3,3,NULL,NULL),(3,48,32,3,3,NULL,NULL),(3,48,33,3,3,NULL,NULL),(3,48,34,3,3,NULL,NULL),(3,48,35,3,3,NULL,NULL),(3,48,36,3,3,NULL,NULL),(3,48,37,3,3,NULL,NULL),(3,48,38,3,3,NULL,NULL),(3,48,39,3,3,NULL,NULL),(3,48,40,3,3,NULL,NULL),(3,48,41,3,3,NULL,NULL),(3,48,42,5,5,NULL,NULL),(3,48,43,14,14,NULL,NULL),(3,48,44,14,14,NULL,NULL),(3,48,45,2,2,NULL,NULL),(3,48,46,11,2,4846,NULL),(3,48,47,1,1,NULL,NULL),(3,48,48,12,2,4848,NULL),(3,48,49,18,18,NULL,NULL),(3,48,50,18,18,NULL,NULL),(3,49,1,3,3,NULL,NULL),(3,49,2,3,3,NULL,NULL),(3,49,3,3,3,NULL,NULL),(3,49,4,3,3,NULL,NULL),(3,49,5,3,3,NULL,NULL),(3,49,6,3,3,NULL,NULL),(3,49,7,3,3,NULL,NULL),(3,49,8,3,3,NULL,NULL),(3,49,9,3,3,NULL,NULL),(3,49,10,3,3,NULL,NULL),(3,49,11,3,3,NULL,NULL),(3,49,12,3,3,NULL,NULL),(3,49,13,3,3,NULL,NULL),(3,49,14,3,3,NULL,NULL),(3,49,15,3,3,NULL,NULL),(3,49,16,3,3,NULL,NULL),(3,49,17,3,3,NULL,NULL),(3,49,18,3,3,NULL,NULL),(3,49,19,3,3,NULL,NULL),(3,49,20,3,3,NULL,NULL),(3,49,21,3,3,NULL,NULL),(3,49,22,3,3,NULL,NULL),(3,49,23,3,3,NULL,NULL),(3,49,24,3,3,NULL,NULL),(3,49,25,3,3,NULL,NULL),(3,49,26,3,3,NULL,NULL),(3,49,27,3,3,NULL,NULL),(3,49,28,3,3,NULL,NULL),(3,49,29,3,3,NULL,NULL),(3,49,30,3,3,NULL,NULL),(3,49,31,3,3,NULL,NULL),(3,49,32,3,3,NULL,NULL),(3,49,33,3,3,NULL,NULL),(3,49,34,3,3,NULL,NULL),(3,49,35,3,3,NULL,NULL),(3,49,36,3,3,NULL,NULL),(3,49,37,3,3,NULL,NULL),(3,49,38,3,3,NULL,NULL),(3,49,39,3,3,NULL,NULL),(3,49,40,3,3,NULL,NULL),(3,49,41,3,3,NULL,NULL),(3,49,42,5,5,NULL,NULL),(3,49,43,15,15,NULL,NULL),(3,49,44,15,15,NULL,NULL),(3,49,45,14,14,NULL,NULL),(3,49,46,14,14,NULL,NULL),(3,49,47,14,14,NULL,NULL),(3,49,48,1,1,NULL,NULL),(3,49,49,9,2,4949,NULL),(3,49,50,15,15,NULL,NULL),(3,50,1,3,3,NULL,NULL),(3,50,2,3,3,NULL,NULL),(3,50,3,3,3,NULL,NULL),(3,50,4,3,3,NULL,NULL),(3,50,5,3,3,NULL,NULL),(3,50,6,3,3,NULL,NULL),(3,50,7,3,3,NULL,NULL),(3,50,8,3,3,NULL,NULL),(3,50,9,3,3,NULL,NULL),(3,50,10,3,3,NULL,NULL),(3,50,11,3,3,NULL,NULL),(3,50,12,3,3,NULL,NULL),(3,50,13,3,3,NULL,NULL),(3,50,14,3,3,NULL,NULL),(3,50,15,3,3,NULL,NULL),(3,50,16,3,3,NULL,NULL),(3,50,17,3,3,NULL,NULL),(3,50,18,3,3,NULL,NULL),(3,50,19,3,3,NULL,NULL),(3,50,20,3,3,NULL,NULL),(3,50,21,3,3,NULL,NULL),(3,50,22,3,3,NULL,NULL),(3,50,23,3,3,NULL,NULL),(3,50,24,3,3,NULL,NULL),(3,50,25,3,3,NULL,NULL),(3,50,26,3,3,NULL,NULL),(3,50,27,3,3,NULL,NULL),(3,50,28,3,3,NULL,NULL),(3,50,29,3,3,NULL,NULL),(3,50,30,3,3,NULL,NULL),(3,50,31,3,3,NULL,NULL),(3,50,32,3,3,NULL,NULL),(3,50,33,3,3,NULL,NULL),(3,50,34,3,3,NULL,NULL),(3,50,35,3,3,NULL,NULL),(3,50,36,3,3,NULL,NULL),(3,50,37,3,3,NULL,NULL),(3,50,38,3,3,NULL,NULL),(3,50,39,3,3,NULL,NULL),(3,50,40,3,3,NULL,NULL),(3,50,41,5,5,NULL,NULL),(3,50,42,2,2,NULL,NULL),(3,50,43,14,14,NULL,NULL),(3,50,44,2,2,NULL,NULL),(3,50,45,2,2,NULL,NULL),(3,50,46,2,2,NULL,NULL),(3,50,47,14,14,NULL,NULL),(3,50,48,14,14,NULL,NULL),(3,50,49,15,15,NULL,NULL),(3,50,50,18,2,4949,NULL),(3,51,51,3,3,NULL,NULL),(3,51,52,3,3,NULL,NULL),(3,51,53,3,3,NULL,NULL),(3,51,54,3,3,NULL,NULL),(3,51,55,3,3,NULL,NULL),(3,51,56,3,3,NULL,NULL),(3,51,57,3,3,NULL,NULL),(3,51,58,3,3,NULL,NULL),(3,51,59,3,3,NULL,NULL),(3,51,60,3,3,NULL,NULL),(3,51,61,3,3,NULL,NULL),(3,51,62,3,3,NULL,NULL),(3,51,63,3,3,NULL,NULL),(3,51,64,3,3,NULL,NULL),(3,51,65,3,3,NULL,NULL),(3,51,66,3,3,NULL,NULL),(3,51,67,3,3,NULL,NULL),(3,51,68,3,3,NULL,NULL),(3,51,69,3,3,NULL,NULL),(3,51,70,3,3,NULL,NULL),(3,51,71,3,3,NULL,NULL),(3,51,72,3,3,NULL,NULL),(3,51,73,3,3,NULL,NULL),(3,51,74,3,3,NULL,NULL),(3,51,75,3,3,NULL,NULL),(3,51,76,3,3,NULL,NULL),(3,51,77,3,3,NULL,NULL),(3,51,78,3,3,NULL,NULL),(3,51,79,3,3,NULL,NULL),(3,51,80,3,3,NULL,NULL),(3,51,81,3,3,NULL,NULL),(3,51,82,3,3,NULL,NULL),(3,51,83,3,3,NULL,NULL),(3,51,84,3,3,NULL,NULL),(3,51,85,3,3,NULL,NULL),(3,51,86,3,3,NULL,NULL),(3,51,87,3,3,NULL,NULL),(3,51,88,3,3,NULL,NULL),(3,51,89,3,3,NULL,NULL),(3,51,90,3,3,NULL,NULL),(3,51,91,3,3,NULL,NULL),(3,51,92,3,3,NULL,NULL),(3,51,93,3,3,NULL,NULL),(3,51,94,3,3,NULL,NULL),(3,51,95,3,3,NULL,NULL),(3,51,96,3,3,NULL,NULL),(3,51,97,3,3,NULL,NULL),(3,51,98,3,3,NULL,NULL),(3,51,99,3,3,NULL,NULL),(3,51,100,3,3,NULL,NULL),(3,52,51,3,3,NULL,NULL),(3,52,52,3,3,NULL,NULL),(3,52,53,3,3,NULL,NULL),(3,52,54,3,3,NULL,NULL),(3,52,55,3,3,NULL,NULL),(3,52,56,3,3,NULL,NULL),(3,52,57,3,3,NULL,NULL),(3,52,58,3,3,NULL,NULL),(3,52,59,3,3,NULL,NULL),(3,52,60,3,3,NULL,NULL),(3,52,61,3,3,NULL,NULL),(3,52,62,3,3,NULL,NULL),(3,52,63,3,3,NULL,NULL),(3,52,64,3,3,NULL,NULL),(3,52,65,3,3,NULL,NULL),(3,52,66,3,3,NULL,NULL),(3,52,67,3,3,NULL,NULL),(3,52,68,3,3,NULL,NULL),(3,52,69,3,3,NULL,NULL),(3,52,70,3,3,NULL,NULL),(3,52,71,3,3,NULL,NULL),(3,52,72,3,3,NULL,NULL),(3,52,73,3,3,NULL,NULL),(3,52,74,3,3,NULL,NULL),(3,52,75,3,3,NULL,NULL),(3,52,76,3,3,NULL,NULL),(3,52,77,3,3,NULL,NULL),(3,52,78,3,3,NULL,NULL),(3,52,79,3,3,NULL,NULL),(3,52,80,3,3,NULL,NULL),(3,52,81,3,3,NULL,NULL),(3,52,82,3,3,NULL,NULL),(3,52,83,3,3,NULL,NULL),(3,52,84,3,3,NULL,NULL),(3,52,85,3,3,NULL,NULL),(3,52,86,3,3,NULL,NULL),(3,52,87,3,3,NULL,NULL),(3,52,88,3,3,NULL,NULL),(3,52,89,3,3,NULL,NULL),(3,52,90,3,3,NULL,NULL),(3,52,91,3,3,NULL,NULL),(3,52,92,3,3,NULL,NULL),(3,52,93,3,3,NULL,NULL),(3,52,94,3,3,NULL,NULL),(3,52,95,3,3,NULL,NULL),(3,52,96,3,3,NULL,NULL),(3,52,97,3,3,NULL,NULL),(3,52,98,3,3,NULL,NULL),(3,52,99,3,3,NULL,NULL),(3,52,100,3,3,NULL,NULL),(3,53,51,3,3,NULL,NULL),(3,53,52,3,3,NULL,NULL),(3,53,53,3,3,NULL,NULL),(3,53,54,3,3,NULL,NULL),(3,53,55,3,3,NULL,NULL),(3,53,56,3,3,NULL,NULL),(3,53,57,3,3,NULL,NULL),(3,53,58,3,3,NULL,NULL),(3,53,59,3,3,NULL,NULL),(3,53,60,3,3,NULL,NULL),(3,53,61,3,3,NULL,NULL),(3,53,62,3,3,NULL,NULL),(3,53,63,3,3,NULL,NULL),(3,53,64,3,3,NULL,NULL),(3,53,65,3,3,NULL,NULL),(3,53,66,3,3,NULL,NULL),(3,53,67,3,3,NULL,NULL),(3,53,68,3,3,NULL,NULL),(3,53,69,3,3,NULL,NULL),(3,53,70,3,3,NULL,NULL),(3,53,71,3,3,NULL,NULL),(3,53,72,3,3,NULL,NULL),(3,53,73,3,3,NULL,NULL),(3,53,74,3,3,NULL,NULL),(3,53,75,3,3,NULL,NULL),(3,53,76,3,3,NULL,NULL),(3,53,77,3,3,NULL,NULL),(3,53,78,3,3,NULL,NULL),(3,53,79,3,3,NULL,NULL),(3,53,80,3,3,NULL,NULL),(3,53,81,3,3,NULL,NULL),(3,53,82,3,3,NULL,NULL),(3,53,83,3,3,NULL,NULL),(3,53,84,3,3,NULL,NULL),(3,53,85,3,3,NULL,NULL),(3,53,86,3,3,NULL,NULL),(3,53,87,3,3,NULL,NULL),(3,53,88,3,3,NULL,NULL),(3,53,89,3,3,NULL,NULL),(3,53,90,3,3,NULL,NULL),(3,53,91,3,3,NULL,NULL),(3,53,92,3,3,NULL,NULL),(3,53,93,3,3,NULL,NULL),(3,53,94,3,3,NULL,NULL),(3,53,95,3,3,NULL,NULL),(3,53,96,3,3,NULL,NULL),(3,53,97,3,3,NULL,NULL),(3,53,98,3,3,NULL,NULL),(3,53,99,3,3,NULL,NULL),(3,53,100,3,3,NULL,NULL),(3,54,51,3,3,NULL,NULL),(3,54,52,3,3,NULL,NULL),(3,54,53,3,3,NULL,NULL),(3,54,54,3,3,NULL,NULL),(3,54,55,3,3,NULL,NULL),(3,54,56,3,3,NULL,NULL),(3,54,57,3,3,NULL,NULL),(3,54,58,3,3,NULL,NULL),(3,54,59,3,3,NULL,NULL),(3,54,60,3,3,NULL,NULL),(3,54,61,3,3,NULL,NULL),(3,54,62,3,3,NULL,NULL),(3,54,63,3,3,NULL,NULL),(3,54,64,3,3,NULL,NULL),(3,54,65,3,3,NULL,NULL),(3,54,66,3,3,NULL,NULL),(3,54,67,3,3,NULL,NULL),(3,54,68,3,3,NULL,NULL),(3,54,69,3,3,NULL,NULL),(3,54,70,3,3,NULL,NULL),(3,54,71,3,3,NULL,NULL),(3,54,72,3,3,NULL,NULL),(3,54,73,3,3,NULL,NULL),(3,54,74,3,3,NULL,NULL),(3,54,75,3,3,NULL,NULL),(3,54,76,3,3,NULL,NULL),(3,54,77,3,3,NULL,NULL),(3,54,78,3,3,NULL,NULL),(3,54,79,3,3,NULL,NULL),(3,54,80,3,3,NULL,NULL),(3,54,81,3,3,NULL,NULL),(3,54,82,3,3,NULL,NULL),(3,54,83,3,3,NULL,NULL),(3,54,84,3,3,NULL,NULL),(3,54,85,3,3,NULL,NULL),(3,54,86,3,3,NULL,NULL),(3,54,87,3,3,NULL,NULL),(3,54,88,3,3,NULL,NULL),(3,54,89,3,3,NULL,NULL),(3,54,90,3,3,NULL,NULL),(3,54,91,3,3,NULL,NULL),(3,54,92,3,3,NULL,NULL),(3,54,93,3,3,NULL,NULL),(3,54,94,3,3,NULL,NULL),(3,54,95,3,3,NULL,NULL),(3,54,96,3,3,NULL,NULL),(3,54,97,3,3,NULL,NULL),(3,54,98,3,3,NULL,NULL),(3,54,99,3,3,NULL,NULL),(3,54,100,3,3,NULL,NULL),(3,55,51,3,3,NULL,NULL),(3,55,52,3,3,NULL,NULL),(3,55,53,3,3,NULL,NULL),(3,55,54,3,3,NULL,NULL),(3,55,55,3,3,NULL,NULL),(3,55,56,3,3,NULL,NULL),(3,55,57,3,3,NULL,NULL),(3,55,58,3,3,NULL,NULL),(3,55,59,3,3,NULL,NULL),(3,55,60,3,3,NULL,NULL),(3,55,61,3,3,NULL,NULL),(3,55,62,3,3,NULL,NULL),(3,55,63,3,3,NULL,NULL),(3,55,64,3,3,NULL,NULL),(3,55,65,3,3,NULL,NULL),(3,55,66,3,3,NULL,NULL),(3,55,67,3,3,NULL,NULL),(3,55,68,3,3,NULL,NULL),(3,55,69,3,3,NULL,NULL),(3,55,70,3,3,NULL,NULL),(3,55,71,3,3,NULL,NULL),(3,55,72,3,3,NULL,NULL),(3,55,73,3,3,NULL,NULL),(3,55,74,3,3,NULL,NULL),(3,55,75,3,3,NULL,NULL),(3,55,76,3,3,NULL,NULL),(3,55,77,3,3,NULL,NULL),(3,55,78,3,3,NULL,NULL),(3,55,79,3,3,NULL,NULL),(3,55,80,3,3,NULL,NULL),(3,55,81,3,3,NULL,NULL),(3,55,82,3,3,NULL,NULL),(3,55,83,3,3,NULL,NULL),(3,55,84,3,3,NULL,NULL),(3,55,85,3,3,NULL,NULL),(3,55,86,3,3,NULL,NULL),(3,55,87,3,3,NULL,NULL),(3,55,88,3,3,NULL,NULL),(3,55,89,3,3,NULL,NULL),(3,55,90,3,3,NULL,NULL),(3,55,91,3,3,NULL,NULL),(3,55,92,3,3,NULL,NULL),(3,55,93,3,3,NULL,NULL),(3,55,94,3,3,NULL,NULL),(3,55,95,3,3,NULL,NULL),(3,55,96,3,3,NULL,NULL),(3,55,97,3,3,NULL,NULL),(3,55,98,3,3,NULL,NULL),(3,55,99,3,3,NULL,NULL),(3,55,100,3,3,NULL,NULL),(3,56,51,3,3,NULL,NULL),(3,56,52,3,3,NULL,NULL),(3,56,53,3,3,NULL,NULL),(3,56,54,3,3,NULL,NULL),(3,56,55,3,3,NULL,NULL),(3,56,56,3,3,NULL,NULL),(3,56,57,3,3,NULL,NULL),(3,56,58,3,3,NULL,NULL),(3,56,59,3,3,NULL,NULL),(3,56,60,3,3,NULL,NULL),(3,56,61,3,3,NULL,NULL),(3,56,62,3,3,NULL,NULL),(3,56,63,3,3,NULL,NULL),(3,56,64,3,3,NULL,NULL),(3,56,65,3,3,NULL,NULL),(3,56,66,3,3,NULL,NULL),(3,56,67,3,3,NULL,NULL),(3,56,68,3,3,NULL,NULL),(3,56,69,3,3,NULL,NULL),(3,56,70,3,3,NULL,NULL),(3,56,71,3,3,NULL,NULL),(3,56,72,3,3,NULL,NULL),(3,56,73,3,3,NULL,NULL),(3,56,74,3,3,NULL,NULL),(3,56,75,3,3,NULL,NULL),(3,56,76,3,3,NULL,NULL),(3,56,77,3,3,NULL,NULL),(3,56,78,3,3,NULL,NULL),(3,56,79,3,3,NULL,NULL),(3,56,80,3,3,NULL,NULL),(3,56,81,3,3,NULL,NULL),(3,56,82,3,3,NULL,NULL),(3,56,83,3,3,NULL,NULL),(3,56,84,3,3,NULL,NULL),(3,56,85,3,3,NULL,NULL),(3,56,86,3,3,NULL,NULL),(3,56,87,3,3,NULL,NULL),(3,56,88,3,3,NULL,NULL),(3,56,89,3,3,NULL,NULL),(3,56,90,3,3,NULL,NULL),(3,56,91,3,3,NULL,NULL),(3,56,92,3,3,NULL,NULL),(3,56,93,3,3,NULL,NULL),(3,56,94,3,3,NULL,NULL),(3,56,95,3,3,NULL,NULL),(3,56,96,3,3,NULL,NULL),(3,56,97,3,3,NULL,NULL),(3,56,98,3,3,NULL,NULL),(3,56,99,3,3,NULL,NULL),(3,56,100,3,3,NULL,NULL),(3,57,51,3,3,NULL,NULL),(3,57,52,3,3,NULL,NULL),(3,57,53,3,3,NULL,NULL),(3,57,54,3,3,NULL,NULL),(3,57,55,3,3,NULL,NULL),(3,57,56,3,3,NULL,NULL),(3,57,57,3,3,NULL,NULL),(3,57,58,3,3,NULL,NULL),(3,57,59,3,3,NULL,NULL),(3,57,60,3,3,NULL,NULL),(3,57,61,3,3,NULL,NULL),(3,57,62,3,3,NULL,NULL),(3,57,63,3,3,NULL,NULL),(3,57,64,3,3,NULL,NULL),(3,57,65,3,3,NULL,NULL),(3,57,66,3,3,NULL,NULL),(3,57,67,3,3,NULL,NULL),(3,57,68,3,3,NULL,NULL),(3,57,69,3,3,NULL,NULL),(3,57,70,3,3,NULL,NULL),(3,57,71,3,3,NULL,NULL),(3,57,72,3,3,NULL,NULL),(3,57,73,3,3,NULL,NULL),(3,57,74,3,3,NULL,NULL),(3,57,75,3,3,NULL,NULL),(3,57,76,3,3,NULL,NULL),(3,57,77,3,3,NULL,NULL),(3,57,78,3,3,NULL,NULL),(3,57,79,3,3,NULL,NULL),(3,57,80,3,3,NULL,NULL),(3,57,81,3,3,NULL,NULL),(3,57,82,3,3,NULL,NULL),(3,57,83,3,3,NULL,NULL),(3,57,84,3,3,NULL,NULL),(3,57,85,3,3,NULL,NULL),(3,57,86,3,3,NULL,NULL),(3,57,87,3,3,NULL,NULL),(3,57,88,3,3,NULL,NULL),(3,57,89,3,3,NULL,NULL),(3,57,90,3,3,NULL,NULL),(3,57,91,3,3,NULL,NULL),(3,57,92,3,3,NULL,NULL),(3,57,93,3,3,NULL,NULL),(3,57,94,3,3,NULL,NULL),(3,57,95,3,3,NULL,NULL),(3,57,96,3,3,NULL,NULL),(3,57,97,3,3,NULL,NULL),(3,57,98,3,3,NULL,NULL),(3,57,99,3,3,NULL,NULL),(3,57,100,3,3,NULL,NULL),(3,58,51,3,3,NULL,NULL),(3,58,52,3,3,NULL,NULL),(3,58,53,3,3,NULL,NULL),(3,58,54,3,3,NULL,NULL),(3,58,55,3,3,NULL,NULL),(3,58,56,3,3,NULL,NULL),(3,58,57,3,3,NULL,NULL),(3,58,58,3,3,NULL,NULL),(3,58,59,3,3,NULL,NULL),(3,58,60,3,3,NULL,NULL),(3,58,61,3,3,NULL,NULL),(3,58,62,3,3,NULL,NULL),(3,58,63,3,3,NULL,NULL),(3,58,64,3,3,NULL,NULL),(3,58,65,3,3,NULL,NULL),(3,58,66,3,3,NULL,NULL),(3,58,67,3,3,NULL,NULL),(3,58,68,3,3,NULL,NULL),(3,58,69,3,3,NULL,NULL),(3,58,70,3,3,NULL,NULL),(3,58,71,3,3,NULL,NULL),(3,58,72,3,3,NULL,NULL),(3,58,73,3,3,NULL,NULL),(3,58,74,3,3,NULL,NULL),(3,58,75,3,3,NULL,NULL),(3,58,76,3,3,NULL,NULL),(3,58,77,3,3,NULL,NULL),(3,58,78,3,3,NULL,NULL),(3,58,79,3,3,NULL,NULL),(3,58,80,3,3,NULL,NULL),(3,58,81,3,3,NULL,NULL),(3,58,82,3,3,NULL,NULL),(3,58,83,3,3,NULL,NULL),(3,58,84,3,3,NULL,NULL),(3,58,85,3,3,NULL,NULL),(3,58,86,3,3,NULL,NULL),(3,58,87,3,3,NULL,NULL),(3,58,88,3,3,NULL,NULL),(3,58,89,3,3,NULL,NULL),(3,58,90,3,3,NULL,NULL),(3,58,91,3,3,NULL,NULL),(3,58,92,3,3,NULL,NULL),(3,58,93,3,3,NULL,NULL),(3,58,94,3,3,NULL,NULL),(3,58,95,3,3,NULL,NULL),(3,58,96,3,3,NULL,NULL),(3,58,97,3,3,NULL,NULL),(3,58,98,3,3,NULL,NULL),(3,58,99,3,3,NULL,NULL),(3,58,100,3,3,NULL,NULL),(3,59,51,3,3,NULL,NULL),(3,59,52,3,3,NULL,NULL),(3,59,53,3,3,NULL,NULL),(3,59,54,3,3,NULL,NULL),(3,59,55,3,3,NULL,NULL),(3,59,56,3,3,NULL,NULL),(3,59,57,3,3,NULL,NULL),(3,59,58,3,3,NULL,NULL),(3,59,59,3,3,NULL,NULL),(3,59,60,3,3,NULL,NULL),(3,59,61,3,3,NULL,NULL),(3,59,62,3,3,NULL,NULL),(3,59,63,3,3,NULL,NULL),(3,59,64,3,3,NULL,NULL),(3,59,65,3,3,NULL,NULL),(3,59,66,3,3,NULL,NULL),(3,59,67,3,3,NULL,NULL),(3,59,68,3,3,NULL,NULL),(3,59,69,3,3,NULL,NULL),(3,59,70,3,3,NULL,NULL),(3,59,71,3,3,NULL,NULL),(3,59,72,3,3,NULL,NULL),(3,59,73,3,3,NULL,NULL),(3,59,74,3,3,NULL,NULL),(3,59,75,3,3,NULL,NULL),(3,59,76,3,3,NULL,NULL),(3,59,77,3,3,NULL,NULL),(3,59,78,3,3,NULL,NULL),(3,59,79,3,3,NULL,NULL),(3,59,80,3,3,NULL,NULL),(3,59,81,3,3,NULL,NULL),(3,59,82,3,3,NULL,NULL),(3,59,83,3,3,NULL,NULL),(3,59,84,3,3,NULL,NULL),(3,59,85,3,3,NULL,NULL),(3,59,86,3,3,NULL,NULL),(3,59,87,3,3,NULL,NULL),(3,59,88,3,3,NULL,NULL),(3,59,89,3,3,NULL,NULL),(3,59,90,3,3,NULL,NULL),(3,59,91,3,3,NULL,NULL),(3,59,92,3,3,NULL,NULL),(3,59,93,3,3,NULL,NULL),(3,59,94,3,3,NULL,NULL),(3,59,95,3,3,NULL,NULL),(3,59,96,3,3,NULL,NULL),(3,59,97,3,3,NULL,NULL),(3,59,98,3,3,NULL,NULL),(3,59,99,3,3,NULL,NULL),(3,59,100,3,3,NULL,NULL),(3,60,51,3,3,NULL,NULL),(3,60,52,3,3,NULL,NULL),(3,60,53,3,3,NULL,NULL),(3,60,54,3,3,NULL,NULL),(3,60,55,3,3,NULL,NULL),(3,60,56,3,3,NULL,NULL),(3,60,57,3,3,NULL,NULL),(3,60,58,3,3,NULL,NULL),(3,60,59,3,3,NULL,NULL),(3,60,60,3,3,NULL,NULL),(3,60,61,3,3,NULL,NULL),(3,60,62,3,3,NULL,NULL),(3,60,63,3,3,NULL,NULL),(3,60,64,3,3,NULL,NULL),(3,60,65,3,3,NULL,NULL),(3,60,66,3,3,NULL,NULL),(3,60,67,3,3,NULL,NULL),(3,60,68,3,3,NULL,NULL),(3,60,69,3,3,NULL,NULL),(3,60,70,3,3,NULL,NULL),(3,60,71,3,3,NULL,NULL),(3,60,72,3,3,NULL,NULL),(3,60,73,3,3,NULL,NULL),(3,60,74,3,3,NULL,NULL),(3,60,75,3,3,NULL,NULL),(3,60,76,3,3,NULL,NULL),(3,60,77,3,3,NULL,NULL),(3,60,78,3,3,NULL,NULL),(3,60,79,3,3,NULL,NULL),(3,60,80,3,3,NULL,NULL),(3,60,81,3,3,NULL,NULL),(3,60,82,3,3,NULL,NULL),(3,60,83,3,3,NULL,NULL),(3,60,84,3,3,NULL,NULL),(3,60,85,3,3,NULL,NULL),(3,60,86,3,3,NULL,NULL),(3,60,87,3,3,NULL,NULL),(3,60,88,3,3,NULL,NULL),(3,60,89,3,3,NULL,NULL),(3,60,90,3,3,NULL,NULL),(3,60,91,3,3,NULL,NULL),(3,60,92,3,3,NULL,NULL),(3,60,93,3,3,NULL,NULL),(3,60,94,3,3,NULL,NULL),(3,60,95,3,3,NULL,NULL),(3,60,96,3,3,NULL,NULL),(3,60,97,3,3,NULL,NULL),(3,60,98,3,3,NULL,NULL),(3,60,99,3,3,NULL,NULL),(3,60,100,3,3,NULL,NULL),(3,61,51,3,3,NULL,NULL),(3,61,52,3,3,NULL,NULL),(3,61,53,3,3,NULL,NULL),(3,61,54,3,3,NULL,NULL),(3,61,55,3,3,NULL,NULL),(3,61,56,3,3,NULL,NULL),(3,61,57,3,3,NULL,NULL),(3,61,58,3,3,NULL,NULL),(3,61,59,3,3,NULL,NULL),(3,61,60,3,3,NULL,NULL),(3,61,61,3,3,NULL,NULL),(3,61,62,3,3,NULL,NULL),(3,61,63,3,3,NULL,NULL),(3,61,64,3,3,NULL,NULL),(3,61,65,3,3,NULL,NULL),(3,61,66,3,3,NULL,NULL),(3,61,67,3,3,NULL,NULL),(3,61,68,3,3,NULL,NULL),(3,61,69,3,3,NULL,NULL),(3,61,70,3,3,NULL,NULL),(3,61,71,3,3,NULL,NULL),(3,61,72,3,3,NULL,NULL),(3,61,73,3,3,NULL,NULL),(3,61,74,3,3,NULL,NULL),(3,61,75,3,3,NULL,NULL),(3,61,76,3,3,NULL,NULL),(3,61,77,3,3,NULL,NULL),(3,61,78,3,3,NULL,NULL),(3,61,79,3,3,NULL,NULL),(3,61,80,3,3,NULL,NULL),(3,61,81,3,3,NULL,NULL),(3,61,82,3,3,NULL,NULL),(3,61,83,3,3,NULL,NULL),(3,61,84,3,3,NULL,NULL),(3,61,85,3,3,NULL,NULL),(3,61,86,3,3,NULL,NULL),(3,61,87,3,3,NULL,NULL),(3,61,88,3,3,NULL,NULL),(3,61,89,3,3,NULL,NULL),(3,61,90,3,3,NULL,NULL),(3,61,91,3,3,NULL,NULL),(3,61,92,3,3,NULL,NULL),(3,61,93,3,3,NULL,NULL),(3,61,94,3,3,NULL,NULL),(3,61,95,3,3,NULL,NULL),(3,61,96,3,3,NULL,NULL),(3,61,97,3,3,NULL,NULL),(3,61,98,3,3,NULL,NULL),(3,61,99,3,3,NULL,NULL),(3,61,100,3,3,NULL,NULL),(3,62,51,3,3,NULL,NULL),(3,62,52,3,3,NULL,NULL),(3,62,53,3,3,NULL,NULL),(3,62,54,3,3,NULL,NULL),(3,62,55,3,3,NULL,NULL),(3,62,56,3,3,NULL,NULL),(3,62,57,3,3,NULL,NULL),(3,62,58,3,3,NULL,NULL),(3,62,59,3,3,NULL,NULL),(3,62,60,3,3,NULL,NULL),(3,62,61,3,3,NULL,NULL),(3,62,62,3,3,NULL,NULL),(3,62,63,3,3,NULL,NULL),(3,62,64,3,3,NULL,NULL),(3,62,65,3,3,NULL,NULL),(3,62,66,3,3,NULL,NULL),(3,62,67,3,3,NULL,NULL),(3,62,68,3,3,NULL,NULL),(3,62,69,3,3,NULL,NULL),(3,62,70,3,3,NULL,NULL),(3,62,71,3,3,NULL,NULL),(3,62,72,3,3,NULL,NULL),(3,62,73,3,3,NULL,NULL),(3,62,74,3,3,NULL,NULL),(3,62,75,3,3,NULL,NULL),(3,62,76,3,3,NULL,NULL),(3,62,77,3,3,NULL,NULL),(3,62,78,3,3,NULL,NULL),(3,62,79,3,3,NULL,NULL),(3,62,80,3,3,NULL,NULL),(3,62,81,3,3,NULL,NULL),(3,62,82,3,3,NULL,NULL),(3,62,83,3,3,NULL,NULL),(3,62,84,3,3,NULL,NULL),(3,62,85,3,3,NULL,NULL),(3,62,86,3,3,NULL,NULL),(3,62,87,3,3,NULL,NULL),(3,62,88,3,3,NULL,NULL),(3,62,89,3,3,NULL,NULL),(3,62,90,3,3,NULL,NULL),(3,62,91,3,3,NULL,NULL),(3,62,92,3,3,NULL,NULL),(3,62,93,3,3,NULL,NULL),(3,62,94,3,3,NULL,NULL),(3,62,95,3,3,NULL,NULL),(3,62,96,3,3,NULL,NULL),(3,62,97,3,3,NULL,NULL),(3,62,98,3,3,NULL,NULL),(3,62,99,3,3,NULL,NULL),(3,62,100,3,3,NULL,NULL),(3,63,51,3,3,NULL,NULL),(3,63,52,3,3,NULL,NULL),(3,63,53,3,3,NULL,NULL),(3,63,54,3,3,NULL,NULL),(3,63,55,3,3,NULL,NULL),(3,63,56,3,3,NULL,NULL),(3,63,57,3,3,NULL,NULL),(3,63,58,3,3,NULL,NULL),(3,63,59,3,3,NULL,NULL),(3,63,60,3,3,NULL,NULL),(3,63,61,3,3,NULL,NULL),(3,63,62,3,3,NULL,NULL),(3,63,63,3,3,NULL,NULL),(3,63,64,3,3,NULL,NULL),(3,63,65,3,3,NULL,NULL),(3,63,66,3,3,NULL,NULL),(3,63,67,3,3,NULL,NULL),(3,63,68,3,3,NULL,NULL),(3,63,69,3,3,NULL,NULL),(3,63,70,3,3,NULL,NULL),(3,63,71,3,3,NULL,NULL),(3,63,72,3,3,NULL,NULL),(3,63,73,3,3,NULL,NULL),(3,63,74,3,3,NULL,NULL),(3,63,75,3,3,NULL,NULL),(3,63,76,3,3,NULL,NULL),(3,63,77,3,3,NULL,NULL),(3,63,78,3,3,NULL,NULL),(3,63,79,3,3,NULL,NULL),(3,63,80,3,3,NULL,NULL),(3,63,81,3,3,NULL,NULL),(3,63,82,3,3,NULL,NULL),(3,63,83,3,3,NULL,NULL),(3,63,84,3,3,NULL,NULL),(3,63,85,3,3,NULL,NULL),(3,63,86,3,3,NULL,NULL),(3,63,87,3,3,NULL,NULL),(3,63,88,3,3,NULL,NULL),(3,63,89,3,3,NULL,NULL),(3,63,90,3,3,NULL,NULL),(3,63,91,3,3,NULL,NULL),(3,63,92,3,3,NULL,NULL),(3,63,93,3,3,NULL,NULL),(3,63,94,3,3,NULL,NULL),(3,63,95,3,3,NULL,NULL),(3,63,96,3,3,NULL,NULL),(3,63,97,3,3,NULL,NULL),(3,63,98,3,3,NULL,NULL),(3,63,99,3,3,NULL,NULL),(3,63,100,3,3,NULL,NULL),(3,64,51,3,3,NULL,NULL),(3,64,52,3,3,NULL,NULL),(3,64,53,3,3,NULL,NULL),(3,64,54,3,3,NULL,NULL),(3,64,55,3,3,NULL,NULL),(3,64,56,3,3,NULL,NULL),(3,64,57,3,3,NULL,NULL),(3,64,58,3,3,NULL,NULL),(3,64,59,3,3,NULL,NULL),(3,64,60,3,3,NULL,NULL),(3,64,61,3,3,NULL,NULL),(3,64,62,3,3,NULL,NULL),(3,64,63,3,3,NULL,NULL),(3,64,64,3,3,NULL,NULL),(3,64,65,3,3,NULL,NULL),(3,64,66,3,3,NULL,NULL),(3,64,67,3,3,NULL,NULL),(3,64,68,3,3,NULL,NULL),(3,64,69,3,3,NULL,NULL),(3,64,70,3,3,NULL,NULL),(3,64,71,3,3,NULL,NULL),(3,64,72,3,3,NULL,NULL),(3,64,73,3,3,NULL,NULL),(3,64,74,3,3,NULL,NULL),(3,64,75,3,3,NULL,NULL),(3,64,76,3,3,NULL,NULL),(3,64,77,3,3,NULL,NULL),(3,64,78,3,3,NULL,NULL),(3,64,79,3,3,NULL,NULL),(3,64,80,3,3,NULL,NULL),(3,64,81,3,3,NULL,NULL),(3,64,82,3,3,NULL,NULL),(3,64,83,3,3,NULL,NULL),(3,64,84,3,3,NULL,NULL),(3,64,85,3,3,NULL,NULL),(3,64,86,3,3,NULL,NULL),(3,64,87,3,3,NULL,NULL),(3,64,88,3,3,NULL,NULL),(3,64,89,3,3,NULL,NULL),(3,64,90,3,3,NULL,NULL),(3,64,91,3,3,NULL,NULL),(3,64,92,3,3,NULL,NULL),(3,64,93,3,3,NULL,NULL),(3,64,94,3,3,NULL,NULL),(3,64,95,3,3,NULL,NULL),(3,64,96,3,3,NULL,NULL),(3,64,97,3,3,NULL,NULL),(3,64,98,3,3,NULL,NULL),(3,64,99,3,3,NULL,NULL),(3,64,100,3,3,NULL,NULL),(3,65,51,3,3,NULL,NULL),(3,65,52,3,3,NULL,NULL),(3,65,53,3,3,NULL,NULL),(3,65,54,3,3,NULL,NULL),(3,65,55,3,3,NULL,NULL),(3,65,56,3,3,NULL,NULL),(3,65,57,3,3,NULL,NULL),(3,65,58,3,3,NULL,NULL),(3,65,59,3,3,NULL,NULL),(3,65,60,3,3,NULL,NULL),(3,65,61,3,3,NULL,NULL),(3,65,62,3,3,NULL,NULL),(3,65,63,3,3,NULL,NULL),(3,65,64,3,3,NULL,NULL),(3,65,65,3,3,NULL,NULL),(3,65,66,3,3,NULL,NULL),(3,65,67,3,3,NULL,NULL),(3,65,68,3,3,NULL,NULL),(3,65,69,3,3,NULL,NULL),(3,65,70,3,3,NULL,NULL),(3,65,71,3,3,NULL,NULL),(3,65,72,3,3,NULL,NULL),(3,65,73,3,3,NULL,NULL),(3,65,74,3,3,NULL,NULL),(3,65,75,3,3,NULL,NULL),(3,65,76,3,3,NULL,NULL),(3,65,77,3,3,NULL,NULL),(3,65,78,3,3,NULL,NULL),(3,65,79,3,3,NULL,NULL),(3,65,80,3,3,NULL,NULL),(3,65,81,3,3,NULL,NULL),(3,65,82,3,3,NULL,NULL),(3,65,83,3,3,NULL,NULL),(3,65,84,3,3,NULL,NULL),(3,65,85,3,3,NULL,NULL),(3,65,86,3,3,NULL,NULL),(3,65,87,3,3,NULL,NULL),(3,65,88,3,3,NULL,NULL),(3,65,89,3,3,NULL,NULL),(3,65,90,3,3,NULL,NULL),(3,65,91,3,3,NULL,NULL),(3,65,92,3,3,NULL,NULL),(3,65,93,3,3,NULL,NULL),(3,65,94,3,3,NULL,NULL),(3,65,95,3,3,NULL,NULL),(3,65,96,3,3,NULL,NULL),(3,65,97,3,3,NULL,NULL),(3,65,98,3,3,NULL,NULL),(3,65,99,3,3,NULL,NULL),(3,65,100,3,3,NULL,NULL),(3,66,51,3,3,NULL,NULL),(3,66,52,3,3,NULL,NULL),(3,66,53,3,3,NULL,NULL),(3,66,54,3,3,NULL,NULL),(3,66,55,3,3,NULL,NULL),(3,66,56,3,3,NULL,NULL),(3,66,57,3,3,NULL,NULL),(3,66,58,3,3,NULL,NULL),(3,66,59,3,3,NULL,NULL),(3,66,60,3,3,NULL,NULL),(3,66,61,3,3,NULL,NULL),(3,66,62,3,3,NULL,NULL),(3,66,63,3,3,NULL,NULL),(3,66,64,3,3,NULL,NULL),(3,66,65,3,3,NULL,NULL),(3,66,66,3,3,NULL,NULL),(3,66,67,3,3,NULL,NULL),(3,66,68,3,3,NULL,NULL),(3,66,69,3,3,NULL,NULL),(3,66,70,3,3,NULL,NULL),(3,66,71,3,3,NULL,NULL),(3,66,72,3,3,NULL,NULL),(3,66,73,3,3,NULL,NULL),(3,66,74,3,3,NULL,NULL),(3,66,75,3,3,NULL,NULL),(3,66,76,3,3,NULL,NULL),(3,66,77,3,3,NULL,NULL),(3,66,78,3,3,NULL,NULL),(3,66,79,3,3,NULL,NULL),(3,66,80,3,3,NULL,NULL),(3,66,81,3,3,NULL,NULL),(3,66,82,3,3,NULL,NULL),(3,66,83,3,3,NULL,NULL),(3,66,84,3,3,NULL,NULL),(3,66,85,3,3,NULL,NULL),(3,66,86,3,3,NULL,NULL),(3,66,87,3,3,NULL,NULL),(3,66,88,3,3,NULL,NULL),(3,66,89,3,3,NULL,NULL),(3,66,90,3,3,NULL,NULL),(3,66,91,3,3,NULL,NULL),(3,66,92,3,3,NULL,NULL),(3,66,93,3,3,NULL,NULL),(3,66,94,3,3,NULL,NULL),(3,66,95,3,3,NULL,NULL),(3,66,96,3,3,NULL,NULL),(3,66,97,3,3,NULL,NULL),(3,66,98,3,3,NULL,NULL),(3,66,99,3,3,NULL,NULL),(3,66,100,3,3,NULL,NULL),(3,67,51,3,3,NULL,NULL),(3,67,52,3,3,NULL,NULL),(3,67,53,3,3,NULL,NULL),(3,67,54,3,3,NULL,NULL),(3,67,55,3,3,NULL,NULL),(3,67,56,3,3,NULL,NULL),(3,67,57,3,3,NULL,NULL),(3,67,58,3,3,NULL,NULL),(3,67,59,3,3,NULL,NULL),(3,67,60,3,3,NULL,NULL),(3,67,61,3,3,NULL,NULL),(3,67,62,3,3,NULL,NULL),(3,67,63,3,3,NULL,NULL),(3,67,64,3,3,NULL,NULL),(3,67,65,3,3,NULL,NULL),(3,67,66,3,3,NULL,NULL),(3,67,67,3,3,NULL,NULL),(3,67,68,3,3,NULL,NULL),(3,67,69,3,3,NULL,NULL),(3,67,70,3,3,NULL,NULL),(3,67,71,3,3,NULL,NULL),(3,67,72,3,3,NULL,NULL),(3,67,73,3,3,NULL,NULL),(3,67,74,3,3,NULL,NULL),(3,67,75,3,3,NULL,NULL),(3,67,76,3,3,NULL,NULL),(3,67,77,3,3,NULL,NULL),(3,67,78,3,3,NULL,NULL),(3,67,79,3,3,NULL,NULL),(3,67,80,3,3,NULL,NULL),(3,67,81,3,3,NULL,NULL),(3,67,82,3,3,NULL,NULL),(3,67,83,3,3,NULL,NULL),(3,67,84,3,3,NULL,NULL),(3,67,85,3,3,NULL,NULL),(3,67,86,3,3,NULL,NULL),(3,67,87,3,3,NULL,NULL),(3,67,88,3,3,NULL,NULL),(3,67,89,3,3,NULL,NULL),(3,67,90,3,3,NULL,NULL),(3,67,91,3,3,NULL,NULL),(3,67,92,3,3,NULL,NULL),(3,67,93,3,3,NULL,NULL),(3,67,94,3,3,NULL,NULL),(3,67,95,3,3,NULL,NULL),(3,67,96,3,3,NULL,NULL),(3,67,97,3,3,NULL,NULL),(3,67,98,3,3,NULL,NULL),(3,67,99,3,3,NULL,NULL),(3,67,100,3,3,NULL,NULL),(3,68,51,3,3,NULL,NULL),(3,68,52,3,3,NULL,NULL),(3,68,53,3,3,NULL,NULL),(3,68,54,3,3,NULL,NULL),(3,68,55,3,3,NULL,NULL),(3,68,56,3,3,NULL,NULL),(3,68,57,3,3,NULL,NULL),(3,68,58,3,3,NULL,NULL),(3,68,59,3,3,NULL,NULL),(3,68,60,3,3,NULL,NULL),(3,68,61,3,3,NULL,NULL),(3,68,62,3,3,NULL,NULL),(3,68,63,3,3,NULL,NULL),(3,68,64,3,3,NULL,NULL),(3,68,65,3,3,NULL,NULL),(3,68,66,3,3,NULL,NULL),(3,68,67,3,3,NULL,NULL),(3,68,68,3,3,NULL,NULL),(3,68,69,3,3,NULL,NULL),(3,68,70,3,3,NULL,NULL),(3,68,71,3,3,NULL,NULL),(3,68,72,3,3,NULL,NULL),(3,68,73,3,3,NULL,NULL),(3,68,74,3,3,NULL,NULL),(3,68,75,3,3,NULL,NULL),(3,68,76,3,3,NULL,NULL),(3,68,77,3,3,NULL,NULL),(3,68,78,3,3,NULL,NULL),(3,68,79,3,3,NULL,NULL),(3,68,80,3,3,NULL,NULL),(3,68,81,3,3,NULL,NULL),(3,68,82,3,3,NULL,NULL),(3,68,83,3,3,NULL,NULL),(3,68,84,3,3,NULL,NULL),(3,68,85,3,3,NULL,NULL),(3,68,86,3,3,NULL,NULL),(3,68,87,3,3,NULL,NULL),(3,68,88,3,3,NULL,NULL),(3,68,89,3,3,NULL,NULL),(3,68,90,3,3,NULL,NULL),(3,68,91,3,3,NULL,NULL),(3,68,92,3,3,NULL,NULL),(3,68,93,3,3,NULL,NULL),(3,68,94,3,3,NULL,NULL),(3,68,95,3,3,NULL,NULL),(3,68,96,3,3,NULL,NULL),(3,68,97,3,3,NULL,NULL),(3,68,98,3,3,NULL,NULL),(3,68,99,3,3,NULL,NULL),(3,68,100,3,3,NULL,NULL),(3,69,51,3,3,NULL,NULL),(3,69,52,3,3,NULL,NULL),(3,69,53,3,3,NULL,NULL),(3,69,54,3,3,NULL,NULL),(3,69,55,3,3,NULL,NULL),(3,69,56,3,3,NULL,NULL),(3,69,57,3,3,NULL,NULL),(3,69,58,3,3,NULL,NULL),(3,69,59,3,3,NULL,NULL),(3,69,60,3,3,NULL,NULL),(3,69,61,3,3,NULL,NULL),(3,69,62,3,3,NULL,NULL),(3,69,63,3,3,NULL,NULL),(3,69,64,3,3,NULL,NULL),(3,69,65,3,3,NULL,NULL),(3,69,66,3,3,NULL,NULL),(3,69,67,3,3,NULL,NULL),(3,69,68,3,3,NULL,NULL),(3,69,69,3,3,NULL,NULL),(3,69,70,3,3,NULL,NULL),(3,69,71,3,3,NULL,NULL),(3,69,72,3,3,NULL,NULL),(3,69,73,3,3,NULL,NULL),(3,69,74,3,3,NULL,NULL),(3,69,75,3,3,NULL,NULL),(3,69,76,3,3,NULL,NULL),(3,69,77,3,3,NULL,NULL),(3,69,78,3,3,NULL,NULL),(3,69,79,3,3,NULL,NULL),(3,69,80,3,3,NULL,NULL),(3,69,81,3,3,NULL,NULL),(3,69,82,3,3,NULL,NULL),(3,69,83,3,3,NULL,NULL),(3,69,84,3,3,NULL,NULL),(3,69,85,3,3,NULL,NULL),(3,69,86,3,3,NULL,NULL),(3,69,87,3,3,NULL,NULL),(3,69,88,3,3,NULL,NULL),(3,69,89,3,3,NULL,NULL),(3,69,90,3,3,NULL,NULL),(3,69,91,3,3,NULL,NULL),(3,69,92,3,3,NULL,NULL),(3,69,93,3,3,NULL,NULL),(3,69,94,3,3,NULL,NULL),(3,69,95,3,3,NULL,NULL),(3,69,96,3,3,NULL,NULL),(3,69,97,3,3,NULL,NULL),(3,69,98,3,3,NULL,NULL),(3,69,99,3,3,NULL,NULL),(3,69,100,3,3,NULL,NULL),(3,70,51,3,3,NULL,NULL),(3,70,52,3,3,NULL,NULL),(3,70,53,3,3,NULL,NULL),(3,70,54,3,3,NULL,NULL),(3,70,55,3,3,NULL,NULL),(3,70,56,3,3,NULL,NULL),(3,70,57,3,3,NULL,NULL),(3,70,58,3,3,NULL,NULL),(3,70,59,3,3,NULL,NULL),(3,70,60,3,3,NULL,NULL),(3,70,61,3,3,NULL,NULL),(3,70,62,3,3,NULL,NULL),(3,70,63,3,3,NULL,NULL),(3,70,64,3,3,NULL,NULL),(3,70,65,3,3,NULL,NULL),(3,70,66,3,3,NULL,NULL),(3,70,67,3,3,NULL,NULL),(3,70,68,3,3,NULL,NULL),(3,70,69,3,3,NULL,NULL),(3,70,70,3,3,NULL,NULL),(3,70,71,3,3,NULL,NULL),(3,70,72,3,3,NULL,NULL),(3,70,73,3,3,NULL,NULL),(3,70,74,3,3,NULL,NULL),(3,70,75,3,3,NULL,NULL),(3,70,76,3,3,NULL,NULL),(3,70,77,3,3,NULL,NULL),(3,70,78,3,3,NULL,NULL),(3,70,79,3,3,NULL,NULL),(3,70,80,3,3,NULL,NULL),(3,70,81,3,3,NULL,NULL),(3,70,82,3,3,NULL,NULL),(3,70,83,3,3,NULL,NULL),(3,70,84,3,3,NULL,NULL),(3,70,85,3,3,NULL,NULL),(3,70,86,3,3,NULL,NULL),(3,70,87,3,3,NULL,NULL),(3,70,88,3,3,NULL,NULL),(3,70,89,3,3,NULL,NULL),(3,70,90,3,3,NULL,NULL),(3,70,91,3,3,NULL,NULL),(3,70,92,3,3,NULL,NULL),(3,70,93,3,3,NULL,NULL),(3,70,94,3,3,NULL,NULL),(3,70,95,3,3,NULL,NULL),(3,70,96,3,3,NULL,NULL),(3,70,97,3,3,NULL,NULL),(3,70,98,3,3,NULL,NULL),(3,70,99,3,3,NULL,NULL),(3,70,100,3,3,NULL,NULL),(3,71,51,3,3,NULL,NULL),(3,71,52,3,3,NULL,NULL),(3,71,53,3,3,NULL,NULL),(3,71,54,3,3,NULL,NULL),(3,71,55,3,3,NULL,NULL),(3,71,56,3,3,NULL,NULL),(3,71,57,3,3,NULL,NULL),(3,71,58,3,3,NULL,NULL),(3,71,59,3,3,NULL,NULL),(3,71,60,3,3,NULL,NULL),(3,71,61,3,3,NULL,NULL),(3,71,62,3,3,NULL,NULL),(3,71,63,3,3,NULL,NULL),(3,71,64,3,3,NULL,NULL),(3,71,65,3,3,NULL,NULL),(3,71,66,3,3,NULL,NULL),(3,71,67,3,3,NULL,NULL),(3,71,68,3,3,NULL,NULL),(3,71,69,3,3,NULL,NULL),(3,71,70,3,3,NULL,NULL),(3,71,71,3,3,NULL,NULL),(3,71,72,3,3,NULL,NULL),(3,71,73,3,3,NULL,NULL),(3,71,74,3,3,NULL,NULL),(3,71,75,3,3,NULL,NULL),(3,71,76,3,3,NULL,NULL),(3,71,77,3,3,NULL,NULL),(3,71,78,3,3,NULL,NULL),(3,71,79,3,3,NULL,NULL),(3,71,80,3,3,NULL,NULL),(3,71,81,3,3,NULL,NULL),(3,71,82,3,3,NULL,NULL),(3,71,83,3,3,NULL,NULL),(3,71,84,3,3,NULL,NULL),(3,71,85,3,3,NULL,NULL),(3,71,86,3,3,NULL,NULL),(3,71,87,3,3,NULL,NULL),(3,71,88,3,3,NULL,NULL),(3,71,89,3,3,NULL,NULL),(3,71,90,3,3,NULL,NULL),(3,71,91,3,3,NULL,NULL),(3,71,92,3,3,NULL,NULL),(3,71,93,3,3,NULL,NULL),(3,71,94,3,3,NULL,NULL),(3,71,95,3,3,NULL,NULL),(3,71,96,3,3,NULL,NULL),(3,71,97,3,3,NULL,NULL),(3,71,98,3,3,NULL,NULL),(3,71,99,3,3,NULL,NULL),(3,71,100,3,3,NULL,NULL),(3,72,51,3,3,NULL,NULL),(3,72,52,3,3,NULL,NULL),(3,72,53,3,3,NULL,NULL),(3,72,54,3,3,NULL,NULL),(3,72,55,3,3,NULL,NULL),(3,72,56,3,3,NULL,NULL),(3,72,57,3,3,NULL,NULL),(3,72,58,3,3,NULL,NULL),(3,72,59,3,3,NULL,NULL),(3,72,60,3,3,NULL,NULL),(3,72,61,3,3,NULL,NULL),(3,72,62,3,3,NULL,NULL),(3,72,63,3,3,NULL,NULL),(3,72,64,3,3,NULL,NULL),(3,72,65,3,3,NULL,NULL),(3,72,66,3,3,NULL,NULL),(3,72,67,3,3,NULL,NULL),(3,72,68,3,3,NULL,NULL),(3,72,69,3,3,NULL,NULL),(3,72,70,3,3,NULL,NULL),(3,72,71,3,3,NULL,NULL),(3,72,72,3,3,NULL,NULL),(3,72,73,3,3,NULL,NULL),(3,72,74,3,3,NULL,NULL),(3,72,75,3,3,NULL,NULL),(3,72,76,3,3,NULL,NULL),(3,72,77,3,3,NULL,NULL),(3,72,78,3,3,NULL,NULL),(3,72,79,3,3,NULL,NULL),(3,72,80,3,3,NULL,NULL),(3,72,81,3,3,NULL,NULL),(3,72,82,3,3,NULL,NULL),(3,72,83,3,3,NULL,NULL),(3,72,84,3,3,NULL,NULL),(3,72,85,3,3,NULL,NULL),(3,72,86,3,3,NULL,NULL),(3,72,87,3,3,NULL,NULL),(3,72,88,3,3,NULL,NULL),(3,72,89,3,3,NULL,NULL),(3,72,90,3,3,NULL,NULL),(3,72,91,3,3,NULL,NULL),(3,72,92,3,3,NULL,NULL),(3,72,93,3,3,NULL,NULL),(3,72,94,3,3,NULL,NULL),(3,72,95,3,3,NULL,NULL),(3,72,96,3,3,NULL,NULL),(3,72,97,3,3,NULL,NULL),(3,72,98,3,3,NULL,NULL),(3,72,99,3,3,NULL,NULL),(3,72,100,3,3,NULL,NULL),(3,73,51,3,3,NULL,NULL),(3,73,52,3,3,NULL,NULL),(3,73,53,3,3,NULL,NULL),(3,73,54,3,3,NULL,NULL),(3,73,55,3,3,NULL,NULL),(3,73,56,3,3,NULL,NULL),(3,73,57,3,3,NULL,NULL),(3,73,58,3,3,NULL,NULL),(3,73,59,3,3,NULL,NULL),(3,73,60,3,3,NULL,NULL),(3,73,61,3,3,NULL,NULL),(3,73,62,3,3,NULL,NULL),(3,73,63,3,3,NULL,NULL),(3,73,64,3,3,NULL,NULL),(3,73,65,3,3,NULL,NULL),(3,73,66,3,3,NULL,NULL),(3,73,67,3,3,NULL,NULL),(3,73,68,3,3,NULL,NULL),(3,73,69,3,3,NULL,NULL),(3,73,70,3,3,NULL,NULL),(3,73,71,3,3,NULL,NULL),(3,73,72,3,3,NULL,NULL),(3,73,73,3,3,NULL,NULL),(3,73,74,3,3,NULL,NULL),(3,73,75,3,3,NULL,NULL),(3,73,76,3,3,NULL,NULL),(3,73,77,3,3,NULL,NULL),(3,73,78,3,3,NULL,NULL),(3,73,79,3,3,NULL,NULL),(3,73,80,3,3,NULL,NULL),(3,73,81,3,3,NULL,NULL),(3,73,82,3,3,NULL,NULL),(3,73,83,3,3,NULL,NULL),(3,73,84,3,3,NULL,NULL),(3,73,85,3,3,NULL,NULL),(3,73,86,3,3,NULL,NULL),(3,73,87,3,3,NULL,NULL),(3,73,88,3,3,NULL,NULL),(3,73,89,3,3,NULL,NULL),(3,73,90,3,3,NULL,NULL),(3,73,91,3,3,NULL,NULL),(3,73,92,3,3,NULL,NULL),(3,73,93,3,3,NULL,NULL),(3,73,94,3,3,NULL,NULL),(3,73,95,3,3,NULL,NULL),(3,73,96,3,3,NULL,NULL),(3,73,97,3,3,NULL,NULL),(3,73,98,3,3,NULL,NULL),(3,73,99,3,3,NULL,NULL),(3,73,100,3,3,NULL,NULL),(3,74,51,3,3,NULL,NULL),(3,74,52,3,3,NULL,NULL),(3,74,53,3,3,NULL,NULL),(3,74,54,3,3,NULL,NULL),(3,74,55,3,3,NULL,NULL),(3,74,56,3,3,NULL,NULL),(3,74,57,3,3,NULL,NULL),(3,74,58,3,3,NULL,NULL),(3,74,59,3,3,NULL,NULL),(3,74,60,3,3,NULL,NULL),(3,74,61,3,3,NULL,NULL),(3,74,62,3,3,NULL,NULL),(3,74,63,3,3,NULL,NULL),(3,74,64,3,3,NULL,NULL),(3,74,65,3,3,NULL,NULL),(3,74,66,3,3,NULL,NULL),(3,74,67,3,3,NULL,NULL),(3,74,68,3,3,NULL,NULL),(3,74,69,3,3,NULL,NULL),(3,74,70,3,3,NULL,NULL),(3,74,71,3,3,NULL,NULL),(3,74,72,3,3,NULL,NULL),(3,74,73,3,3,NULL,NULL),(3,74,74,3,3,NULL,NULL),(3,74,75,3,3,NULL,NULL),(3,74,76,3,3,NULL,NULL),(3,74,77,3,3,NULL,NULL),(3,74,78,3,3,NULL,NULL),(3,74,79,3,3,NULL,NULL),(3,74,80,3,3,NULL,NULL),(3,74,81,3,3,NULL,NULL),(3,74,82,3,3,NULL,NULL),(3,74,83,3,3,NULL,NULL),(3,74,84,3,3,NULL,NULL),(3,74,85,3,3,NULL,NULL),(3,74,86,3,3,NULL,NULL),(3,74,87,3,3,NULL,NULL),(3,74,88,3,3,NULL,NULL),(3,74,89,3,3,NULL,NULL),(3,74,90,3,3,NULL,NULL),(3,74,91,3,3,NULL,NULL),(3,74,92,3,3,NULL,NULL),(3,74,93,3,3,NULL,NULL),(3,74,94,3,3,NULL,NULL),(3,74,95,3,3,NULL,NULL),(3,74,96,3,3,NULL,NULL),(3,74,97,3,3,NULL,NULL),(3,74,98,3,3,NULL,NULL),(3,74,99,3,3,NULL,NULL),(3,74,100,3,3,NULL,NULL),(3,75,51,3,3,NULL,NULL),(3,75,52,3,3,NULL,NULL),(3,75,53,3,3,NULL,NULL),(3,75,54,3,3,NULL,NULL),(3,75,55,3,3,NULL,NULL),(3,75,56,3,3,NULL,NULL),(3,75,57,3,3,NULL,NULL),(3,75,58,3,3,NULL,NULL),(3,75,59,3,3,NULL,NULL),(3,75,60,3,3,NULL,NULL),(3,75,61,3,3,NULL,NULL),(3,75,62,3,3,NULL,NULL),(3,75,63,3,3,NULL,NULL),(3,75,64,3,3,NULL,NULL),(3,75,65,3,3,NULL,NULL),(3,75,66,3,3,NULL,NULL),(3,75,67,3,3,NULL,NULL),(3,75,68,3,3,NULL,NULL),(3,75,69,3,3,NULL,NULL),(3,75,70,3,3,NULL,NULL),(3,75,71,3,3,NULL,NULL),(3,75,72,3,3,NULL,NULL),(3,75,73,3,3,NULL,NULL),(3,75,74,3,3,NULL,NULL),(3,75,75,3,3,NULL,NULL),(3,75,76,3,3,NULL,NULL),(3,75,77,3,3,NULL,NULL),(3,75,78,3,3,NULL,NULL),(3,75,79,3,3,NULL,NULL),(3,75,80,3,3,NULL,NULL),(3,75,81,3,3,NULL,NULL),(3,75,82,3,3,NULL,NULL),(3,75,83,3,3,NULL,NULL),(3,75,84,3,3,NULL,NULL),(3,75,85,3,3,NULL,NULL),(3,75,86,3,3,NULL,NULL),(3,75,87,3,3,NULL,NULL),(3,75,88,3,3,NULL,NULL),(3,75,89,3,3,NULL,NULL),(3,75,90,3,3,NULL,NULL),(3,75,91,3,3,NULL,NULL),(3,75,92,3,3,NULL,NULL),(3,75,93,3,3,NULL,NULL),(3,75,94,3,3,NULL,NULL),(3,75,95,3,3,NULL,NULL),(3,75,96,3,3,NULL,NULL),(3,75,97,3,3,NULL,NULL),(3,75,98,3,3,NULL,NULL),(3,75,99,3,3,NULL,NULL),(3,75,100,3,3,NULL,NULL),(3,76,51,3,3,NULL,NULL),(3,76,52,3,3,NULL,NULL),(3,76,53,3,3,NULL,NULL),(3,76,54,3,3,NULL,NULL),(3,76,55,3,3,NULL,NULL),(3,76,56,3,3,NULL,NULL),(3,76,57,3,3,NULL,NULL),(3,76,58,3,3,NULL,NULL),(3,76,59,3,3,NULL,NULL),(3,76,60,3,3,NULL,NULL),(3,76,61,3,3,NULL,NULL),(3,76,62,3,3,NULL,NULL),(3,76,63,3,3,NULL,NULL),(3,76,64,3,3,NULL,NULL),(3,76,65,3,3,NULL,NULL),(3,76,66,3,3,NULL,NULL),(3,76,67,3,3,NULL,NULL),(3,76,68,3,3,NULL,NULL),(3,76,69,3,3,NULL,NULL),(3,76,70,3,3,NULL,NULL),(3,76,71,3,3,NULL,NULL),(3,76,72,3,3,NULL,NULL),(3,76,73,3,3,NULL,NULL),(3,76,74,3,3,NULL,NULL),(3,76,75,3,3,NULL,NULL),(3,76,76,3,3,NULL,NULL),(3,76,77,3,3,NULL,NULL),(3,76,78,3,3,NULL,NULL),(3,76,79,3,3,NULL,NULL),(3,76,80,3,3,NULL,NULL),(3,76,81,3,3,NULL,NULL),(3,76,82,3,3,NULL,NULL),(3,76,83,3,3,NULL,NULL),(3,76,84,3,3,NULL,NULL),(3,76,85,3,3,NULL,NULL),(3,76,86,3,3,NULL,NULL),(3,76,87,3,3,NULL,NULL),(3,76,88,3,3,NULL,NULL),(3,76,89,3,3,NULL,NULL),(3,76,90,3,3,NULL,NULL),(3,76,91,3,3,NULL,NULL),(3,76,92,3,3,NULL,NULL),(3,76,93,3,3,NULL,NULL),(3,76,94,3,3,NULL,NULL),(3,76,95,3,3,NULL,NULL),(3,76,96,3,3,NULL,NULL),(3,76,97,3,3,NULL,NULL),(3,76,98,3,3,NULL,NULL),(3,76,99,3,3,NULL,NULL),(3,76,100,3,3,NULL,NULL),(3,77,51,3,3,NULL,NULL),(3,77,52,3,3,NULL,NULL),(3,77,53,3,3,NULL,NULL),(3,77,54,3,3,NULL,NULL),(3,77,55,3,3,NULL,NULL),(3,77,56,3,3,NULL,NULL),(3,77,57,3,3,NULL,NULL),(3,77,58,3,3,NULL,NULL),(3,77,59,3,3,NULL,NULL),(3,77,60,3,3,NULL,NULL),(3,77,61,3,3,NULL,NULL),(3,77,62,3,3,NULL,NULL),(3,77,63,3,3,NULL,NULL),(3,77,64,3,3,NULL,NULL),(3,77,65,3,3,NULL,NULL),(3,77,66,3,3,NULL,NULL),(3,77,67,3,3,NULL,NULL),(3,77,68,3,3,NULL,NULL),(3,77,69,3,3,NULL,NULL),(3,77,70,3,3,NULL,NULL),(3,77,71,3,3,NULL,NULL),(3,77,72,3,3,NULL,NULL),(3,77,73,3,3,NULL,NULL),(3,77,74,3,3,NULL,NULL),(3,77,75,3,3,NULL,NULL),(3,77,76,3,3,NULL,NULL),(3,77,77,3,3,NULL,NULL),(3,77,78,3,3,NULL,NULL),(3,77,79,3,3,NULL,NULL),(3,77,80,3,3,NULL,NULL),(3,77,81,3,3,NULL,NULL),(3,77,82,3,3,NULL,NULL),(3,77,83,3,3,NULL,NULL),(3,77,84,3,3,NULL,NULL),(3,77,85,3,3,NULL,NULL),(3,77,86,3,3,NULL,NULL),(3,77,87,3,3,NULL,NULL),(3,77,88,3,3,NULL,NULL),(3,77,89,3,3,NULL,NULL),(3,77,90,3,3,NULL,NULL),(3,77,91,3,3,NULL,NULL),(3,77,92,3,3,NULL,NULL),(3,77,93,3,3,NULL,NULL),(3,77,94,3,3,NULL,NULL),(3,77,95,3,3,NULL,NULL),(3,77,96,3,3,NULL,NULL),(3,77,97,3,3,NULL,NULL),(3,77,98,3,3,NULL,NULL),(3,77,99,3,3,NULL,NULL),(3,77,100,3,3,NULL,NULL),(3,78,51,3,3,NULL,NULL),(3,78,52,3,3,NULL,NULL),(3,78,53,3,3,NULL,NULL),(3,78,54,3,3,NULL,NULL),(3,78,55,3,3,NULL,NULL),(3,78,56,3,3,NULL,NULL),(3,78,57,3,3,NULL,NULL),(3,78,58,3,3,NULL,NULL),(3,78,59,3,3,NULL,NULL),(3,78,60,3,3,NULL,NULL),(3,78,61,3,3,NULL,NULL),(3,78,62,3,3,NULL,NULL),(3,78,63,3,3,NULL,NULL),(3,78,64,3,3,NULL,NULL),(3,78,65,3,3,NULL,NULL),(3,78,66,3,3,NULL,NULL),(3,78,67,3,3,NULL,NULL),(3,78,68,3,3,NULL,NULL),(3,78,69,3,3,NULL,NULL),(3,78,70,3,3,NULL,NULL),(3,78,71,3,3,NULL,NULL),(3,78,72,3,3,NULL,NULL),(3,78,73,3,3,NULL,NULL),(3,78,74,3,3,NULL,NULL),(3,78,75,3,3,NULL,NULL),(3,78,76,3,3,NULL,NULL),(3,78,77,3,3,NULL,NULL),(3,78,78,3,3,NULL,NULL),(3,78,79,3,3,NULL,NULL),(3,78,80,3,3,NULL,NULL),(3,78,81,3,3,NULL,NULL),(3,78,82,3,3,NULL,NULL),(3,78,83,3,3,NULL,NULL),(3,78,84,3,3,NULL,NULL),(3,78,85,3,3,NULL,NULL),(3,78,86,3,3,NULL,NULL),(3,78,87,3,3,NULL,NULL),(3,78,88,3,3,NULL,NULL),(3,78,89,3,3,NULL,NULL),(3,78,90,3,3,NULL,NULL),(3,78,91,3,3,NULL,NULL),(3,78,92,3,3,NULL,NULL),(3,78,93,3,3,NULL,NULL),(3,78,94,3,3,NULL,NULL),(3,78,95,3,3,NULL,NULL),(3,78,96,3,3,NULL,NULL),(3,78,97,3,3,NULL,NULL),(3,78,98,3,3,NULL,NULL),(3,78,99,3,3,NULL,NULL),(3,78,100,3,3,NULL,NULL),(3,79,51,3,3,NULL,NULL),(3,79,52,3,3,NULL,NULL),(3,79,53,3,3,NULL,NULL),(3,79,54,3,3,NULL,NULL),(3,79,55,3,3,NULL,NULL),(3,79,56,3,3,NULL,NULL),(3,79,57,3,3,NULL,NULL),(3,79,58,3,3,NULL,NULL),(3,79,59,3,3,NULL,NULL),(3,79,60,3,3,NULL,NULL),(3,79,61,3,3,NULL,NULL),(3,79,62,3,3,NULL,NULL),(3,79,63,3,3,NULL,NULL),(3,79,64,3,3,NULL,NULL),(3,79,65,3,3,NULL,NULL),(3,79,66,3,3,NULL,NULL),(3,79,67,3,3,NULL,NULL),(3,79,68,3,3,NULL,NULL),(3,79,69,3,3,NULL,NULL),(3,79,70,3,3,NULL,NULL),(3,79,71,3,3,NULL,NULL),(3,79,72,3,3,NULL,NULL),(3,79,73,3,3,NULL,NULL),(3,79,74,3,3,NULL,NULL),(3,79,75,3,3,NULL,NULL),(3,79,76,3,3,NULL,NULL),(3,79,77,3,3,NULL,NULL),(3,79,78,3,3,NULL,NULL),(3,79,79,3,3,NULL,NULL),(3,79,80,3,3,NULL,NULL),(3,79,81,3,3,NULL,NULL),(3,79,82,3,3,NULL,NULL),(3,79,83,3,3,NULL,NULL),(3,79,84,3,3,NULL,NULL),(3,79,85,3,3,NULL,NULL),(3,79,86,3,3,NULL,NULL),(3,79,87,3,3,NULL,NULL),(3,79,88,3,3,NULL,NULL),(3,79,89,3,3,NULL,NULL),(3,79,90,3,3,NULL,NULL),(3,79,91,3,3,NULL,NULL),(3,79,92,3,3,NULL,NULL),(3,79,93,3,3,NULL,NULL),(3,79,94,3,3,NULL,NULL),(3,79,95,3,3,NULL,NULL),(3,79,96,3,3,NULL,NULL),(3,79,97,3,3,NULL,NULL),(3,79,98,3,3,NULL,NULL),(3,79,99,3,3,NULL,NULL),(3,79,100,3,3,NULL,NULL),(3,80,51,3,3,NULL,NULL),(3,80,52,3,3,NULL,NULL),(3,80,53,3,3,NULL,NULL),(3,80,54,3,3,NULL,NULL),(3,80,55,3,3,NULL,NULL),(3,80,56,3,3,NULL,NULL),(3,80,57,3,3,NULL,NULL),(3,80,58,3,3,NULL,NULL),(3,80,59,3,3,NULL,NULL),(3,80,60,3,3,NULL,NULL),(3,80,61,3,3,NULL,NULL),(3,80,62,3,3,NULL,NULL),(3,80,63,3,3,NULL,NULL),(3,80,64,3,3,NULL,NULL),(3,80,65,3,3,NULL,NULL),(3,80,66,3,3,NULL,NULL),(3,80,67,3,3,NULL,NULL),(3,80,68,3,3,NULL,NULL),(3,80,69,3,3,NULL,NULL),(3,80,70,3,3,NULL,NULL),(3,80,71,3,3,NULL,NULL),(3,80,72,3,3,NULL,NULL),(3,80,73,3,3,NULL,NULL),(3,80,74,3,3,NULL,NULL),(3,80,75,3,3,NULL,NULL),(3,80,76,3,3,NULL,NULL),(3,80,77,3,3,NULL,NULL),(3,80,78,3,3,NULL,NULL),(3,80,79,3,3,NULL,NULL),(3,80,80,3,3,NULL,NULL),(3,80,81,3,3,NULL,NULL),(3,80,82,3,3,NULL,NULL),(3,80,83,3,3,NULL,NULL),(3,80,84,3,3,NULL,NULL),(3,80,85,3,3,NULL,NULL),(3,80,86,3,3,NULL,NULL),(3,80,87,3,3,NULL,NULL),(3,80,88,3,3,NULL,NULL),(3,80,89,3,3,NULL,NULL),(3,80,90,3,3,NULL,NULL),(3,80,91,3,3,NULL,NULL),(3,80,92,3,3,NULL,NULL),(3,80,93,3,3,NULL,NULL),(3,80,94,3,3,NULL,NULL),(3,80,95,3,3,NULL,NULL),(3,80,96,3,3,NULL,NULL),(3,80,97,3,3,NULL,NULL),(3,80,98,3,3,NULL,NULL),(3,80,99,3,3,NULL,NULL),(3,80,100,3,3,NULL,NULL),(3,81,51,3,3,NULL,NULL),(3,81,52,3,3,NULL,NULL),(3,81,53,3,3,NULL,NULL),(3,81,54,3,3,NULL,NULL),(3,81,55,3,3,NULL,NULL),(3,81,56,3,3,NULL,NULL),(3,81,57,3,3,NULL,NULL),(3,81,58,3,3,NULL,NULL),(3,81,59,3,3,NULL,NULL),(3,81,60,3,3,NULL,NULL),(3,81,61,3,3,NULL,NULL),(3,81,62,3,3,NULL,NULL),(3,81,63,3,3,NULL,NULL),(3,81,64,3,3,NULL,NULL),(3,81,65,3,3,NULL,NULL),(3,81,66,3,3,NULL,NULL),(3,81,67,3,3,NULL,NULL),(3,81,68,3,3,NULL,NULL),(3,81,69,3,3,NULL,NULL),(3,81,70,3,3,NULL,NULL),(3,81,71,3,3,NULL,NULL),(3,81,72,3,3,NULL,NULL),(3,81,73,3,3,NULL,NULL),(3,81,74,3,3,NULL,NULL),(3,81,75,3,3,NULL,NULL),(3,81,76,3,3,NULL,NULL),(3,81,77,3,3,NULL,NULL),(3,81,78,3,3,NULL,NULL),(3,81,79,3,3,NULL,NULL),(3,81,80,3,3,NULL,NULL),(3,81,81,3,3,NULL,NULL),(3,81,82,3,3,NULL,NULL),(3,81,83,3,3,NULL,NULL),(3,81,84,3,3,NULL,NULL),(3,81,85,3,3,NULL,NULL),(3,81,86,3,3,NULL,NULL),(3,81,87,3,3,NULL,NULL),(3,81,88,3,3,NULL,NULL),(3,81,89,3,3,NULL,NULL),(3,81,90,3,3,NULL,NULL),(3,81,91,3,3,NULL,NULL),(3,81,92,3,3,NULL,NULL),(3,81,93,3,3,NULL,NULL),(3,81,94,3,3,NULL,NULL),(3,81,95,3,3,NULL,NULL),(3,81,96,3,3,NULL,NULL),(3,81,97,3,3,NULL,NULL),(3,81,98,3,3,NULL,NULL),(3,81,99,3,3,NULL,NULL),(3,81,100,3,3,NULL,NULL),(3,82,51,3,3,NULL,NULL),(3,82,52,3,3,NULL,NULL),(3,82,53,3,3,NULL,NULL),(3,82,54,3,3,NULL,NULL),(3,82,55,3,3,NULL,NULL),(3,82,56,3,3,NULL,NULL),(3,82,57,3,3,NULL,NULL),(3,82,58,3,3,NULL,NULL),(3,82,59,3,3,NULL,NULL),(3,82,60,3,3,NULL,NULL),(3,82,61,3,3,NULL,NULL),(3,82,62,3,3,NULL,NULL),(3,82,63,3,3,NULL,NULL),(3,82,64,3,3,NULL,NULL),(3,82,65,3,3,NULL,NULL),(3,82,66,3,3,NULL,NULL),(3,82,67,3,3,NULL,NULL),(3,82,68,3,3,NULL,NULL),(3,82,69,3,3,NULL,NULL),(3,82,70,3,3,NULL,NULL),(3,82,71,3,3,NULL,NULL),(3,82,72,3,3,NULL,NULL),(3,82,73,3,3,NULL,NULL),(3,82,74,3,3,NULL,NULL),(3,82,75,3,3,NULL,NULL),(3,82,76,3,3,NULL,NULL),(3,82,77,3,3,NULL,NULL),(3,82,78,3,3,NULL,NULL),(3,82,79,3,3,NULL,NULL),(3,82,80,3,3,NULL,NULL),(3,82,81,3,3,NULL,NULL),(3,82,82,3,3,NULL,NULL),(3,82,83,3,3,NULL,NULL),(3,82,84,3,3,NULL,NULL),(3,82,85,3,3,NULL,NULL),(3,82,86,3,3,NULL,NULL),(3,82,87,3,3,NULL,NULL),(3,82,88,3,3,NULL,NULL),(3,82,89,3,3,NULL,NULL),(3,82,90,3,3,NULL,NULL),(3,82,91,3,3,NULL,NULL),(3,82,92,3,3,NULL,NULL),(3,82,93,3,3,NULL,NULL),(3,82,94,3,3,NULL,NULL),(3,82,95,3,3,NULL,NULL),(3,82,96,3,3,NULL,NULL),(3,82,97,3,3,NULL,NULL),(3,82,98,3,3,NULL,NULL),(3,82,99,3,3,NULL,NULL),(3,82,100,3,3,NULL,NULL),(3,83,51,3,3,NULL,NULL),(3,83,52,3,3,NULL,NULL),(3,83,53,3,3,NULL,NULL),(3,83,54,3,3,NULL,NULL),(3,83,55,3,3,NULL,NULL),(3,83,56,3,3,NULL,NULL),(3,83,57,3,3,NULL,NULL),(3,83,58,3,3,NULL,NULL),(3,83,59,3,3,NULL,NULL),(3,83,60,3,3,NULL,NULL),(3,83,61,3,3,NULL,NULL),(3,83,62,3,3,NULL,NULL),(3,83,63,3,3,NULL,NULL),(3,83,64,3,3,NULL,NULL),(3,83,65,3,3,NULL,NULL),(3,83,66,3,3,NULL,NULL),(3,83,67,3,3,NULL,NULL),(3,83,68,3,3,NULL,NULL),(3,83,69,3,3,NULL,NULL),(3,83,70,3,3,NULL,NULL),(3,83,71,3,3,NULL,NULL),(3,83,72,3,3,NULL,NULL),(3,83,73,3,3,NULL,NULL),(3,83,74,3,3,NULL,NULL),(3,83,75,3,3,NULL,NULL),(3,83,76,3,3,NULL,NULL),(3,83,77,3,3,NULL,NULL),(3,83,78,3,3,NULL,NULL),(3,83,79,3,3,NULL,NULL),(3,83,80,3,3,NULL,NULL),(3,83,81,3,3,NULL,NULL),(3,83,82,3,3,NULL,NULL),(3,83,83,3,3,NULL,NULL),(3,83,84,3,3,NULL,NULL),(3,83,85,3,3,NULL,NULL),(3,83,86,3,3,NULL,NULL),(3,83,87,3,3,NULL,NULL),(3,83,88,3,3,NULL,NULL),(3,83,89,3,3,NULL,NULL),(3,83,90,3,3,NULL,NULL),(3,83,91,3,3,NULL,NULL),(3,83,92,3,3,NULL,NULL),(3,83,93,3,3,NULL,NULL),(3,83,94,3,3,NULL,NULL),(3,83,95,3,3,NULL,NULL),(3,83,96,3,3,NULL,NULL),(3,83,97,3,3,NULL,NULL),(3,83,98,3,3,NULL,NULL),(3,83,99,3,3,NULL,NULL),(3,83,100,3,3,NULL,NULL),(3,84,51,3,3,NULL,NULL),(3,84,52,3,3,NULL,NULL),(3,84,53,3,3,NULL,NULL),(3,84,54,3,3,NULL,NULL),(3,84,55,3,3,NULL,NULL),(3,84,56,3,3,NULL,NULL),(3,84,57,3,3,NULL,NULL),(3,84,58,3,3,NULL,NULL),(3,84,59,3,3,NULL,NULL),(3,84,60,3,3,NULL,NULL),(3,84,61,3,3,NULL,NULL),(3,84,62,3,3,NULL,NULL),(3,84,63,3,3,NULL,NULL),(3,84,64,3,3,NULL,NULL),(3,84,65,3,3,NULL,NULL),(3,84,66,3,3,NULL,NULL),(3,84,67,3,3,NULL,NULL),(3,84,68,3,3,NULL,NULL),(3,84,69,3,3,NULL,NULL),(3,84,70,3,3,NULL,NULL),(3,84,71,3,3,NULL,NULL),(3,84,72,3,3,NULL,NULL),(3,84,73,3,3,NULL,NULL),(3,84,74,3,3,NULL,NULL),(3,84,75,3,3,NULL,NULL),(3,84,76,3,3,NULL,NULL),(3,84,77,3,3,NULL,NULL),(3,84,78,3,3,NULL,NULL),(3,84,79,3,3,NULL,NULL),(3,84,80,3,3,NULL,NULL),(3,84,81,3,3,NULL,NULL),(3,84,82,3,3,NULL,NULL),(3,84,83,3,3,NULL,NULL),(3,84,84,3,3,NULL,NULL),(3,84,85,3,3,NULL,NULL),(3,84,86,3,3,NULL,NULL),(3,84,87,3,3,NULL,NULL),(3,84,88,3,3,NULL,NULL),(3,84,89,3,3,NULL,NULL),(3,84,90,3,3,NULL,NULL),(3,84,91,3,3,NULL,NULL),(3,84,92,3,3,NULL,NULL),(3,84,93,3,3,NULL,NULL),(3,84,94,3,3,NULL,NULL),(3,84,95,3,3,NULL,NULL),(3,84,96,3,3,NULL,NULL),(3,84,97,3,3,NULL,NULL),(3,84,98,3,3,NULL,NULL),(3,84,99,3,3,NULL,NULL),(3,84,100,3,3,NULL,NULL),(3,85,51,3,3,NULL,NULL),(3,85,52,3,3,NULL,NULL),(3,85,53,3,3,NULL,NULL),(3,85,54,3,3,NULL,NULL),(3,85,55,3,3,NULL,NULL),(3,85,56,3,3,NULL,NULL),(3,85,57,3,3,NULL,NULL),(3,85,58,3,3,NULL,NULL),(3,85,59,3,3,NULL,NULL),(3,85,60,3,3,NULL,NULL),(3,85,61,3,3,NULL,NULL),(3,85,62,3,3,NULL,NULL),(3,85,63,3,3,NULL,NULL),(3,85,64,3,3,NULL,NULL),(3,85,65,3,3,NULL,NULL),(3,85,66,3,3,NULL,NULL),(3,85,67,3,3,NULL,NULL),(3,85,68,3,3,NULL,NULL),(3,85,69,3,3,NULL,NULL),(3,85,70,3,3,NULL,NULL),(3,85,71,3,3,NULL,NULL),(3,85,72,3,3,NULL,NULL),(3,85,73,3,3,NULL,NULL),(3,85,74,3,3,NULL,NULL),(3,85,75,3,3,NULL,NULL),(3,85,76,3,3,NULL,NULL),(3,85,77,3,3,NULL,NULL),(3,85,78,3,3,NULL,NULL),(3,85,79,3,3,NULL,NULL),(3,85,80,3,3,NULL,NULL),(3,85,81,3,3,NULL,NULL),(3,85,82,3,3,NULL,NULL),(3,85,83,3,3,NULL,NULL),(3,85,84,3,3,NULL,NULL),(3,85,85,3,3,NULL,NULL),(3,85,86,3,3,NULL,NULL),(3,85,87,3,3,NULL,NULL),(3,85,88,3,3,NULL,NULL),(3,85,89,3,3,NULL,NULL),(3,85,90,3,3,NULL,NULL),(3,85,91,3,3,NULL,NULL),(3,85,92,3,3,NULL,NULL),(3,85,93,3,3,NULL,NULL),(3,85,94,3,3,NULL,NULL),(3,85,95,3,3,NULL,NULL),(3,85,96,3,3,NULL,NULL),(3,85,97,3,3,NULL,NULL),(3,85,98,3,3,NULL,NULL),(3,85,99,3,3,NULL,NULL),(3,85,100,3,3,NULL,NULL),(3,86,51,3,3,NULL,NULL),(3,86,52,3,3,NULL,NULL),(3,86,53,3,3,NULL,NULL),(3,86,54,3,3,NULL,NULL),(3,86,55,3,3,NULL,NULL),(3,86,56,3,3,NULL,NULL),(3,86,57,3,3,NULL,NULL),(3,86,58,3,3,NULL,NULL),(3,86,59,3,3,NULL,NULL),(3,86,60,3,3,NULL,NULL),(3,86,61,3,3,NULL,NULL),(3,86,62,3,3,NULL,NULL),(3,86,63,3,3,NULL,NULL),(3,86,64,3,3,NULL,NULL),(3,86,65,3,3,NULL,NULL),(3,86,66,3,3,NULL,NULL),(3,86,67,3,3,NULL,NULL),(3,86,68,3,3,NULL,NULL),(3,86,69,3,3,NULL,NULL),(3,86,70,3,3,NULL,NULL),(3,86,71,3,3,NULL,NULL),(3,86,72,3,3,NULL,NULL),(3,86,73,3,3,NULL,NULL),(3,86,74,3,3,NULL,NULL),(3,86,75,3,3,NULL,NULL),(3,86,76,3,3,NULL,NULL),(3,86,77,3,3,NULL,NULL),(3,86,78,3,3,NULL,NULL),(3,86,79,3,3,NULL,NULL),(3,86,80,3,3,NULL,NULL),(3,86,81,3,3,NULL,NULL),(3,86,82,3,3,NULL,NULL),(3,86,83,3,3,NULL,NULL),(3,86,84,3,3,NULL,NULL),(3,86,85,3,3,NULL,NULL),(3,86,86,3,3,NULL,NULL),(3,86,87,3,3,NULL,NULL),(3,86,88,3,3,NULL,NULL),(3,86,89,3,3,NULL,NULL),(3,86,90,3,3,NULL,NULL),(3,86,91,3,3,NULL,NULL),(3,86,92,3,3,NULL,NULL),(3,86,93,3,3,NULL,NULL),(3,86,94,3,3,NULL,NULL),(3,86,95,3,3,NULL,NULL),(3,86,96,3,3,NULL,NULL),(3,86,97,3,3,NULL,NULL),(3,86,98,3,3,NULL,NULL),(3,86,99,3,3,NULL,NULL),(3,86,100,3,3,NULL,NULL),(3,87,51,3,3,NULL,NULL),(3,87,52,3,3,NULL,NULL),(3,87,53,3,3,NULL,NULL),(3,87,54,3,3,NULL,NULL),(3,87,55,3,3,NULL,NULL),(3,87,56,3,3,NULL,NULL),(3,87,57,3,3,NULL,NULL),(3,87,58,3,3,NULL,NULL),(3,87,59,3,3,NULL,NULL),(3,87,60,3,3,NULL,NULL),(3,87,61,3,3,NULL,NULL),(3,87,62,3,3,NULL,NULL),(3,87,63,3,3,NULL,NULL),(3,87,64,3,3,NULL,NULL),(3,87,65,3,3,NULL,NULL),(3,87,66,3,3,NULL,NULL),(3,87,67,3,3,NULL,NULL),(3,87,68,3,3,NULL,NULL),(3,87,69,3,3,NULL,NULL),(3,87,70,3,3,NULL,NULL),(3,87,71,3,3,NULL,NULL),(3,87,72,3,3,NULL,NULL),(3,87,73,3,3,NULL,NULL),(3,87,74,3,3,NULL,NULL),(3,87,75,3,3,NULL,NULL),(3,87,76,3,3,NULL,NULL),(3,87,77,3,3,NULL,NULL),(3,87,78,3,3,NULL,NULL),(3,87,79,3,3,NULL,NULL),(3,87,80,3,3,NULL,NULL),(3,87,81,3,3,NULL,NULL),(3,87,82,3,3,NULL,NULL),(3,87,83,3,3,NULL,NULL),(3,87,84,3,3,NULL,NULL),(3,87,85,3,3,NULL,NULL),(3,87,86,3,3,NULL,NULL),(3,87,87,3,3,NULL,NULL),(3,87,88,3,3,NULL,NULL),(3,87,89,3,3,NULL,NULL),(3,87,90,3,3,NULL,NULL),(3,87,91,3,3,NULL,NULL),(3,87,92,3,3,NULL,NULL),(3,87,93,3,3,NULL,NULL),(3,87,94,3,3,NULL,NULL),(3,87,95,3,3,NULL,NULL),(3,87,96,3,3,NULL,NULL),(3,87,97,3,3,NULL,NULL),(3,87,98,3,3,NULL,NULL),(3,87,99,3,3,NULL,NULL),(3,87,100,3,3,NULL,NULL),(3,88,51,3,3,NULL,NULL),(3,88,52,3,3,NULL,NULL),(3,88,53,3,3,NULL,NULL),(3,88,54,3,3,NULL,NULL),(3,88,55,3,3,NULL,NULL),(3,88,56,3,3,NULL,NULL),(3,88,57,3,3,NULL,NULL),(3,88,58,3,3,NULL,NULL),(3,88,59,3,3,NULL,NULL),(3,88,60,3,3,NULL,NULL),(3,88,61,3,3,NULL,NULL),(3,88,62,3,3,NULL,NULL),(3,88,63,3,3,NULL,NULL),(3,88,64,3,3,NULL,NULL),(3,88,65,3,3,NULL,NULL),(3,88,66,3,3,NULL,NULL),(3,88,67,3,3,NULL,NULL),(3,88,68,3,3,NULL,NULL),(3,88,69,3,3,NULL,NULL),(3,88,70,3,3,NULL,NULL),(3,88,71,3,3,NULL,NULL),(3,88,72,3,3,NULL,NULL),(3,88,73,3,3,NULL,NULL),(3,88,74,3,3,NULL,NULL),(3,88,75,3,3,NULL,NULL),(3,88,76,3,3,NULL,NULL),(3,88,77,3,3,NULL,NULL),(3,88,78,3,3,NULL,NULL),(3,88,79,3,3,NULL,NULL),(3,88,80,3,3,NULL,NULL),(3,88,81,3,3,NULL,NULL),(3,88,82,3,3,NULL,NULL),(3,88,83,3,3,NULL,NULL),(3,88,84,3,3,NULL,NULL),(3,88,85,3,3,NULL,NULL),(3,88,86,3,3,NULL,NULL),(3,88,87,3,3,NULL,NULL),(3,88,88,3,3,NULL,NULL),(3,88,89,3,3,NULL,NULL),(3,88,90,3,3,NULL,NULL),(3,88,91,3,3,NULL,NULL),(3,88,92,3,3,NULL,NULL),(3,88,93,3,3,NULL,NULL),(3,88,94,3,3,NULL,NULL),(3,88,95,3,3,NULL,NULL),(3,88,96,3,3,NULL,NULL),(3,88,97,3,3,NULL,NULL),(3,88,98,3,3,NULL,NULL),(3,88,99,3,3,NULL,NULL),(3,88,100,3,3,NULL,NULL),(3,89,51,3,3,NULL,NULL),(3,89,52,3,3,NULL,NULL),(3,89,53,3,3,NULL,NULL),(3,89,54,3,3,NULL,NULL),(3,89,55,3,3,NULL,NULL),(3,89,56,3,3,NULL,NULL),(3,89,57,3,3,NULL,NULL),(3,89,58,3,3,NULL,NULL),(3,89,59,3,3,NULL,NULL),(3,89,60,3,3,NULL,NULL),(3,89,61,3,3,NULL,NULL),(3,89,62,3,3,NULL,NULL),(3,89,63,3,3,NULL,NULL),(3,89,64,3,3,NULL,NULL),(3,89,65,3,3,NULL,NULL),(3,89,66,3,3,NULL,NULL),(3,89,67,3,3,NULL,NULL),(3,89,68,3,3,NULL,NULL),(3,89,69,3,3,NULL,NULL),(3,89,70,3,3,NULL,NULL),(3,89,71,3,3,NULL,NULL),(3,89,72,3,3,NULL,NULL),(3,89,73,3,3,NULL,NULL),(3,89,74,3,3,NULL,NULL),(3,89,75,3,3,NULL,NULL),(3,89,76,3,3,NULL,NULL),(3,89,77,3,3,NULL,NULL),(3,89,78,3,3,NULL,NULL),(3,89,79,3,3,NULL,NULL),(3,89,80,3,3,NULL,NULL),(3,89,81,3,3,NULL,NULL),(3,89,82,3,3,NULL,NULL),(3,89,83,3,3,NULL,NULL),(3,89,84,3,3,NULL,NULL),(3,89,85,3,3,NULL,NULL),(3,89,86,3,3,NULL,NULL),(3,89,87,3,3,NULL,NULL),(3,89,88,3,3,NULL,NULL),(3,89,89,3,3,NULL,NULL),(3,89,90,3,3,NULL,NULL),(3,89,91,3,3,NULL,NULL),(3,89,92,3,3,NULL,NULL),(3,89,93,3,3,NULL,NULL),(3,89,94,3,3,NULL,NULL),(3,89,95,3,3,NULL,NULL),(3,89,96,3,3,NULL,NULL),(3,89,97,3,3,NULL,NULL),(3,89,98,3,3,NULL,NULL),(3,89,99,3,3,NULL,NULL),(3,89,100,3,3,NULL,NULL),(3,90,51,3,3,NULL,NULL),(3,90,52,3,3,NULL,NULL),(3,90,53,3,3,NULL,NULL),(3,90,54,3,3,NULL,NULL),(3,90,55,3,3,NULL,NULL),(3,90,56,3,3,NULL,NULL),(3,90,57,3,3,NULL,NULL),(3,90,58,3,3,NULL,NULL),(3,90,59,3,3,NULL,NULL),(3,90,60,3,3,NULL,NULL),(3,90,61,3,3,NULL,NULL),(3,90,62,3,3,NULL,NULL),(3,90,63,3,3,NULL,NULL),(3,90,64,3,3,NULL,NULL),(3,90,65,3,3,NULL,NULL),(3,90,66,3,3,NULL,NULL),(3,90,67,3,3,NULL,NULL),(3,90,68,3,3,NULL,NULL),(3,90,69,3,3,NULL,NULL),(3,90,70,3,3,NULL,NULL),(3,90,71,3,3,NULL,NULL),(3,90,72,3,3,NULL,NULL),(3,90,73,3,3,NULL,NULL),(3,90,74,3,3,NULL,NULL),(3,90,75,3,3,NULL,NULL),(3,90,76,3,3,NULL,NULL),(3,90,77,3,3,NULL,NULL),(3,90,78,3,3,NULL,NULL),(3,90,79,3,3,NULL,NULL),(3,90,80,3,3,NULL,NULL),(3,90,81,3,3,NULL,NULL),(3,90,82,3,3,NULL,NULL),(3,90,83,3,3,NULL,NULL),(3,90,84,3,3,NULL,NULL),(3,90,85,3,3,NULL,NULL),(3,90,86,3,3,NULL,NULL),(3,90,87,3,3,NULL,NULL),(3,90,88,3,3,NULL,NULL),(3,90,89,3,3,NULL,NULL),(3,90,90,3,3,NULL,NULL),(3,90,91,3,3,NULL,NULL),(3,90,92,3,3,NULL,NULL),(3,90,93,3,3,NULL,NULL),(3,90,94,3,3,NULL,NULL),(3,90,95,3,3,NULL,NULL),(3,90,96,3,3,NULL,NULL),(3,90,97,3,3,NULL,NULL),(3,90,98,3,3,NULL,NULL),(3,90,99,3,3,NULL,NULL),(3,90,100,3,3,NULL,NULL),(3,91,51,3,3,NULL,NULL),(3,91,52,3,3,NULL,NULL),(3,91,53,3,3,NULL,NULL),(3,91,54,3,3,NULL,NULL),(3,91,55,3,3,NULL,NULL),(3,91,56,3,3,NULL,NULL),(3,91,57,3,3,NULL,NULL),(3,91,58,3,3,NULL,NULL),(3,91,59,3,3,NULL,NULL),(3,91,60,3,3,NULL,NULL),(3,91,61,3,3,NULL,NULL),(3,91,62,3,3,NULL,NULL),(3,91,63,3,3,NULL,NULL),(3,91,64,3,3,NULL,NULL),(3,91,65,3,3,NULL,NULL),(3,91,66,3,3,NULL,NULL),(3,91,67,3,3,NULL,NULL),(3,91,68,3,3,NULL,NULL),(3,91,69,3,3,NULL,NULL),(3,91,70,3,3,NULL,NULL),(3,91,71,3,3,NULL,NULL),(3,91,72,3,3,NULL,NULL),(3,91,73,3,3,NULL,NULL),(3,91,74,3,3,NULL,NULL),(3,91,75,3,3,NULL,NULL),(3,91,76,3,3,NULL,NULL),(3,91,77,3,3,NULL,NULL),(3,91,78,3,3,NULL,NULL),(3,91,79,3,3,NULL,NULL),(3,91,80,3,3,NULL,NULL),(3,91,81,3,3,NULL,NULL),(3,91,82,3,3,NULL,NULL),(3,91,83,3,3,NULL,NULL),(3,91,84,3,3,NULL,NULL),(3,91,85,3,3,NULL,NULL),(3,91,86,3,3,NULL,NULL),(3,91,87,3,3,NULL,NULL),(3,91,88,3,3,NULL,NULL),(3,91,89,3,3,NULL,NULL),(3,91,90,3,3,NULL,NULL),(3,91,91,3,3,NULL,NULL),(3,91,92,3,3,NULL,NULL),(3,91,93,3,3,NULL,NULL),(3,91,94,3,3,NULL,NULL),(3,91,95,3,3,NULL,NULL),(3,91,96,3,3,NULL,NULL),(3,91,97,3,3,NULL,NULL),(3,91,98,3,3,NULL,NULL),(3,91,99,3,3,NULL,NULL),(3,91,100,3,3,NULL,NULL),(3,92,51,3,3,NULL,NULL),(3,92,52,3,3,NULL,NULL),(3,92,53,3,3,NULL,NULL),(3,92,54,3,3,NULL,NULL),(3,92,55,3,3,NULL,NULL),(3,92,56,3,3,NULL,NULL),(3,92,57,3,3,NULL,NULL),(3,92,58,3,3,NULL,NULL),(3,92,59,3,3,NULL,NULL),(3,92,60,3,3,NULL,NULL),(3,92,61,3,3,NULL,NULL),(3,92,62,3,3,NULL,NULL),(3,92,63,3,3,NULL,NULL),(3,92,64,3,3,NULL,NULL),(3,92,65,3,3,NULL,NULL),(3,92,66,3,3,NULL,NULL),(3,92,67,3,3,NULL,NULL),(3,92,68,3,3,NULL,NULL),(3,92,69,3,3,NULL,NULL),(3,92,70,3,3,NULL,NULL),(3,92,71,3,3,NULL,NULL),(3,92,72,3,3,NULL,NULL),(3,92,73,3,3,NULL,NULL),(3,92,74,3,3,NULL,NULL),(3,92,75,3,3,NULL,NULL),(3,92,76,3,3,NULL,NULL),(3,92,77,3,3,NULL,NULL),(3,92,78,3,3,NULL,NULL),(3,92,79,3,3,NULL,NULL),(3,92,80,3,3,NULL,NULL),(3,92,81,3,3,NULL,NULL),(3,92,82,3,3,NULL,NULL),(3,92,83,3,3,NULL,NULL),(3,92,84,3,3,NULL,NULL),(3,92,85,3,3,NULL,NULL),(3,92,86,3,3,NULL,NULL),(3,92,87,3,3,NULL,NULL),(3,92,88,3,3,NULL,NULL),(3,92,89,3,3,NULL,NULL),(3,92,90,3,3,NULL,NULL),(3,92,91,3,3,NULL,NULL),(3,92,92,3,3,NULL,NULL),(3,92,93,3,3,NULL,NULL),(3,92,94,3,3,NULL,NULL),(3,92,95,3,3,NULL,NULL),(3,92,96,3,3,NULL,NULL),(3,92,97,3,3,NULL,NULL),(3,92,98,3,3,NULL,NULL),(3,92,99,3,3,NULL,NULL),(3,92,100,3,3,NULL,NULL),(3,93,51,3,3,NULL,NULL),(3,93,52,3,3,NULL,NULL),(3,93,53,3,3,NULL,NULL),(3,93,54,3,3,NULL,NULL),(3,93,55,3,3,NULL,NULL),(3,93,56,3,3,NULL,NULL),(3,93,57,3,3,NULL,NULL),(3,93,58,3,3,NULL,NULL),(3,93,59,3,3,NULL,NULL),(3,93,60,3,3,NULL,NULL),(3,93,61,3,3,NULL,NULL),(3,93,62,3,3,NULL,NULL),(3,93,63,3,3,NULL,NULL),(3,93,64,3,3,NULL,NULL),(3,93,65,3,3,NULL,NULL),(3,93,66,3,3,NULL,NULL),(3,93,67,3,3,NULL,NULL),(3,93,68,3,3,NULL,NULL),(3,93,69,3,3,NULL,NULL),(3,93,70,3,3,NULL,NULL),(3,93,71,3,3,NULL,NULL),(3,93,72,3,3,NULL,NULL),(3,93,73,3,3,NULL,NULL),(3,93,74,3,3,NULL,NULL),(3,93,75,3,3,NULL,NULL),(3,93,76,3,3,NULL,NULL),(3,93,77,3,3,NULL,NULL),(3,93,78,3,3,NULL,NULL),(3,93,79,3,3,NULL,NULL),(3,93,80,3,3,NULL,NULL),(3,93,81,3,3,NULL,NULL),(3,93,82,3,3,NULL,NULL),(3,93,83,3,3,NULL,NULL),(3,93,84,3,3,NULL,NULL),(3,93,85,3,3,NULL,NULL),(3,93,86,3,3,NULL,NULL),(3,93,87,3,3,NULL,NULL),(3,93,88,3,3,NULL,NULL),(3,93,89,3,3,NULL,NULL),(3,93,90,3,3,NULL,NULL),(3,93,91,3,3,NULL,NULL),(3,93,92,3,3,NULL,NULL),(3,93,93,3,3,NULL,NULL),(3,93,94,3,3,NULL,NULL),(3,93,95,3,3,NULL,NULL),(3,93,96,3,3,NULL,NULL),(3,93,97,3,3,NULL,NULL),(3,93,98,3,3,NULL,NULL),(3,93,99,3,3,NULL,NULL),(3,93,100,3,3,NULL,NULL),(3,94,51,3,3,NULL,NULL),(3,94,52,3,3,NULL,NULL),(3,94,53,3,3,NULL,NULL),(3,94,54,3,3,NULL,NULL),(3,94,55,3,3,NULL,NULL),(3,94,56,3,3,NULL,NULL),(3,94,57,3,3,NULL,NULL),(3,94,58,3,3,NULL,NULL),(3,94,59,3,3,NULL,NULL),(3,94,60,3,3,NULL,NULL),(3,94,61,3,3,NULL,NULL),(3,94,62,3,3,NULL,NULL),(3,94,63,3,3,NULL,NULL),(3,94,64,3,3,NULL,NULL),(3,94,65,3,3,NULL,NULL),(3,94,66,3,3,NULL,NULL),(3,94,67,3,3,NULL,NULL),(3,94,68,3,3,NULL,NULL),(3,94,69,3,3,NULL,NULL),(3,94,70,3,3,NULL,NULL),(3,94,71,3,3,NULL,NULL),(3,94,72,3,3,NULL,NULL),(3,94,73,3,3,NULL,NULL),(3,94,74,3,3,NULL,NULL),(3,94,75,3,3,NULL,NULL),(3,94,76,3,3,NULL,NULL),(3,94,77,3,3,NULL,NULL),(3,94,78,3,3,NULL,NULL),(3,94,79,3,3,NULL,NULL),(3,94,80,3,3,NULL,NULL),(3,94,81,3,3,NULL,NULL),(3,94,82,3,3,NULL,NULL),(3,94,83,3,3,NULL,NULL),(3,94,84,3,3,NULL,NULL),(3,94,85,3,3,NULL,NULL),(3,94,86,3,3,NULL,NULL),(3,94,87,3,3,NULL,NULL),(3,94,88,3,3,NULL,NULL),(3,94,89,3,3,NULL,NULL),(3,94,90,3,3,NULL,NULL),(3,94,91,3,3,NULL,NULL),(3,94,92,3,3,NULL,NULL),(3,94,93,3,3,NULL,NULL),(3,94,94,3,3,NULL,NULL),(3,94,95,3,3,NULL,NULL),(3,94,96,3,3,NULL,NULL),(3,94,97,3,3,NULL,NULL),(3,94,98,3,3,NULL,NULL),(3,94,99,3,3,NULL,NULL),(3,94,100,3,3,NULL,NULL),(3,95,51,3,3,NULL,NULL),(3,95,52,3,3,NULL,NULL),(3,95,53,3,3,NULL,NULL),(3,95,54,3,3,NULL,NULL),(3,95,55,3,3,NULL,NULL),(3,95,56,3,3,NULL,NULL),(3,95,57,3,3,NULL,NULL),(3,95,58,3,3,NULL,NULL),(3,95,59,3,3,NULL,NULL),(3,95,60,3,3,NULL,NULL),(3,95,61,3,3,NULL,NULL),(3,95,62,3,3,NULL,NULL),(3,95,63,3,3,NULL,NULL),(3,95,64,3,3,NULL,NULL),(3,95,65,3,3,NULL,NULL),(3,95,66,3,3,NULL,NULL),(3,95,67,3,3,NULL,NULL),(3,95,68,3,3,NULL,NULL),(3,95,69,3,3,NULL,NULL),(3,95,70,3,3,NULL,NULL),(3,95,71,3,3,NULL,NULL),(3,95,72,3,3,NULL,NULL),(3,95,73,3,3,NULL,NULL),(3,95,74,3,3,NULL,NULL),(3,95,75,3,3,NULL,NULL),(3,95,76,3,3,NULL,NULL),(3,95,77,3,3,NULL,NULL),(3,95,78,3,3,NULL,NULL),(3,95,79,3,3,NULL,NULL),(3,95,80,3,3,NULL,NULL),(3,95,81,3,3,NULL,NULL),(3,95,82,3,3,NULL,NULL),(3,95,83,3,3,NULL,NULL),(3,95,84,3,3,NULL,NULL),(3,95,85,3,3,NULL,NULL),(3,95,86,3,3,NULL,NULL),(3,95,87,3,3,NULL,NULL),(3,95,88,3,3,NULL,NULL),(3,95,89,3,3,NULL,NULL),(3,95,90,3,3,NULL,NULL),(3,95,91,3,3,NULL,NULL),(3,95,92,3,3,NULL,NULL),(3,95,93,3,3,NULL,NULL),(3,95,94,3,3,NULL,NULL),(3,95,95,3,3,NULL,NULL),(3,95,96,3,3,NULL,NULL),(3,95,97,3,3,NULL,NULL),(3,95,98,3,3,NULL,NULL),(3,95,99,3,3,NULL,NULL),(3,95,100,3,3,NULL,NULL),(3,96,51,3,3,NULL,NULL),(3,96,52,3,3,NULL,NULL),(3,96,53,3,3,NULL,NULL),(3,96,54,3,3,NULL,NULL),(3,96,55,3,3,NULL,NULL),(3,96,56,3,3,NULL,NULL),(3,96,57,3,3,NULL,NULL),(3,96,58,3,3,NULL,NULL),(3,96,59,3,3,NULL,NULL),(3,96,60,3,3,NULL,NULL),(3,96,61,3,3,NULL,NULL),(3,96,62,3,3,NULL,NULL),(3,96,63,3,3,NULL,NULL),(3,96,64,3,3,NULL,NULL),(3,96,65,3,3,NULL,NULL),(3,96,66,3,3,NULL,NULL),(3,96,67,3,3,NULL,NULL),(3,96,68,3,3,NULL,NULL),(3,96,69,3,3,NULL,NULL),(3,96,70,3,3,NULL,NULL),(3,96,71,3,3,NULL,NULL),(3,96,72,3,3,NULL,NULL),(3,96,73,3,3,NULL,NULL),(3,96,74,3,3,NULL,NULL),(3,96,75,3,3,NULL,NULL),(3,96,76,3,3,NULL,NULL),(3,96,77,3,3,NULL,NULL),(3,96,78,3,3,NULL,NULL),(3,96,79,3,3,NULL,NULL),(3,96,80,3,3,NULL,NULL),(3,96,81,3,3,NULL,NULL),(3,96,82,3,3,NULL,NULL),(3,96,83,3,3,NULL,NULL),(3,96,84,3,3,NULL,NULL),(3,96,85,3,3,NULL,NULL),(3,96,86,3,3,NULL,NULL),(3,96,87,3,3,NULL,NULL),(3,96,88,3,3,NULL,NULL),(3,96,89,3,3,NULL,NULL),(3,96,90,3,3,NULL,NULL),(3,96,91,3,3,NULL,NULL),(3,96,92,3,3,NULL,NULL),(3,96,93,3,3,NULL,NULL),(3,96,94,3,3,NULL,NULL),(3,96,95,3,3,NULL,NULL),(3,96,96,3,3,NULL,NULL),(3,96,97,3,3,NULL,NULL),(3,96,98,3,3,NULL,NULL),(3,96,99,3,3,NULL,NULL),(3,96,100,3,3,NULL,NULL),(3,97,51,3,3,NULL,NULL),(3,97,52,3,3,NULL,NULL),(3,97,53,3,3,NULL,NULL),(3,97,54,3,3,NULL,NULL),(3,97,55,3,3,NULL,NULL),(3,97,56,3,3,NULL,NULL),(3,97,57,3,3,NULL,NULL),(3,97,58,3,3,NULL,NULL),(3,97,59,3,3,NULL,NULL),(3,97,60,3,3,NULL,NULL),(3,97,61,3,3,NULL,NULL),(3,97,62,3,3,NULL,NULL),(3,97,63,3,3,NULL,NULL),(3,97,64,3,3,NULL,NULL),(3,97,65,3,3,NULL,NULL),(3,97,66,3,3,NULL,NULL),(3,97,67,3,3,NULL,NULL),(3,97,68,3,3,NULL,NULL),(3,97,69,3,3,NULL,NULL),(3,97,70,3,3,NULL,NULL),(3,97,71,3,3,NULL,NULL),(3,97,72,3,3,NULL,NULL),(3,97,73,3,3,NULL,NULL),(3,97,74,3,3,NULL,NULL),(3,97,75,3,3,NULL,NULL),(3,97,76,3,3,NULL,NULL),(3,97,77,3,3,NULL,NULL),(3,97,78,3,3,NULL,NULL),(3,97,79,3,3,NULL,NULL),(3,97,80,3,3,NULL,NULL),(3,97,81,3,3,NULL,NULL),(3,97,82,3,3,NULL,NULL),(3,97,83,3,3,NULL,NULL),(3,97,84,3,3,NULL,NULL),(3,97,85,3,3,NULL,NULL),(3,97,86,3,3,NULL,NULL),(3,97,87,3,3,NULL,NULL),(3,97,88,3,3,NULL,NULL),(3,97,89,3,3,NULL,NULL),(3,97,90,3,3,NULL,NULL),(3,97,91,3,3,NULL,NULL),(3,97,92,3,3,NULL,NULL),(3,97,93,3,3,NULL,NULL),(3,97,94,3,3,NULL,NULL),(3,97,95,3,3,NULL,NULL),(3,97,96,3,3,NULL,NULL),(3,97,97,3,3,NULL,NULL),(3,97,98,3,3,NULL,NULL),(3,97,99,3,3,NULL,NULL),(3,97,100,3,3,NULL,NULL),(3,98,51,3,3,NULL,NULL),(3,98,52,3,3,NULL,NULL),(3,98,53,3,3,NULL,NULL),(3,98,54,3,3,NULL,NULL),(3,98,55,3,3,NULL,NULL),(3,98,56,3,3,NULL,NULL),(3,98,57,3,3,NULL,NULL),(3,98,58,3,3,NULL,NULL),(3,98,59,3,3,NULL,NULL),(3,98,60,3,3,NULL,NULL),(3,98,61,3,3,NULL,NULL),(3,98,62,3,3,NULL,NULL),(3,98,63,3,3,NULL,NULL),(3,98,64,3,3,NULL,NULL),(3,98,65,3,3,NULL,NULL),(3,98,66,3,3,NULL,NULL),(3,98,67,3,3,NULL,NULL),(3,98,68,3,3,NULL,NULL),(3,98,69,3,3,NULL,NULL),(3,98,70,3,3,NULL,NULL),(3,98,71,3,3,NULL,NULL),(3,98,72,3,3,NULL,NULL),(3,98,73,3,3,NULL,NULL),(3,98,74,3,3,NULL,NULL),(3,98,75,3,3,NULL,NULL),(3,98,76,3,3,NULL,NULL),(3,98,77,3,3,NULL,NULL),(3,98,78,3,3,NULL,NULL),(3,98,79,3,3,NULL,NULL),(3,98,80,3,3,NULL,NULL),(3,98,81,3,3,NULL,NULL),(3,98,82,3,3,NULL,NULL),(3,98,83,3,3,NULL,NULL),(3,98,84,3,3,NULL,NULL),(3,98,85,3,3,NULL,NULL),(3,98,86,3,3,NULL,NULL),(3,98,87,3,3,NULL,NULL),(3,98,88,3,3,NULL,NULL),(3,98,89,3,3,NULL,NULL),(3,98,90,3,3,NULL,NULL),(3,98,91,3,3,NULL,NULL),(3,98,92,3,3,NULL,NULL),(3,98,93,3,3,NULL,NULL),(3,98,94,3,3,NULL,NULL),(3,98,95,3,3,NULL,NULL),(3,98,96,3,3,NULL,NULL),(3,98,97,3,3,NULL,NULL),(3,98,98,3,3,NULL,NULL),(3,98,99,3,3,NULL,NULL),(3,98,100,3,3,NULL,NULL),(3,99,51,3,3,NULL,NULL),(3,99,52,3,3,NULL,NULL),(3,99,53,3,3,NULL,NULL),(3,99,54,3,3,NULL,NULL),(3,99,55,3,3,NULL,NULL),(3,99,56,3,3,NULL,NULL),(3,99,57,3,3,NULL,NULL),(3,99,58,3,3,NULL,NULL),(3,99,59,3,3,NULL,NULL),(3,99,60,3,3,NULL,NULL),(3,99,61,3,3,NULL,NULL),(3,99,62,3,3,NULL,NULL),(3,99,63,3,3,NULL,NULL),(3,99,64,3,3,NULL,NULL),(3,99,65,3,3,NULL,NULL),(3,99,66,3,3,NULL,NULL),(3,99,67,3,3,NULL,NULL),(3,99,68,3,3,NULL,NULL),(3,99,69,3,3,NULL,NULL),(3,99,70,3,3,NULL,NULL),(3,99,71,3,3,NULL,NULL),(3,99,72,3,3,NULL,NULL),(3,99,73,3,3,NULL,NULL),(3,99,74,3,3,NULL,NULL),(3,99,75,3,3,NULL,NULL),(3,99,76,3,3,NULL,NULL),(3,99,77,3,3,NULL,NULL),(3,99,78,3,3,NULL,NULL),(3,99,79,3,3,NULL,NULL),(3,99,80,3,3,NULL,NULL),(3,99,81,3,3,NULL,NULL),(3,99,82,3,3,NULL,NULL),(3,99,83,3,3,NULL,NULL),(3,99,84,3,3,NULL,NULL),(3,99,85,3,3,NULL,NULL),(3,99,86,3,3,NULL,NULL),(3,99,87,3,3,NULL,NULL),(3,99,88,3,3,NULL,NULL),(3,99,89,3,3,NULL,NULL),(3,99,90,3,3,NULL,NULL),(3,99,91,3,3,NULL,NULL),(3,99,92,3,3,NULL,NULL),(3,99,93,3,3,NULL,NULL),(3,99,94,3,3,NULL,NULL),(3,99,95,3,3,NULL,NULL),(3,99,96,3,3,NULL,NULL),(3,99,97,3,3,NULL,NULL),(3,99,98,3,3,NULL,NULL),(3,99,99,3,3,NULL,NULL),(3,99,100,3,3,NULL,NULL),(3,100,51,3,3,NULL,NULL),(3,100,52,3,3,NULL,NULL),(3,100,53,3,3,NULL,NULL),(3,100,54,3,3,NULL,NULL),(3,100,55,3,3,NULL,NULL),(3,100,56,3,3,NULL,NULL),(3,100,57,3,3,NULL,NULL),(3,100,58,3,3,NULL,NULL),(3,100,59,3,3,NULL,NULL),(3,100,60,3,3,NULL,NULL),(3,100,61,3,3,NULL,NULL),(3,100,62,3,3,NULL,NULL),(3,100,63,3,3,NULL,NULL),(3,100,64,3,3,NULL,NULL),(3,100,65,3,3,NULL,NULL),(3,100,66,3,3,NULL,NULL),(3,100,67,3,3,NULL,NULL),(3,100,68,3,3,NULL,NULL),(3,100,69,3,3,NULL,NULL),(3,100,70,3,3,NULL,NULL),(3,100,71,3,3,NULL,NULL),(3,100,72,3,3,NULL,NULL),(3,100,73,3,3,NULL,NULL),(3,100,74,3,3,NULL,NULL),(3,100,75,3,3,NULL,NULL),(3,100,76,3,3,NULL,NULL),(3,100,77,3,3,NULL,NULL),(3,100,78,3,3,NULL,NULL),(3,100,79,3,3,NULL,NULL),(3,100,80,3,3,NULL,NULL),(3,100,81,3,3,NULL,NULL),(3,100,82,3,3,NULL,NULL),(3,100,83,3,3,NULL,NULL),(3,100,84,3,3,NULL,NULL),(3,100,85,3,3,NULL,NULL),(3,100,86,3,3,NULL,NULL),(3,100,87,3,3,NULL,NULL),(3,100,88,3,3,NULL,NULL),(3,100,89,3,3,NULL,NULL),(3,100,90,3,3,NULL,NULL),(3,100,91,3,3,NULL,NULL),(3,100,92,3,3,NULL,NULL),(3,100,93,3,3,NULL,NULL),(3,100,94,3,3,NULL,NULL),(3,100,95,3,3,NULL,NULL),(3,100,96,3,3,NULL,NULL),(3,100,97,3,3,NULL,NULL),(3,100,98,3,3,NULL,NULL),(3,100,99,3,3,NULL,NULL),(3,100,100,3,3,NULL,NULL),(3,1,51,3,3,NULL,NULL),(3,1,52,3,3,NULL,NULL),(3,1,53,3,3,NULL,NULL),(3,1,54,3,3,NULL,NULL),(3,1,55,3,3,NULL,NULL),(3,1,56,3,3,NULL,NULL),(3,1,57,3,3,NULL,NULL),(3,1,58,3,3,NULL,NULL),(3,1,59,3,3,NULL,NULL),(3,1,60,3,3,NULL,NULL),(3,1,61,3,3,NULL,NULL),(3,1,62,3,3,NULL,NULL),(3,1,63,3,3,NULL,NULL),(3,1,64,3,3,NULL,NULL),(3,1,65,3,3,NULL,NULL),(3,1,66,3,3,NULL,NULL),(3,1,67,3,3,NULL,NULL),(3,1,68,3,3,NULL,NULL),(3,1,69,3,3,NULL,NULL),(3,1,70,3,3,NULL,NULL),(3,1,71,3,3,NULL,NULL),(3,1,72,3,3,NULL,NULL),(3,1,73,3,3,NULL,NULL),(3,1,74,3,3,NULL,NULL),(3,1,75,3,3,NULL,NULL),(3,1,76,3,3,NULL,NULL),(3,1,77,3,3,NULL,NULL),(3,1,78,3,3,NULL,NULL),(3,1,79,3,3,NULL,NULL),(3,1,80,3,3,NULL,NULL),(3,1,81,3,3,NULL,NULL),(3,1,82,3,3,NULL,NULL),(3,1,83,3,3,NULL,NULL),(3,1,84,3,3,NULL,NULL),(3,1,85,3,3,NULL,NULL),(3,1,86,3,3,NULL,NULL),(3,1,87,3,3,NULL,NULL),(3,1,88,3,3,NULL,NULL),(3,1,89,3,3,NULL,NULL),(3,1,90,3,3,NULL,NULL),(3,1,91,3,3,NULL,NULL),(3,1,92,3,3,NULL,NULL),(3,1,93,3,3,NULL,NULL),(3,1,94,3,3,NULL,NULL),(3,1,95,3,3,NULL,NULL),(3,1,96,3,3,NULL,NULL),(3,1,97,3,3,NULL,NULL),(3,1,98,3,3,NULL,NULL),(3,1,99,3,3,NULL,NULL),(3,1,100,3,3,NULL,NULL),(3,2,51,3,3,NULL,NULL),(3,2,52,3,3,NULL,NULL),(3,2,53,3,3,NULL,NULL),(3,2,54,3,3,NULL,NULL),(3,2,55,3,3,NULL,NULL),(3,2,56,3,3,NULL,NULL),(3,2,57,3,3,NULL,NULL),(3,2,58,3,3,NULL,NULL),(3,2,59,3,3,NULL,NULL),(3,2,60,3,3,NULL,NULL),(3,2,61,3,3,NULL,NULL),(3,2,62,3,3,NULL,NULL),(3,2,63,3,3,NULL,NULL),(3,2,64,3,3,NULL,NULL),(3,2,65,3,3,NULL,NULL),(3,2,66,3,3,NULL,NULL),(3,2,67,3,3,NULL,NULL),(3,2,68,3,3,NULL,NULL),(3,2,69,3,3,NULL,NULL),(3,2,70,3,3,NULL,NULL),(3,2,71,3,3,NULL,NULL),(3,2,72,3,3,NULL,NULL),(3,2,73,3,3,NULL,NULL),(3,2,74,3,3,NULL,NULL),(3,2,75,3,3,NULL,NULL),(3,2,76,3,3,NULL,NULL),(3,2,77,3,3,NULL,NULL),(3,2,78,3,3,NULL,NULL),(3,2,79,3,3,NULL,NULL),(3,2,80,3,3,NULL,NULL),(3,2,81,3,3,NULL,NULL),(3,2,82,3,3,NULL,NULL),(3,2,83,3,3,NULL,NULL),(3,2,84,3,3,NULL,NULL),(3,2,85,3,3,NULL,NULL),(3,2,86,3,3,NULL,NULL),(3,2,87,3,3,NULL,NULL),(3,2,88,3,3,NULL,NULL),(3,2,89,3,3,NULL,NULL),(3,2,90,3,3,NULL,NULL),(3,2,91,3,3,NULL,NULL),(3,2,92,3,3,NULL,NULL),(3,2,93,3,3,NULL,NULL),(3,2,94,3,3,NULL,NULL),(3,2,95,3,3,NULL,NULL),(3,2,96,3,3,NULL,NULL),(3,2,97,3,3,NULL,NULL),(3,2,98,3,3,NULL,NULL),(3,2,99,3,3,NULL,NULL),(3,2,100,3,3,NULL,NULL),(3,3,51,3,3,NULL,NULL),(3,3,52,3,3,NULL,NULL),(3,3,53,3,3,NULL,NULL),(3,3,54,3,3,NULL,NULL),(3,3,55,3,3,NULL,NULL),(3,3,56,3,3,NULL,NULL),(3,3,57,3,3,NULL,NULL),(3,3,58,3,3,NULL,NULL),(3,3,59,3,3,NULL,NULL),(3,3,60,3,3,NULL,NULL),(3,3,61,3,3,NULL,NULL),(3,3,62,3,3,NULL,NULL),(3,3,63,3,3,NULL,NULL),(3,3,64,3,3,NULL,NULL),(3,3,65,3,3,NULL,NULL),(3,3,66,3,3,NULL,NULL),(3,3,67,3,3,NULL,NULL),(3,3,68,3,3,NULL,NULL),(3,3,69,3,3,NULL,NULL),(3,3,70,3,3,NULL,NULL),(3,3,71,3,3,NULL,NULL),(3,3,72,3,3,NULL,NULL),(3,3,73,3,3,NULL,NULL),(3,3,74,3,3,NULL,NULL),(3,3,75,3,3,NULL,NULL),(3,3,76,3,3,NULL,NULL),(3,3,77,3,3,NULL,NULL),(3,3,78,3,3,NULL,NULL),(3,3,79,3,3,NULL,NULL),(3,3,80,3,3,NULL,NULL),(3,3,81,3,3,NULL,NULL),(3,3,82,3,3,NULL,NULL),(3,3,83,3,3,NULL,NULL),(3,3,84,3,3,NULL,NULL),(3,3,85,3,3,NULL,NULL),(3,3,86,3,3,NULL,NULL),(3,3,87,3,3,NULL,NULL),(3,3,88,3,3,NULL,NULL),(3,3,89,3,3,NULL,NULL),(3,3,90,3,3,NULL,NULL),(3,3,91,3,3,NULL,NULL),(3,3,92,3,3,NULL,NULL),(3,3,93,3,3,NULL,NULL),(3,3,94,3,3,NULL,NULL),(3,3,95,3,3,NULL,NULL),(3,3,96,3,3,NULL,NULL),(3,3,97,3,3,NULL,NULL),(3,3,98,3,3,NULL,NULL),(3,3,99,3,3,NULL,NULL),(3,3,100,3,3,NULL,NULL),(3,4,51,3,3,NULL,NULL),(3,4,52,3,3,NULL,NULL),(3,4,53,3,3,NULL,NULL),(3,4,54,3,3,NULL,NULL),(3,4,55,3,3,NULL,NULL),(3,4,56,3,3,NULL,NULL),(3,4,57,3,3,NULL,NULL),(3,4,58,3,3,NULL,NULL),(3,4,59,3,3,NULL,NULL),(3,4,60,3,3,NULL,NULL),(3,4,61,3,3,NULL,NULL),(3,4,62,3,3,NULL,NULL),(3,4,63,3,3,NULL,NULL),(3,4,64,3,3,NULL,NULL),(3,4,65,3,3,NULL,NULL),(3,4,66,3,3,NULL,NULL),(3,4,67,3,3,NULL,NULL),(3,4,68,3,3,NULL,NULL),(3,4,69,3,3,NULL,NULL),(3,4,70,3,3,NULL,NULL),(3,4,71,3,3,NULL,NULL),(3,4,72,3,3,NULL,NULL),(3,4,73,3,3,NULL,NULL),(3,4,74,3,3,NULL,NULL),(3,4,75,3,3,NULL,NULL),(3,4,76,3,3,NULL,NULL),(3,4,77,3,3,NULL,NULL),(3,4,78,3,3,NULL,NULL),(3,4,79,3,3,NULL,NULL),(3,4,80,3,3,NULL,NULL),(3,4,81,3,3,NULL,NULL),(3,4,82,3,3,NULL,NULL),(3,4,83,3,3,NULL,NULL),(3,4,84,3,3,NULL,NULL),(3,4,85,3,3,NULL,NULL),(3,4,86,3,3,NULL,NULL),(3,4,87,3,3,NULL,NULL),(3,4,88,3,3,NULL,NULL),(3,4,89,3,3,NULL,NULL),(3,4,90,3,3,NULL,NULL),(3,4,91,3,3,NULL,NULL),(3,4,92,3,3,NULL,NULL),(3,4,93,3,3,NULL,NULL),(3,4,94,3,3,NULL,NULL),(3,4,95,3,3,NULL,NULL),(3,4,96,3,3,NULL,NULL),(3,4,97,3,3,NULL,NULL),(3,4,98,3,3,NULL,NULL),(3,4,99,3,3,NULL,NULL),(3,4,100,3,3,NULL,NULL),(3,5,51,3,3,NULL,NULL),(3,5,52,3,3,NULL,NULL),(3,5,53,3,3,NULL,NULL),(3,5,54,3,3,NULL,NULL),(3,5,55,3,3,NULL,NULL),(3,5,56,3,3,NULL,NULL),(3,5,57,3,3,NULL,NULL),(3,5,58,3,3,NULL,NULL),(3,5,59,3,3,NULL,NULL),(3,5,60,3,3,NULL,NULL),(3,5,61,3,3,NULL,NULL),(3,5,62,3,3,NULL,NULL),(3,5,63,3,3,NULL,NULL),(3,5,64,3,3,NULL,NULL),(3,5,65,3,3,NULL,NULL),(3,5,66,3,3,NULL,NULL),(3,5,67,3,3,NULL,NULL),(3,5,68,3,3,NULL,NULL),(3,5,69,3,3,NULL,NULL),(3,5,70,3,3,NULL,NULL),(3,5,71,3,3,NULL,NULL),(3,5,72,3,3,NULL,NULL),(3,5,73,3,3,NULL,NULL),(3,5,74,3,3,NULL,NULL),(3,5,75,3,3,NULL,NULL),(3,5,76,3,3,NULL,NULL),(3,5,77,3,3,NULL,NULL),(3,5,78,3,3,NULL,NULL),(3,5,79,3,3,NULL,NULL),(3,5,80,3,3,NULL,NULL),(3,5,81,3,3,NULL,NULL),(3,5,82,3,3,NULL,NULL),(3,5,83,3,3,NULL,NULL),(3,5,84,3,3,NULL,NULL),(3,5,85,3,3,NULL,NULL),(3,5,86,3,3,NULL,NULL),(3,5,87,3,3,NULL,NULL),(3,5,88,3,3,NULL,NULL),(3,5,89,3,3,NULL,NULL),(3,5,90,3,3,NULL,NULL),(3,5,91,3,3,NULL,NULL),(3,5,92,3,3,NULL,NULL),(3,5,93,3,3,NULL,NULL),(3,5,94,3,3,NULL,NULL),(3,5,95,3,3,NULL,NULL),(3,5,96,3,3,NULL,NULL),(3,5,97,3,3,NULL,NULL),(3,5,98,3,3,NULL,NULL),(3,5,99,3,3,NULL,NULL),(3,5,100,3,3,NULL,NULL),(3,6,51,3,3,NULL,NULL),(3,6,52,3,3,NULL,NULL),(3,6,53,3,3,NULL,NULL),(3,6,54,3,3,NULL,NULL),(3,6,55,3,3,NULL,NULL),(3,6,56,3,3,NULL,NULL),(3,6,57,3,3,NULL,NULL),(3,6,58,3,3,NULL,NULL),(3,6,59,3,3,NULL,NULL),(3,6,60,3,3,NULL,NULL),(3,6,61,3,3,NULL,NULL),(3,6,62,3,3,NULL,NULL),(3,6,63,3,3,NULL,NULL),(3,6,64,3,3,NULL,NULL),(3,6,65,3,3,NULL,NULL),(3,6,66,3,3,NULL,NULL),(3,6,67,3,3,NULL,NULL),(3,6,68,3,3,NULL,NULL),(3,6,69,3,3,NULL,NULL),(3,6,70,3,3,NULL,NULL),(3,6,71,3,3,NULL,NULL),(3,6,72,3,3,NULL,NULL),(3,6,73,3,3,NULL,NULL),(3,6,74,3,3,NULL,NULL),(3,6,75,3,3,NULL,NULL),(3,6,76,3,3,NULL,NULL),(3,6,77,3,3,NULL,NULL),(3,6,78,3,3,NULL,NULL),(3,6,79,3,3,NULL,NULL),(3,6,80,3,3,NULL,NULL),(3,6,81,3,3,NULL,NULL),(3,6,82,3,3,NULL,NULL),(3,6,83,3,3,NULL,NULL),(3,6,84,3,3,NULL,NULL),(3,6,85,3,3,NULL,NULL),(3,6,86,3,3,NULL,NULL),(3,6,87,3,3,NULL,NULL),(3,6,88,3,3,NULL,NULL),(3,6,89,3,3,NULL,NULL),(3,6,90,3,3,NULL,NULL),(3,6,91,3,3,NULL,NULL),(3,6,92,3,3,NULL,NULL),(3,6,93,3,3,NULL,NULL),(3,6,94,3,3,NULL,NULL),(3,6,95,3,3,NULL,NULL),(3,6,96,3,3,NULL,NULL),(3,6,97,3,3,NULL,NULL),(3,6,98,3,3,NULL,NULL),(3,6,99,3,3,NULL,NULL),(3,6,100,3,3,NULL,NULL),(3,7,51,3,3,NULL,NULL),(3,7,52,3,3,NULL,NULL),(3,7,53,3,3,NULL,NULL),(3,7,54,3,3,NULL,NULL),(3,7,55,3,3,NULL,NULL),(3,7,56,3,3,NULL,NULL),(3,7,57,3,3,NULL,NULL),(3,7,58,3,3,NULL,NULL),(3,7,59,3,3,NULL,NULL),(3,7,60,3,3,NULL,NULL),(3,7,61,3,3,NULL,NULL),(3,7,62,3,3,NULL,NULL),(3,7,63,3,3,NULL,NULL),(3,7,64,3,3,NULL,NULL),(3,7,65,3,3,NULL,NULL),(3,7,66,3,3,NULL,NULL),(3,7,67,3,3,NULL,NULL),(3,7,68,3,3,NULL,NULL),(3,7,69,3,3,NULL,NULL),(3,7,70,3,3,NULL,NULL),(3,7,71,3,3,NULL,NULL),(3,7,72,3,3,NULL,NULL),(3,7,73,3,3,NULL,NULL),(3,7,74,3,3,NULL,NULL),(3,7,75,3,3,NULL,NULL),(3,7,76,3,3,NULL,NULL),(3,7,77,3,3,NULL,NULL),(3,7,78,3,3,NULL,NULL),(3,7,79,3,3,NULL,NULL),(3,7,80,3,3,NULL,NULL),(3,7,81,3,3,NULL,NULL),(3,7,82,3,3,NULL,NULL),(3,7,83,3,3,NULL,NULL),(3,7,84,3,3,NULL,NULL),(3,7,85,3,3,NULL,NULL),(3,7,86,3,3,NULL,NULL),(3,7,87,3,3,NULL,NULL),(3,7,88,3,3,NULL,NULL),(3,7,89,3,3,NULL,NULL),(3,7,90,3,3,NULL,NULL),(3,7,91,3,3,NULL,NULL),(3,7,92,3,3,NULL,NULL),(3,7,93,3,3,NULL,NULL),(3,7,94,3,3,NULL,NULL),(3,7,95,3,3,NULL,NULL),(3,7,96,3,3,NULL,NULL),(3,7,97,3,3,NULL,NULL),(3,7,98,3,3,NULL,NULL),(3,7,99,3,3,NULL,NULL),(3,7,100,3,3,NULL,NULL),(3,8,51,3,3,NULL,NULL),(3,8,52,3,3,NULL,NULL),(3,8,53,3,3,NULL,NULL),(3,8,54,3,3,NULL,NULL),(3,8,55,3,3,NULL,NULL),(3,8,56,3,3,NULL,NULL),(3,8,57,3,3,NULL,NULL),(3,8,58,3,3,NULL,NULL),(3,8,59,3,3,NULL,NULL),(3,8,60,3,3,NULL,NULL),(3,8,61,3,3,NULL,NULL),(3,8,62,3,3,NULL,NULL),(3,8,63,3,3,NULL,NULL),(3,8,64,3,3,NULL,NULL),(3,8,65,3,3,NULL,NULL),(3,8,66,3,3,NULL,NULL),(3,8,67,3,3,NULL,NULL),(3,8,68,3,3,NULL,NULL),(3,8,69,3,3,NULL,NULL),(3,8,70,3,3,NULL,NULL),(3,8,71,3,3,NULL,NULL),(3,8,72,3,3,NULL,NULL),(3,8,73,3,3,NULL,NULL),(3,8,74,3,3,NULL,NULL),(3,8,75,3,3,NULL,NULL),(3,8,76,3,3,NULL,NULL),(3,8,77,3,3,NULL,NULL),(3,8,78,3,3,NULL,NULL),(3,8,79,3,3,NULL,NULL),(3,8,80,3,3,NULL,NULL),(3,8,81,3,3,NULL,NULL),(3,8,82,3,3,NULL,NULL),(3,8,83,3,3,NULL,NULL),(3,8,84,3,3,NULL,NULL),(3,8,85,3,3,NULL,NULL),(3,8,86,3,3,NULL,NULL),(3,8,87,3,3,NULL,NULL),(3,8,88,3,3,NULL,NULL),(3,8,89,3,3,NULL,NULL),(3,8,90,3,3,NULL,NULL),(3,8,91,3,3,NULL,NULL),(3,8,92,3,3,NULL,NULL),(3,8,93,3,3,NULL,NULL),(3,8,94,3,3,NULL,NULL),(3,8,95,3,3,NULL,NULL),(3,8,96,3,3,NULL,NULL),(3,8,97,3,3,NULL,NULL),(3,8,98,3,3,NULL,NULL),(3,8,99,3,3,NULL,NULL),(3,8,100,3,3,NULL,NULL),(3,9,51,3,3,NULL,NULL),(3,9,52,3,3,NULL,NULL),(3,9,53,3,3,NULL,NULL),(3,9,54,3,3,NULL,NULL),(3,9,55,3,3,NULL,NULL),(3,9,56,3,3,NULL,NULL),(3,9,57,3,3,NULL,NULL),(3,9,58,3,3,NULL,NULL),(3,9,59,3,3,NULL,NULL),(3,9,60,3,3,NULL,NULL),(3,9,61,3,3,NULL,NULL),(3,9,62,3,3,NULL,NULL),(3,9,63,3,3,NULL,NULL),(3,9,64,3,3,NULL,NULL),(3,9,65,3,3,NULL,NULL),(3,9,66,3,3,NULL,NULL),(3,9,67,3,3,NULL,NULL),(3,9,68,3,3,NULL,NULL),(3,9,69,3,3,NULL,NULL),(3,9,70,3,3,NULL,NULL),(3,9,71,3,3,NULL,NULL),(3,9,72,3,3,NULL,NULL),(3,9,73,3,3,NULL,NULL),(3,9,74,3,3,NULL,NULL),(3,9,75,3,3,NULL,NULL),(3,9,76,3,3,NULL,NULL),(3,9,77,3,3,NULL,NULL),(3,9,78,3,3,NULL,NULL),(3,9,79,3,3,NULL,NULL),(3,9,80,3,3,NULL,NULL),(3,9,81,3,3,NULL,NULL),(3,9,82,3,3,NULL,NULL),(3,9,83,3,3,NULL,NULL),(3,9,84,3,3,NULL,NULL),(3,9,85,3,3,NULL,NULL),(3,9,86,3,3,NULL,NULL),(3,9,87,3,3,NULL,NULL),(3,9,88,3,3,NULL,NULL),(3,9,89,3,3,NULL,NULL),(3,9,90,3,3,NULL,NULL),(3,9,91,3,3,NULL,NULL),(3,9,92,3,3,NULL,NULL),(3,9,93,3,3,NULL,NULL),(3,9,94,3,3,NULL,NULL),(3,9,95,3,3,NULL,NULL),(3,9,96,3,3,NULL,NULL),(3,9,97,3,3,NULL,NULL),(3,9,98,3,3,NULL,NULL),(3,9,99,3,3,NULL,NULL),(3,9,100,3,3,NULL,NULL),(3,10,51,3,3,NULL,NULL),(3,10,52,3,3,NULL,NULL),(3,10,53,3,3,NULL,NULL),(3,10,54,3,3,NULL,NULL),(3,10,55,3,3,NULL,NULL),(3,10,56,3,3,NULL,NULL),(3,10,57,3,3,NULL,NULL),(3,10,58,3,3,NULL,NULL),(3,10,59,3,3,NULL,NULL),(3,10,60,3,3,NULL,NULL),(3,10,61,3,3,NULL,NULL),(3,10,62,3,3,NULL,NULL),(3,10,63,3,3,NULL,NULL),(3,10,64,3,3,NULL,NULL),(3,10,65,3,3,NULL,NULL),(3,10,66,3,3,NULL,NULL),(3,10,67,3,3,NULL,NULL),(3,10,68,3,3,NULL,NULL),(3,10,69,3,3,NULL,NULL),(3,10,70,3,3,NULL,NULL),(3,10,71,3,3,NULL,NULL),(3,10,72,3,3,NULL,NULL),(3,10,73,3,3,NULL,NULL),(3,10,74,3,3,NULL,NULL),(3,10,75,3,3,NULL,NULL),(3,10,76,3,3,NULL,NULL),(3,10,77,3,3,NULL,NULL),(3,10,78,3,3,NULL,NULL),(3,10,79,3,3,NULL,NULL),(3,10,80,3,3,NULL,NULL),(3,10,81,3,3,NULL,NULL),(3,10,82,3,3,NULL,NULL),(3,10,83,3,3,NULL,NULL),(3,10,84,3,3,NULL,NULL),(3,10,85,3,3,NULL,NULL),(3,10,86,3,3,NULL,NULL),(3,10,87,3,3,NULL,NULL),(3,10,88,3,3,NULL,NULL),(3,10,89,3,3,NULL,NULL),(3,10,90,3,3,NULL,NULL),(3,10,91,3,3,NULL,NULL),(3,10,92,3,3,NULL,NULL),(3,10,93,3,3,NULL,NULL),(3,10,94,3,3,NULL,NULL),(3,10,95,3,3,NULL,NULL),(3,10,96,3,3,NULL,NULL),(3,10,97,3,3,NULL,NULL),(3,10,98,3,3,NULL,NULL),(3,10,99,3,3,NULL,NULL),(3,10,100,3,3,NULL,NULL),(3,11,51,3,3,NULL,NULL),(3,11,52,3,3,NULL,NULL),(3,11,53,3,3,NULL,NULL),(3,11,54,3,3,NULL,NULL),(3,11,55,3,3,NULL,NULL),(3,11,56,3,3,NULL,NULL),(3,11,57,3,3,NULL,NULL),(3,11,58,3,3,NULL,NULL),(3,11,59,3,3,NULL,NULL),(3,11,60,3,3,NULL,NULL),(3,11,61,3,3,NULL,NULL),(3,11,62,3,3,NULL,NULL),(3,11,63,3,3,NULL,NULL),(3,11,64,3,3,NULL,NULL),(3,11,65,3,3,NULL,NULL),(3,11,66,3,3,NULL,NULL),(3,11,67,3,3,NULL,NULL),(3,11,68,3,3,NULL,NULL),(3,11,69,3,3,NULL,NULL),(3,11,70,3,3,NULL,NULL),(3,11,71,3,3,NULL,NULL),(3,11,72,3,3,NULL,NULL),(3,11,73,3,3,NULL,NULL),(3,11,74,3,3,NULL,NULL),(3,11,75,3,3,NULL,NULL),(3,11,76,3,3,NULL,NULL),(3,11,77,3,3,NULL,NULL),(3,11,78,3,3,NULL,NULL),(3,11,79,3,3,NULL,NULL),(3,11,80,3,3,NULL,NULL),(3,11,81,3,3,NULL,NULL),(3,11,82,3,3,NULL,NULL),(3,11,83,3,3,NULL,NULL),(3,11,84,3,3,NULL,NULL),(3,11,85,3,3,NULL,NULL),(3,11,86,3,3,NULL,NULL),(3,11,87,3,3,NULL,NULL),(3,11,88,3,3,NULL,NULL),(3,11,89,3,3,NULL,NULL),(3,11,90,3,3,NULL,NULL),(3,11,91,3,3,NULL,NULL),(3,11,92,3,3,NULL,NULL),(3,11,93,3,3,NULL,NULL),(3,11,94,3,3,NULL,NULL),(3,11,95,3,3,NULL,NULL),(3,11,96,3,3,NULL,NULL),(3,11,97,3,3,NULL,NULL),(3,11,98,3,3,NULL,NULL),(3,11,99,3,3,NULL,NULL),(3,11,100,3,3,NULL,NULL),(3,12,51,3,3,NULL,NULL),(3,12,52,3,3,NULL,NULL),(3,12,53,3,3,NULL,NULL),(3,12,54,3,3,NULL,NULL),(3,12,55,3,3,NULL,NULL),(3,12,56,3,3,NULL,NULL),(3,12,57,3,3,NULL,NULL),(3,12,58,3,3,NULL,NULL),(3,12,59,3,3,NULL,NULL),(3,12,60,3,3,NULL,NULL),(3,12,61,3,3,NULL,NULL),(3,12,62,3,3,NULL,NULL),(3,12,63,3,3,NULL,NULL),(3,12,64,3,3,NULL,NULL),(3,12,65,3,3,NULL,NULL),(3,12,66,3,3,NULL,NULL),(3,12,67,3,3,NULL,NULL),(3,12,68,3,3,NULL,NULL),(3,12,69,3,3,NULL,NULL),(3,12,70,3,3,NULL,NULL),(3,12,71,3,3,NULL,NULL),(3,12,72,3,3,NULL,NULL),(3,12,73,3,3,NULL,NULL),(3,12,74,3,3,NULL,NULL),(3,12,75,3,3,NULL,NULL),(3,12,76,3,3,NULL,NULL),(3,12,77,3,3,NULL,NULL),(3,12,78,3,3,NULL,NULL),(3,12,79,3,3,NULL,NULL),(3,12,80,3,3,NULL,NULL),(3,12,81,3,3,NULL,NULL),(3,12,82,3,3,NULL,NULL),(3,12,83,3,3,NULL,NULL),(3,12,84,3,3,NULL,NULL),(3,12,85,3,3,NULL,NULL),(3,12,86,3,3,NULL,NULL),(3,12,87,3,3,NULL,NULL),(3,12,88,3,3,NULL,NULL),(3,12,89,3,3,NULL,NULL),(3,12,90,3,3,NULL,NULL),(3,12,91,3,3,NULL,NULL),(3,12,92,3,3,NULL,NULL),(3,12,93,3,3,NULL,NULL),(3,12,94,3,3,NULL,NULL),(3,12,95,3,3,NULL,NULL),(3,12,96,3,3,NULL,NULL),(3,12,97,3,3,NULL,NULL),(3,12,98,3,3,NULL,NULL),(3,12,99,3,3,NULL,NULL),(3,12,100,3,3,NULL,NULL),(3,13,51,3,3,NULL,NULL),(3,13,52,3,3,NULL,NULL),(3,13,53,3,3,NULL,NULL),(3,13,54,3,3,NULL,NULL),(3,13,55,3,3,NULL,NULL),(3,13,56,3,3,NULL,NULL),(3,13,57,3,3,NULL,NULL),(3,13,58,3,3,NULL,NULL),(3,13,59,3,3,NULL,NULL),(3,13,60,3,3,NULL,NULL),(3,13,61,3,3,NULL,NULL),(3,13,62,3,3,NULL,NULL),(3,13,63,3,3,NULL,NULL),(3,13,64,3,3,NULL,NULL),(3,13,65,3,3,NULL,NULL),(3,13,66,3,3,NULL,NULL),(3,13,67,3,3,NULL,NULL),(3,13,68,3,3,NULL,NULL),(3,13,69,3,3,NULL,NULL),(3,13,70,3,3,NULL,NULL),(3,13,71,3,3,NULL,NULL),(3,13,72,3,3,NULL,NULL),(3,13,73,3,3,NULL,NULL),(3,13,74,3,3,NULL,NULL),(3,13,75,3,3,NULL,NULL),(3,13,76,3,3,NULL,NULL),(3,13,77,3,3,NULL,NULL),(3,13,78,3,3,NULL,NULL),(3,13,79,3,3,NULL,NULL),(3,13,80,3,3,NULL,NULL),(3,13,81,3,3,NULL,NULL),(3,13,82,3,3,NULL,NULL),(3,13,83,3,3,NULL,NULL),(3,13,84,3,3,NULL,NULL),(3,13,85,3,3,NULL,NULL),(3,13,86,3,3,NULL,NULL),(3,13,87,3,3,NULL,NULL),(3,13,88,3,3,NULL,NULL),(3,13,89,3,3,NULL,NULL),(3,13,90,3,3,NULL,NULL),(3,13,91,3,3,NULL,NULL),(3,13,92,3,3,NULL,NULL),(3,13,93,3,3,NULL,NULL),(3,13,94,3,3,NULL,NULL),(3,13,95,3,3,NULL,NULL),(3,13,96,3,3,NULL,NULL),(3,13,97,3,3,NULL,NULL),(3,13,98,3,3,NULL,NULL),(3,13,99,3,3,NULL,NULL),(3,13,100,3,3,NULL,NULL),(3,14,51,3,3,NULL,NULL),(3,14,52,3,3,NULL,NULL),(3,14,53,3,3,NULL,NULL),(3,14,54,3,3,NULL,NULL),(3,14,55,3,3,NULL,NULL),(3,14,56,3,3,NULL,NULL),(3,14,57,3,3,NULL,NULL),(3,14,58,3,3,NULL,NULL),(3,14,59,3,3,NULL,NULL),(3,14,60,3,3,NULL,NULL),(3,14,61,3,3,NULL,NULL),(3,14,62,3,3,NULL,NULL),(3,14,63,3,3,NULL,NULL),(3,14,64,3,3,NULL,NULL),(3,14,65,3,3,NULL,NULL),(3,14,66,3,3,NULL,NULL),(3,14,67,3,3,NULL,NULL),(3,14,68,3,3,NULL,NULL),(3,14,69,3,3,NULL,NULL),(3,14,70,3,3,NULL,NULL),(3,14,71,3,3,NULL,NULL),(3,14,72,3,3,NULL,NULL),(3,14,73,3,3,NULL,NULL),(3,14,74,3,3,NULL,NULL),(3,14,75,3,3,NULL,NULL),(3,14,76,3,3,NULL,NULL),(3,14,77,3,3,NULL,NULL),(3,14,78,3,3,NULL,NULL),(3,14,79,3,3,NULL,NULL),(3,14,80,3,3,NULL,NULL),(3,14,81,3,3,NULL,NULL),(3,14,82,3,3,NULL,NULL),(3,14,83,3,3,NULL,NULL),(3,14,84,3,3,NULL,NULL),(3,14,85,3,3,NULL,NULL),(3,14,86,3,3,NULL,NULL),(3,14,87,3,3,NULL,NULL),(3,14,88,3,3,NULL,NULL),(3,14,89,3,3,NULL,NULL),(3,14,90,3,3,NULL,NULL),(3,14,91,3,3,NULL,NULL),(3,14,92,3,3,NULL,NULL),(3,14,93,3,3,NULL,NULL),(3,14,94,3,3,NULL,NULL),(3,14,95,3,3,NULL,NULL),(3,14,96,3,3,NULL,NULL),(3,14,97,3,3,NULL,NULL),(3,14,98,3,3,NULL,NULL),(3,14,99,3,3,NULL,NULL),(3,14,100,3,3,NULL,NULL),(3,15,51,3,3,NULL,NULL),(3,15,52,3,3,NULL,NULL),(3,15,53,3,3,NULL,NULL),(3,15,54,3,3,NULL,NULL),(3,15,55,3,3,NULL,NULL),(3,15,56,3,3,NULL,NULL),(3,15,57,3,3,NULL,NULL),(3,15,58,3,3,NULL,NULL),(3,15,59,3,3,NULL,NULL),(3,15,60,3,3,NULL,NULL),(3,15,61,3,3,NULL,NULL),(3,15,62,3,3,NULL,NULL),(3,15,63,3,3,NULL,NULL),(3,15,64,3,3,NULL,NULL),(3,15,65,3,3,NULL,NULL),(3,15,66,3,3,NULL,NULL),(3,15,67,3,3,NULL,NULL),(3,15,68,3,3,NULL,NULL),(3,15,69,3,3,NULL,NULL),(3,15,70,3,3,NULL,NULL),(3,15,71,3,3,NULL,NULL),(3,15,72,3,3,NULL,NULL),(3,15,73,3,3,NULL,NULL),(3,15,74,3,3,NULL,NULL),(3,15,75,3,3,NULL,NULL),(3,15,76,3,3,NULL,NULL),(3,15,77,3,3,NULL,NULL),(3,15,78,3,3,NULL,NULL),(3,15,79,3,3,NULL,NULL),(3,15,80,3,3,NULL,NULL),(3,15,81,3,3,NULL,NULL),(3,15,82,3,3,NULL,NULL),(3,15,83,3,3,NULL,NULL),(3,15,84,3,3,NULL,NULL),(3,15,85,3,3,NULL,NULL),(3,15,86,3,3,NULL,NULL),(3,15,87,3,3,NULL,NULL),(3,15,88,3,3,NULL,NULL),(3,15,89,3,3,NULL,NULL),(3,15,90,3,3,NULL,NULL),(3,15,91,3,3,NULL,NULL),(3,15,92,3,3,NULL,NULL),(3,15,93,3,3,NULL,NULL),(3,15,94,3,3,NULL,NULL),(3,15,95,3,3,NULL,NULL),(3,15,96,3,3,NULL,NULL),(3,15,97,3,3,NULL,NULL),(3,15,98,3,3,NULL,NULL),(3,15,99,3,3,NULL,NULL),(3,15,100,3,3,NULL,NULL),(3,16,51,20,2,1650,NULL),(3,16,52,3,3,NULL,NULL),(3,16,53,3,3,NULL,NULL),(3,16,54,3,3,NULL,NULL),(3,16,55,3,3,NULL,NULL),(3,16,56,3,3,NULL,NULL),(3,16,57,3,3,NULL,NULL),(3,16,58,3,3,NULL,NULL),(3,16,59,3,3,NULL,NULL),(3,16,60,3,3,NULL,NULL),(3,16,61,3,3,NULL,NULL),(3,16,62,3,3,NULL,NULL),(3,16,63,3,3,NULL,NULL),(3,16,64,3,3,NULL,NULL),(3,16,65,3,3,NULL,NULL),(3,16,66,3,3,NULL,NULL),(3,16,67,3,3,NULL,NULL),(3,16,68,3,3,NULL,NULL),(3,16,69,3,3,NULL,NULL),(3,16,70,3,3,NULL,NULL),(3,16,71,3,3,NULL,NULL),(3,16,72,3,3,NULL,NULL),(3,16,73,3,3,NULL,NULL),(3,16,74,3,3,NULL,NULL),(3,16,75,3,3,NULL,NULL),(3,16,76,3,3,NULL,NULL),(3,16,77,3,3,NULL,NULL),(3,16,78,3,3,NULL,NULL),(3,16,79,3,3,NULL,NULL),(3,16,80,3,3,NULL,NULL),(3,16,81,3,3,NULL,NULL),(3,16,82,3,3,NULL,NULL),(3,16,83,3,3,NULL,NULL),(3,16,84,3,3,NULL,NULL),(3,16,85,3,3,NULL,NULL),(3,16,86,3,3,NULL,NULL),(3,16,87,3,3,NULL,NULL),(3,16,88,3,3,NULL,NULL),(3,16,89,3,3,NULL,NULL),(3,16,90,3,3,NULL,NULL),(3,16,91,3,3,NULL,NULL),(3,16,92,3,3,NULL,NULL),(3,16,93,3,3,NULL,NULL),(3,16,94,3,3,NULL,NULL),(3,16,95,3,3,NULL,NULL),(3,16,96,3,3,NULL,NULL),(3,16,97,3,3,NULL,NULL),(3,16,98,3,3,NULL,NULL),(3,16,99,3,3,NULL,NULL),(3,16,100,3,3,NULL,NULL),(3,17,51,3,3,NULL,NULL),(3,17,52,3,3,NULL,NULL),(3,17,53,3,3,NULL,NULL),(3,17,54,3,3,NULL,NULL),(3,17,55,3,3,NULL,NULL),(3,17,56,3,3,NULL,NULL),(3,17,57,3,3,NULL,NULL),(3,17,58,3,3,NULL,NULL),(3,17,59,3,3,NULL,NULL),(3,17,60,3,3,NULL,NULL),(3,17,61,3,3,NULL,NULL),(3,17,62,3,3,NULL,NULL),(3,17,63,3,3,NULL,NULL),(3,17,64,3,3,NULL,NULL),(3,17,65,3,3,NULL,NULL),(3,17,66,3,3,NULL,NULL),(3,17,67,3,3,NULL,NULL),(3,17,68,3,3,NULL,NULL),(3,17,69,3,3,NULL,NULL),(3,17,70,3,3,NULL,NULL),(3,17,71,3,3,NULL,NULL),(3,17,72,3,3,NULL,NULL),(3,17,73,3,3,NULL,NULL),(3,17,74,3,3,NULL,NULL),(3,17,75,3,3,NULL,NULL),(3,17,76,3,3,NULL,NULL),(3,17,77,3,3,NULL,NULL),(3,17,78,3,3,NULL,NULL),(3,17,79,3,3,NULL,NULL),(3,17,80,3,3,NULL,NULL),(3,17,81,3,3,NULL,NULL),(3,17,82,3,3,NULL,NULL),(3,17,83,3,3,NULL,NULL),(3,17,84,3,3,NULL,NULL),(3,17,85,3,3,NULL,NULL),(3,17,86,3,3,NULL,NULL),(3,17,87,3,3,NULL,NULL),(3,17,88,3,3,NULL,NULL),(3,17,89,3,3,NULL,NULL),(3,17,90,3,3,NULL,NULL),(3,17,91,3,3,NULL,NULL),(3,17,92,3,3,NULL,NULL),(3,17,93,3,3,NULL,NULL),(3,17,94,3,3,NULL,NULL),(3,17,95,3,3,NULL,NULL),(3,17,96,3,3,NULL,NULL),(3,17,97,3,3,NULL,NULL),(3,17,98,3,3,NULL,NULL),(3,17,99,3,3,NULL,NULL),(3,17,100,3,3,NULL,NULL),(3,18,51,2,2,NULL,NULL),(3,18,52,3,3,NULL,NULL),(3,18,53,3,3,NULL,NULL),(3,18,54,3,3,NULL,NULL),(3,18,55,3,3,NULL,NULL),(3,18,56,3,3,NULL,NULL),(3,18,57,3,3,NULL,NULL),(3,18,58,3,3,NULL,NULL),(3,18,59,3,3,NULL,NULL),(3,18,60,3,3,NULL,NULL),(3,18,61,3,3,NULL,NULL),(3,18,62,3,3,NULL,NULL),(3,18,63,3,3,NULL,NULL),(3,18,64,3,3,NULL,NULL),(3,18,65,3,3,NULL,NULL),(3,18,66,3,3,NULL,NULL),(3,18,67,3,3,NULL,NULL),(3,18,68,3,3,NULL,NULL),(3,18,69,3,3,NULL,NULL),(3,18,70,3,3,NULL,NULL),(3,18,71,3,3,NULL,NULL),(3,18,72,3,3,NULL,NULL),(3,18,73,3,3,NULL,NULL),(3,18,74,3,3,NULL,NULL),(3,18,75,3,3,NULL,NULL),(3,18,76,3,3,NULL,NULL),(3,18,77,3,3,NULL,NULL),(3,18,78,3,3,NULL,NULL),(3,18,79,3,3,NULL,NULL),(3,18,80,3,3,NULL,NULL),(3,18,81,3,3,NULL,NULL),(3,18,82,3,3,NULL,NULL),(3,18,83,3,3,NULL,NULL),(3,18,84,3,3,NULL,NULL),(3,18,85,3,3,NULL,NULL),(3,18,86,3,3,NULL,NULL),(3,18,87,3,3,NULL,NULL),(3,18,88,3,3,NULL,NULL),(3,18,89,3,3,NULL,NULL),(3,18,90,3,3,NULL,NULL),(3,18,91,3,3,NULL,NULL),(3,18,92,3,3,NULL,NULL),(3,18,93,3,3,NULL,NULL),(3,18,94,3,3,NULL,NULL),(3,18,95,3,3,NULL,NULL),(3,18,96,3,3,NULL,NULL),(3,18,97,3,3,NULL,NULL),(3,18,98,3,3,NULL,NULL),(3,18,99,3,3,NULL,NULL),(3,18,100,3,3,NULL,NULL),(3,19,51,2,2,NULL,NULL),(3,19,52,3,3,NULL,NULL),(3,19,53,3,3,NULL,NULL),(3,19,54,3,3,NULL,NULL),(3,19,55,3,3,NULL,NULL),(3,19,56,3,3,NULL,NULL),(3,19,57,3,3,NULL,NULL),(3,19,58,3,3,NULL,NULL),(3,19,59,3,3,NULL,NULL),(3,19,60,3,3,NULL,NULL),(3,19,61,3,3,NULL,NULL),(3,19,62,3,3,NULL,NULL),(3,19,63,3,3,NULL,NULL),(3,19,64,3,3,NULL,NULL),(3,19,65,3,3,NULL,NULL),(3,19,66,3,3,NULL,NULL),(3,19,67,3,3,NULL,NULL),(3,19,68,3,3,NULL,NULL),(3,19,69,3,3,NULL,NULL),(3,19,70,3,3,NULL,NULL),(3,19,71,3,3,NULL,NULL),(3,19,72,3,3,NULL,NULL),(3,19,73,3,3,NULL,NULL),(3,19,74,3,3,NULL,NULL),(3,19,75,3,3,NULL,NULL),(3,19,76,3,3,NULL,NULL),(3,19,77,3,3,NULL,NULL),(3,19,78,3,3,NULL,NULL),(3,19,79,3,3,NULL,NULL),(3,19,80,3,3,NULL,NULL),(3,19,81,3,3,NULL,NULL),(3,19,82,3,3,NULL,NULL),(3,19,83,3,3,NULL,NULL),(3,19,84,3,3,NULL,NULL),(3,19,85,3,3,NULL,NULL),(3,19,86,3,3,NULL,NULL),(3,19,87,3,3,NULL,NULL),(3,19,88,3,3,NULL,NULL),(3,19,89,3,3,NULL,NULL),(3,19,90,3,3,NULL,NULL),(3,19,91,3,3,NULL,NULL),(3,19,92,3,3,NULL,NULL),(3,19,93,3,3,NULL,NULL),(3,19,94,3,3,NULL,NULL),(3,19,95,3,3,NULL,NULL),(3,19,96,3,3,NULL,NULL),(3,19,97,3,3,NULL,NULL),(3,19,98,3,3,NULL,NULL),(3,19,99,3,3,NULL,NULL),(3,19,100,3,3,NULL,NULL),(3,20,51,2,2,NULL,NULL),(3,20,52,3,3,NULL,NULL),(3,20,53,3,3,NULL,NULL),(3,20,54,3,3,NULL,NULL),(3,20,55,3,3,NULL,NULL),(3,20,56,3,3,NULL,NULL),(3,20,57,3,3,NULL,NULL),(3,20,58,3,3,NULL,NULL),(3,20,59,3,3,NULL,NULL),(3,20,60,3,3,NULL,NULL),(3,20,61,3,3,NULL,NULL),(3,20,62,3,3,NULL,NULL),(3,20,63,3,3,NULL,NULL),(3,20,64,3,3,NULL,NULL),(3,20,65,3,3,NULL,NULL),(3,20,66,3,3,NULL,NULL),(3,20,67,3,3,NULL,NULL),(3,20,68,3,3,NULL,NULL),(3,20,69,3,3,NULL,NULL),(3,20,70,3,3,NULL,NULL),(3,20,71,3,3,NULL,NULL),(3,20,72,3,3,NULL,NULL),(3,20,73,3,3,NULL,NULL),(3,20,74,3,3,NULL,NULL),(3,20,75,3,3,NULL,NULL),(3,20,76,3,3,NULL,NULL),(3,20,77,3,3,NULL,NULL),(3,20,78,3,3,NULL,NULL),(3,20,79,3,3,NULL,NULL),(3,20,80,3,3,NULL,NULL),(3,20,81,3,3,NULL,NULL),(3,20,82,3,3,NULL,NULL),(3,20,83,3,3,NULL,NULL),(3,20,84,3,3,NULL,NULL),(3,20,85,3,3,NULL,NULL),(3,20,86,3,3,NULL,NULL),(3,20,87,3,3,NULL,NULL),(3,20,88,3,3,NULL,NULL),(3,20,89,3,3,NULL,NULL),(3,20,90,3,3,NULL,NULL),(3,20,91,3,3,NULL,NULL),(3,20,92,3,3,NULL,NULL),(3,20,93,3,3,NULL,NULL),(3,20,94,3,3,NULL,NULL),(3,20,95,3,3,NULL,NULL),(3,20,96,3,3,NULL,NULL),(3,20,97,3,3,NULL,NULL),(3,20,98,3,3,NULL,NULL),(3,20,99,3,3,NULL,NULL),(3,20,100,3,3,NULL,NULL),(3,21,51,2,2,NULL,NULL),(3,21,52,3,3,NULL,NULL),(3,21,53,3,3,NULL,NULL),(3,21,54,3,3,NULL,NULL),(3,21,55,3,3,NULL,NULL),(3,21,56,3,3,NULL,NULL),(3,21,57,3,3,NULL,NULL),(3,21,58,3,3,NULL,NULL),(3,21,59,3,3,NULL,NULL),(3,21,60,3,3,NULL,NULL),(3,21,61,3,3,NULL,NULL),(3,21,62,3,3,NULL,NULL),(3,21,63,3,3,NULL,NULL),(3,21,64,3,3,NULL,NULL),(3,21,65,3,3,NULL,NULL),(3,21,66,3,3,NULL,NULL),(3,21,67,3,3,NULL,NULL),(3,21,68,3,3,NULL,NULL),(3,21,69,3,3,NULL,NULL),(3,21,70,3,3,NULL,NULL),(3,21,71,3,3,NULL,NULL),(3,21,72,3,3,NULL,NULL),(3,21,73,3,3,NULL,NULL),(3,21,74,3,3,NULL,NULL),(3,21,75,3,3,NULL,NULL),(3,21,76,3,3,NULL,NULL),(3,21,77,3,3,NULL,NULL),(3,21,78,3,3,NULL,NULL),(3,21,79,3,3,NULL,NULL),(3,21,80,3,3,NULL,NULL),(3,21,81,3,3,NULL,NULL),(3,21,82,3,3,NULL,NULL),(3,21,83,3,3,NULL,NULL),(3,21,84,3,3,NULL,NULL),(3,21,85,3,3,NULL,NULL),(3,21,86,3,3,NULL,NULL),(3,21,87,3,3,NULL,NULL),(3,21,88,3,3,NULL,NULL),(3,21,89,3,3,NULL,NULL),(3,21,90,3,3,NULL,NULL),(3,21,91,3,3,NULL,NULL),(3,21,92,3,3,NULL,NULL),(3,21,93,3,3,NULL,NULL),(3,21,94,3,3,NULL,NULL),(3,21,95,3,3,NULL,NULL),(3,21,96,3,3,NULL,NULL),(3,21,97,3,3,NULL,NULL),(3,21,98,3,3,NULL,NULL),(3,21,99,3,3,NULL,NULL),(3,21,100,3,3,NULL,NULL),(3,22,51,2,2,NULL,NULL),(3,22,52,3,3,NULL,NULL),(3,22,53,3,3,NULL,NULL),(3,22,54,3,3,NULL,NULL),(3,22,55,3,3,NULL,NULL),(3,22,56,3,3,NULL,NULL),(3,22,57,3,3,NULL,NULL),(3,22,58,3,3,NULL,NULL),(3,22,59,3,3,NULL,NULL),(3,22,60,3,3,NULL,NULL),(3,22,61,3,3,NULL,NULL),(3,22,62,3,3,NULL,NULL),(3,22,63,3,3,NULL,NULL),(3,22,64,3,3,NULL,NULL),(3,22,65,3,3,NULL,NULL),(3,22,66,3,3,NULL,NULL),(3,22,67,3,3,NULL,NULL),(3,22,68,3,3,NULL,NULL),(3,22,69,3,3,NULL,NULL),(3,22,70,3,3,NULL,NULL),(3,22,71,3,3,NULL,NULL),(3,22,72,3,3,NULL,NULL),(3,22,73,3,3,NULL,NULL),(3,22,74,3,3,NULL,NULL),(3,22,75,3,3,NULL,NULL),(3,22,76,3,3,NULL,NULL),(3,22,77,3,3,NULL,NULL),(3,22,78,3,3,NULL,NULL),(3,22,79,3,3,NULL,NULL),(3,22,80,3,3,NULL,NULL),(3,22,81,3,3,NULL,NULL),(3,22,82,3,3,NULL,NULL),(3,22,83,3,3,NULL,NULL),(3,22,84,3,3,NULL,NULL),(3,22,85,3,3,NULL,NULL),(3,22,86,3,3,NULL,NULL),(3,22,87,3,3,NULL,NULL),(3,22,88,3,3,NULL,NULL),(3,22,89,3,3,NULL,NULL),(3,22,90,3,3,NULL,NULL),(3,22,91,3,3,NULL,NULL),(3,22,92,3,3,NULL,NULL),(3,22,93,3,3,NULL,NULL),(3,22,94,3,3,NULL,NULL),(3,22,95,3,3,NULL,NULL),(3,22,96,3,3,NULL,NULL),(3,22,97,3,3,NULL,NULL),(3,22,98,3,3,NULL,NULL),(3,22,99,3,3,NULL,NULL),(3,22,100,3,3,NULL,NULL),(3,23,51,2,2,NULL,NULL),(3,23,52,3,3,NULL,NULL),(3,23,53,3,3,NULL,NULL),(3,23,54,3,3,NULL,NULL),(3,23,55,3,3,NULL,NULL),(3,23,56,3,3,NULL,NULL),(3,23,57,3,3,NULL,NULL),(3,23,58,3,3,NULL,NULL),(3,23,59,3,3,NULL,NULL),(3,23,60,3,3,NULL,NULL),(3,23,61,3,3,NULL,NULL),(3,23,62,3,3,NULL,NULL),(3,23,63,3,3,NULL,NULL),(3,23,64,3,3,NULL,NULL),(3,23,65,3,3,NULL,NULL),(3,23,66,3,3,NULL,NULL),(3,23,67,3,3,NULL,NULL),(3,23,68,3,3,NULL,NULL),(3,23,69,3,3,NULL,NULL),(3,23,70,3,3,NULL,NULL),(3,23,71,3,3,NULL,NULL),(3,23,72,3,3,NULL,NULL),(3,23,73,3,3,NULL,NULL),(3,23,74,3,3,NULL,NULL),(3,23,75,3,3,NULL,NULL),(3,23,76,3,3,NULL,NULL),(3,23,77,3,3,NULL,NULL),(3,23,78,3,3,NULL,NULL),(3,23,79,3,3,NULL,NULL),(3,23,80,3,3,NULL,NULL),(3,23,81,3,3,NULL,NULL),(3,23,82,3,3,NULL,NULL),(3,23,83,3,3,NULL,NULL),(3,23,84,3,3,NULL,NULL),(3,23,85,3,3,NULL,NULL),(3,23,86,3,3,NULL,NULL),(3,23,87,3,3,NULL,NULL),(3,23,88,3,3,NULL,NULL),(3,23,89,3,3,NULL,NULL),(3,23,90,3,3,NULL,NULL),(3,23,91,3,3,NULL,NULL),(3,23,92,3,3,NULL,NULL),(3,23,93,3,3,NULL,NULL),(3,23,94,3,3,NULL,NULL),(3,23,95,3,3,NULL,NULL),(3,23,96,3,3,NULL,NULL),(3,23,97,3,3,NULL,NULL),(3,23,98,3,3,NULL,NULL),(3,23,99,3,3,NULL,NULL),(3,23,100,3,3,NULL,NULL),(3,24,51,2,2,NULL,NULL),(3,24,52,3,3,NULL,NULL),(3,24,53,3,3,NULL,NULL),(3,24,54,3,3,NULL,NULL),(3,24,55,3,3,NULL,NULL),(3,24,56,3,3,NULL,NULL),(3,24,57,3,3,NULL,NULL),(3,24,58,3,3,NULL,NULL),(3,24,59,3,3,NULL,NULL),(3,24,60,3,3,NULL,NULL),(3,24,61,3,3,NULL,NULL),(3,24,62,3,3,NULL,NULL),(3,24,63,3,3,NULL,NULL),(3,24,64,3,3,NULL,NULL),(3,24,65,3,3,NULL,NULL),(3,24,66,3,3,NULL,NULL),(3,24,67,3,3,NULL,NULL),(3,24,68,3,3,NULL,NULL),(3,24,69,3,3,NULL,NULL),(3,24,70,3,3,NULL,NULL),(3,24,71,3,3,NULL,NULL),(3,24,72,3,3,NULL,NULL),(3,24,73,3,3,NULL,NULL),(3,24,74,3,3,NULL,NULL),(3,24,75,3,3,NULL,NULL),(3,24,76,3,3,NULL,NULL),(3,24,77,3,3,NULL,NULL),(3,24,78,3,3,NULL,NULL),(3,24,79,3,3,NULL,NULL),(3,24,80,3,3,NULL,NULL),(3,24,81,3,3,NULL,NULL),(3,24,82,3,3,NULL,NULL),(3,24,83,3,3,NULL,NULL),(3,24,84,3,3,NULL,NULL),(3,24,85,3,3,NULL,NULL),(3,24,86,3,3,NULL,NULL),(3,24,87,3,3,NULL,NULL),(3,24,88,3,3,NULL,NULL),(3,24,89,3,3,NULL,NULL),(3,24,90,3,3,NULL,NULL),(3,24,91,3,3,NULL,NULL),(3,24,92,3,3,NULL,NULL),(3,24,93,3,3,NULL,NULL),(3,24,94,3,3,NULL,NULL),(3,24,95,3,3,NULL,NULL),(3,24,96,3,3,NULL,NULL),(3,24,97,3,3,NULL,NULL),(3,24,98,3,3,NULL,NULL),(3,24,99,3,3,NULL,NULL),(3,24,100,3,3,NULL,NULL),(3,25,51,2,2,NULL,NULL),(3,25,52,3,3,NULL,NULL),(3,25,53,3,3,NULL,NULL),(3,25,54,3,3,NULL,NULL),(3,25,55,3,3,NULL,NULL),(3,25,56,3,3,NULL,NULL),(3,25,57,3,3,NULL,NULL),(3,25,58,3,3,NULL,NULL),(3,25,59,3,3,NULL,NULL),(3,25,60,3,3,NULL,NULL),(3,25,61,3,3,NULL,NULL),(3,25,62,3,3,NULL,NULL),(3,25,63,3,3,NULL,NULL),(3,25,64,3,3,NULL,NULL),(3,25,65,3,3,NULL,NULL),(3,25,66,3,3,NULL,NULL),(3,25,67,3,3,NULL,NULL),(3,25,68,3,3,NULL,NULL),(3,25,69,3,3,NULL,NULL),(3,25,70,3,3,NULL,NULL),(3,25,71,3,3,NULL,NULL),(3,25,72,3,3,NULL,NULL),(3,25,73,3,3,NULL,NULL),(3,25,74,3,3,NULL,NULL),(3,25,75,3,3,NULL,NULL),(3,25,76,3,3,NULL,NULL),(3,25,77,3,3,NULL,NULL),(3,25,78,3,3,NULL,NULL),(3,25,79,3,3,NULL,NULL),(3,25,80,3,3,NULL,NULL),(3,25,81,3,3,NULL,NULL),(3,25,82,3,3,NULL,NULL),(3,25,83,3,3,NULL,NULL),(3,25,84,3,3,NULL,NULL),(3,25,85,3,3,NULL,NULL),(3,25,86,3,3,NULL,NULL),(3,25,87,3,3,NULL,NULL),(3,25,88,3,3,NULL,NULL),(3,25,89,3,3,NULL,NULL),(3,25,90,3,3,NULL,NULL),(3,25,91,3,3,NULL,NULL),(3,25,92,3,3,NULL,NULL),(3,25,93,3,3,NULL,NULL),(3,25,94,3,3,NULL,NULL),(3,25,95,3,3,NULL,NULL),(3,25,96,3,3,NULL,NULL),(3,25,97,3,3,NULL,NULL),(3,25,98,3,3,NULL,NULL),(3,25,99,3,3,NULL,NULL),(3,25,100,3,3,NULL,NULL),(3,26,51,2,2,NULL,NULL),(3,26,52,3,3,NULL,NULL),(3,26,53,3,3,NULL,NULL),(3,26,54,3,3,NULL,NULL),(3,26,55,3,3,NULL,NULL),(3,26,56,3,3,NULL,NULL),(3,26,57,3,3,NULL,NULL),(3,26,58,3,3,NULL,NULL),(3,26,59,3,3,NULL,NULL),(3,26,60,3,3,NULL,NULL),(3,26,61,3,3,NULL,NULL),(3,26,62,3,3,NULL,NULL),(3,26,63,3,3,NULL,NULL),(3,26,64,3,3,NULL,NULL),(3,26,65,3,3,NULL,NULL),(3,26,66,3,3,NULL,NULL),(3,26,67,3,3,NULL,NULL),(3,26,68,3,3,NULL,NULL),(3,26,69,3,3,NULL,NULL),(3,26,70,3,3,NULL,NULL),(3,26,71,3,3,NULL,NULL),(3,26,72,3,3,NULL,NULL),(3,26,73,3,3,NULL,NULL),(3,26,74,3,3,NULL,NULL),(3,26,75,3,3,NULL,NULL),(3,26,76,3,3,NULL,NULL),(3,26,77,3,3,NULL,NULL),(3,26,78,3,3,NULL,NULL),(3,26,79,3,3,NULL,NULL),(3,26,80,3,3,NULL,NULL),(3,26,81,3,3,NULL,NULL),(3,26,82,3,3,NULL,NULL),(3,26,83,3,3,NULL,NULL),(3,26,84,3,3,NULL,NULL),(3,26,85,3,3,NULL,NULL),(3,26,86,3,3,NULL,NULL),(3,26,87,3,3,NULL,NULL),(3,26,88,3,3,NULL,NULL),(3,26,89,3,3,NULL,NULL),(3,26,90,3,3,NULL,NULL),(3,26,91,3,3,NULL,NULL),(3,26,92,3,3,NULL,NULL),(3,26,93,3,3,NULL,NULL),(3,26,94,3,3,NULL,NULL),(3,26,95,3,3,NULL,NULL),(3,26,96,3,3,NULL,NULL),(3,26,97,3,3,NULL,NULL),(3,26,98,3,3,NULL,NULL),(3,26,99,3,3,NULL,NULL),(3,26,100,3,3,NULL,NULL),(3,27,51,3,3,NULL,NULL),(3,27,52,3,3,NULL,NULL),(3,27,53,3,3,NULL,NULL),(3,27,54,3,3,NULL,NULL),(3,27,55,3,3,NULL,NULL),(3,27,56,3,3,NULL,NULL),(3,27,57,3,3,NULL,NULL),(3,27,58,3,3,NULL,NULL),(3,27,59,3,3,NULL,NULL),(3,27,60,3,3,NULL,NULL),(3,27,61,3,3,NULL,NULL),(3,27,62,3,3,NULL,NULL),(3,27,63,3,3,NULL,NULL),(3,27,64,3,3,NULL,NULL),(3,27,65,3,3,NULL,NULL),(3,27,66,3,3,NULL,NULL),(3,27,67,3,3,NULL,NULL),(3,27,68,3,3,NULL,NULL),(3,27,69,3,3,NULL,NULL),(3,27,70,3,3,NULL,NULL),(3,27,71,3,3,NULL,NULL),(3,27,72,3,3,NULL,NULL),(3,27,73,3,3,NULL,NULL),(3,27,74,3,3,NULL,NULL),(3,27,75,3,3,NULL,NULL),(3,27,76,3,3,NULL,NULL),(3,27,77,3,3,NULL,NULL),(3,27,78,3,3,NULL,NULL),(3,27,79,3,3,NULL,NULL),(3,27,80,3,3,NULL,NULL),(3,27,81,3,3,NULL,NULL),(3,27,82,3,3,NULL,NULL),(3,27,83,3,3,NULL,NULL),(3,27,84,3,3,NULL,NULL),(3,27,85,3,3,NULL,NULL),(3,27,86,3,3,NULL,NULL),(3,27,87,3,3,NULL,NULL),(3,27,88,3,3,NULL,NULL),(3,27,89,3,3,NULL,NULL),(3,27,90,3,3,NULL,NULL),(3,27,91,3,3,NULL,NULL),(3,27,92,3,3,NULL,NULL),(3,27,93,3,3,NULL,NULL),(3,27,94,3,3,NULL,NULL),(3,27,95,3,3,NULL,NULL),(3,27,96,3,3,NULL,NULL),(3,27,97,3,3,NULL,NULL),(3,27,98,3,3,NULL,NULL),(3,27,99,3,3,NULL,NULL),(3,27,100,3,3,NULL,NULL),(3,28,51,3,3,NULL,NULL),(3,28,52,3,3,NULL,NULL),(3,28,53,3,3,NULL,NULL),(3,28,54,3,3,NULL,NULL),(3,28,55,3,3,NULL,NULL),(3,28,56,3,3,NULL,NULL),(3,28,57,3,3,NULL,NULL),(3,28,58,3,3,NULL,NULL),(3,28,59,3,3,NULL,NULL),(3,28,60,3,3,NULL,NULL),(3,28,61,3,3,NULL,NULL),(3,28,62,3,3,NULL,NULL),(3,28,63,3,3,NULL,NULL),(3,28,64,3,3,NULL,NULL),(3,28,65,3,3,NULL,NULL),(3,28,66,3,3,NULL,NULL),(3,28,67,3,3,NULL,NULL),(3,28,68,3,3,NULL,NULL),(3,28,69,3,3,NULL,NULL),(3,28,70,3,3,NULL,NULL),(3,28,71,3,3,NULL,NULL),(3,28,72,3,3,NULL,NULL),(3,28,73,3,3,NULL,NULL),(3,28,74,3,3,NULL,NULL),(3,28,75,3,3,NULL,NULL),(3,28,76,3,3,NULL,NULL),(3,28,77,3,3,NULL,NULL),(3,28,78,3,3,NULL,NULL),(3,28,79,3,3,NULL,NULL),(3,28,80,3,3,NULL,NULL),(3,28,81,3,3,NULL,NULL),(3,28,82,3,3,NULL,NULL),(3,28,83,3,3,NULL,NULL),(3,28,84,3,3,NULL,NULL),(3,28,85,3,3,NULL,NULL),(3,28,86,3,3,NULL,NULL),(3,28,87,3,3,NULL,NULL),(3,28,88,3,3,NULL,NULL),(3,28,89,3,3,NULL,NULL),(3,28,90,3,3,NULL,NULL),(3,28,91,3,3,NULL,NULL),(3,28,92,3,3,NULL,NULL),(3,28,93,3,3,NULL,NULL),(3,28,94,3,3,NULL,NULL),(3,28,95,3,3,NULL,NULL),(3,28,96,3,3,NULL,NULL),(3,28,97,3,3,NULL,NULL),(3,28,98,3,3,NULL,NULL),(3,28,99,3,3,NULL,NULL),(3,28,100,3,3,NULL,NULL),(3,29,51,3,3,NULL,NULL),(3,29,52,3,3,NULL,NULL),(3,29,53,3,3,NULL,NULL),(3,29,54,3,3,NULL,NULL),(3,29,55,3,3,NULL,NULL),(3,29,56,3,3,NULL,NULL),(3,29,57,3,3,NULL,NULL),(3,29,58,3,3,NULL,NULL),(3,29,59,3,3,NULL,NULL),(3,29,60,3,3,NULL,NULL),(3,29,61,3,3,NULL,NULL),(3,29,62,3,3,NULL,NULL),(3,29,63,3,3,NULL,NULL),(3,29,64,3,3,NULL,NULL),(3,29,65,3,3,NULL,NULL),(3,29,66,3,3,NULL,NULL),(3,29,67,3,3,NULL,NULL),(3,29,68,3,3,NULL,NULL),(3,29,69,3,3,NULL,NULL),(3,29,70,3,3,NULL,NULL),(3,29,71,3,3,NULL,NULL),(3,29,72,3,3,NULL,NULL),(3,29,73,3,3,NULL,NULL),(3,29,74,3,3,NULL,NULL),(3,29,75,3,3,NULL,NULL),(3,29,76,3,3,NULL,NULL),(3,29,77,3,3,NULL,NULL),(3,29,78,3,3,NULL,NULL),(3,29,79,3,3,NULL,NULL),(3,29,80,3,3,NULL,NULL),(3,29,81,3,3,NULL,NULL),(3,29,82,3,3,NULL,NULL),(3,29,83,3,3,NULL,NULL),(3,29,84,3,3,NULL,NULL),(3,29,85,3,3,NULL,NULL),(3,29,86,3,3,NULL,NULL),(3,29,87,3,3,NULL,NULL),(3,29,88,3,3,NULL,NULL),(3,29,89,3,3,NULL,NULL),(3,29,90,3,3,NULL,NULL),(3,29,91,3,3,NULL,NULL),(3,29,92,3,3,NULL,NULL),(3,29,93,3,3,NULL,NULL),(3,29,94,3,3,NULL,NULL),(3,29,95,3,3,NULL,NULL),(3,29,96,3,3,NULL,NULL),(3,29,97,3,3,NULL,NULL),(3,29,98,3,3,NULL,NULL),(3,29,99,3,3,NULL,NULL),(3,29,100,3,3,NULL,NULL),(3,30,51,3,3,NULL,NULL),(3,30,52,3,3,NULL,NULL),(3,30,53,3,3,NULL,NULL),(3,30,54,3,3,NULL,NULL),(3,30,55,3,3,NULL,NULL),(3,30,56,3,3,NULL,NULL),(3,30,57,3,3,NULL,NULL),(3,30,58,3,3,NULL,NULL),(3,30,59,3,3,NULL,NULL),(3,30,60,3,3,NULL,NULL),(3,30,61,3,3,NULL,NULL),(3,30,62,3,3,NULL,NULL),(3,30,63,3,3,NULL,NULL),(3,30,64,3,3,NULL,NULL),(3,30,65,3,3,NULL,NULL),(3,30,66,3,3,NULL,NULL),(3,30,67,3,3,NULL,NULL),(3,30,68,3,3,NULL,NULL),(3,30,69,3,3,NULL,NULL),(3,30,70,3,3,NULL,NULL),(3,30,71,3,3,NULL,NULL),(3,30,72,3,3,NULL,NULL),(3,30,73,3,3,NULL,NULL),(3,30,74,3,3,NULL,NULL),(3,30,75,3,3,NULL,NULL),(3,30,76,3,3,NULL,NULL),(3,30,77,3,3,NULL,NULL),(3,30,78,3,3,NULL,NULL),(3,30,79,3,3,NULL,NULL),(3,30,80,3,3,NULL,NULL),(3,30,81,3,3,NULL,NULL),(3,30,82,3,3,NULL,NULL),(3,30,83,3,3,NULL,NULL),(3,30,84,3,3,NULL,NULL),(3,30,85,3,3,NULL,NULL),(3,30,86,3,3,NULL,NULL),(3,30,87,3,3,NULL,NULL),(3,30,88,3,3,NULL,NULL),(3,30,89,3,3,NULL,NULL),(3,30,90,3,3,NULL,NULL),(3,30,91,3,3,NULL,NULL),(3,30,92,3,3,NULL,NULL),(3,30,93,3,3,NULL,NULL),(3,30,94,3,3,NULL,NULL),(3,30,95,3,3,NULL,NULL),(3,30,96,3,3,NULL,NULL),(3,30,97,3,3,NULL,NULL),(3,30,98,3,3,NULL,NULL),(3,30,99,3,3,NULL,NULL),(3,30,100,3,3,NULL,NULL),(3,31,51,3,3,NULL,NULL),(3,31,52,3,3,NULL,NULL),(3,31,53,3,3,NULL,NULL),(3,31,54,3,3,NULL,NULL),(3,31,55,3,3,NULL,NULL),(3,31,56,3,3,NULL,NULL),(3,31,57,3,3,NULL,NULL),(3,31,58,3,3,NULL,NULL),(3,31,59,3,3,NULL,NULL),(3,31,60,3,3,NULL,NULL),(3,31,61,3,3,NULL,NULL),(3,31,62,3,3,NULL,NULL),(3,31,63,3,3,NULL,NULL),(3,31,64,3,3,NULL,NULL),(3,31,65,3,3,NULL,NULL),(3,31,66,3,3,NULL,NULL),(3,31,67,3,3,NULL,NULL),(3,31,68,3,3,NULL,NULL),(3,31,69,3,3,NULL,NULL),(3,31,70,3,3,NULL,NULL),(3,31,71,3,3,NULL,NULL),(3,31,72,3,3,NULL,NULL),(3,31,73,3,3,NULL,NULL),(3,31,74,3,3,NULL,NULL),(3,31,75,3,3,NULL,NULL),(3,31,76,3,3,NULL,NULL),(3,31,77,3,3,NULL,NULL),(3,31,78,3,3,NULL,NULL),(3,31,79,3,3,NULL,NULL),(3,31,80,3,3,NULL,NULL),(3,31,81,3,3,NULL,NULL),(3,31,82,3,3,NULL,NULL),(3,31,83,3,3,NULL,NULL),(3,31,84,3,3,NULL,NULL),(3,31,85,3,3,NULL,NULL),(3,31,86,3,3,NULL,NULL),(3,31,87,3,3,NULL,NULL),(3,31,88,3,3,NULL,NULL),(3,31,89,3,3,NULL,NULL),(3,31,90,3,3,NULL,NULL),(3,31,91,3,3,NULL,NULL),(3,31,92,3,3,NULL,NULL),(3,31,93,3,3,NULL,NULL),(3,31,94,3,3,NULL,NULL),(3,31,95,3,3,NULL,NULL),(3,31,96,3,3,NULL,NULL),(3,31,97,3,3,NULL,NULL),(3,31,98,3,3,NULL,NULL),(3,31,99,3,3,NULL,NULL),(3,31,100,3,3,NULL,NULL),(3,32,51,3,3,NULL,NULL),(3,32,52,3,3,NULL,NULL),(3,32,53,3,3,NULL,NULL),(3,32,54,3,3,NULL,NULL),(3,32,55,3,3,NULL,NULL),(3,32,56,3,3,NULL,NULL),(3,32,57,3,3,NULL,NULL),(3,32,58,3,3,NULL,NULL),(3,32,59,3,3,NULL,NULL),(3,32,60,3,3,NULL,NULL),(3,32,61,3,3,NULL,NULL),(3,32,62,3,3,NULL,NULL),(3,32,63,3,3,NULL,NULL),(3,32,64,3,3,NULL,NULL),(3,32,65,3,3,NULL,NULL),(3,32,66,3,3,NULL,NULL),(3,32,67,3,3,NULL,NULL),(3,32,68,3,3,NULL,NULL),(3,32,69,3,3,NULL,NULL),(3,32,70,3,3,NULL,NULL),(3,32,71,3,3,NULL,NULL),(3,32,72,3,3,NULL,NULL),(3,32,73,3,3,NULL,NULL),(3,32,74,3,3,NULL,NULL),(3,32,75,3,3,NULL,NULL),(3,32,76,3,3,NULL,NULL),(3,32,77,3,3,NULL,NULL),(3,32,78,3,3,NULL,NULL),(3,32,79,3,3,NULL,NULL),(3,32,80,3,3,NULL,NULL),(3,32,81,3,3,NULL,NULL),(3,32,82,3,3,NULL,NULL),(3,32,83,3,3,NULL,NULL),(3,32,84,3,3,NULL,NULL),(3,32,85,3,3,NULL,NULL),(3,32,86,3,3,NULL,NULL),(3,32,87,3,3,NULL,NULL),(3,32,88,3,3,NULL,NULL),(3,32,89,3,3,NULL,NULL),(3,32,90,3,3,NULL,NULL),(3,32,91,3,3,NULL,NULL),(3,32,92,3,3,NULL,NULL),(3,32,93,3,3,NULL,NULL),(3,32,94,3,3,NULL,NULL),(3,32,95,3,3,NULL,NULL),(3,32,96,3,3,NULL,NULL),(3,32,97,3,3,NULL,NULL),(3,32,98,3,3,NULL,NULL),(3,32,99,3,3,NULL,NULL),(3,32,100,3,3,NULL,NULL),(3,33,51,3,3,NULL,NULL),(3,33,52,3,3,NULL,NULL),(3,33,53,3,3,NULL,NULL),(3,33,54,3,3,NULL,NULL),(3,33,55,3,3,NULL,NULL),(3,33,56,3,3,NULL,NULL),(3,33,57,3,3,NULL,NULL),(3,33,58,3,3,NULL,NULL),(3,33,59,3,3,NULL,NULL),(3,33,60,3,3,NULL,NULL),(3,33,61,3,3,NULL,NULL),(3,33,62,3,3,NULL,NULL),(3,33,63,3,3,NULL,NULL),(3,33,64,3,3,NULL,NULL),(3,33,65,3,3,NULL,NULL),(3,33,66,3,3,NULL,NULL),(3,33,67,3,3,NULL,NULL),(3,33,68,3,3,NULL,NULL),(3,33,69,3,3,NULL,NULL),(3,33,70,3,3,NULL,NULL),(3,33,71,3,3,NULL,NULL),(3,33,72,3,3,NULL,NULL),(3,33,73,3,3,NULL,NULL),(3,33,74,3,3,NULL,NULL),(3,33,75,3,3,NULL,NULL),(3,33,76,3,3,NULL,NULL),(3,33,77,3,3,NULL,NULL),(3,33,78,3,3,NULL,NULL),(3,33,79,3,3,NULL,NULL),(3,33,80,3,3,NULL,NULL),(3,33,81,3,3,NULL,NULL),(3,33,82,3,3,NULL,NULL),(3,33,83,3,3,NULL,NULL),(3,33,84,3,3,NULL,NULL),(3,33,85,3,3,NULL,NULL),(3,33,86,3,3,NULL,NULL),(3,33,87,3,3,NULL,NULL),(3,33,88,3,3,NULL,NULL),(3,33,89,3,3,NULL,NULL),(3,33,90,3,3,NULL,NULL),(3,33,91,3,3,NULL,NULL),(3,33,92,3,3,NULL,NULL),(3,33,93,3,3,NULL,NULL),(3,33,94,3,3,NULL,NULL),(3,33,95,3,3,NULL,NULL),(3,33,96,3,3,NULL,NULL),(3,33,97,3,3,NULL,NULL),(3,33,98,3,3,NULL,NULL),(3,33,99,3,3,NULL,NULL),(3,33,100,3,3,NULL,NULL),(3,34,51,3,3,NULL,NULL),(3,34,52,3,3,NULL,NULL),(3,34,53,3,3,NULL,NULL),(3,34,54,3,3,NULL,NULL),(3,34,55,3,3,NULL,NULL),(3,34,56,3,3,NULL,NULL),(3,34,57,3,3,NULL,NULL),(3,34,58,3,3,NULL,NULL),(3,34,59,3,3,NULL,NULL),(3,34,60,3,3,NULL,NULL),(3,34,61,3,3,NULL,NULL),(3,34,62,3,3,NULL,NULL),(3,34,63,3,3,NULL,NULL),(3,34,64,3,3,NULL,NULL),(3,34,65,3,3,NULL,NULL),(3,34,66,3,3,NULL,NULL),(3,34,67,3,3,NULL,NULL),(3,34,68,3,3,NULL,NULL),(3,34,69,3,3,NULL,NULL),(3,34,70,3,3,NULL,NULL),(3,34,71,3,3,NULL,NULL),(3,34,72,3,3,NULL,NULL),(3,34,73,3,3,NULL,NULL),(3,34,74,3,3,NULL,NULL),(3,34,75,3,3,NULL,NULL),(3,34,76,3,3,NULL,NULL),(3,34,77,3,3,NULL,NULL),(3,34,78,3,3,NULL,NULL),(3,34,79,3,3,NULL,NULL),(3,34,80,3,3,NULL,NULL),(3,34,81,3,3,NULL,NULL),(3,34,82,3,3,NULL,NULL),(3,34,83,3,3,NULL,NULL),(3,34,84,3,3,NULL,NULL),(3,34,85,3,3,NULL,NULL),(3,34,86,3,3,NULL,NULL),(3,34,87,3,3,NULL,NULL),(3,34,88,3,3,NULL,NULL),(3,34,89,3,3,NULL,NULL),(3,34,90,3,3,NULL,NULL),(3,34,91,3,3,NULL,NULL),(3,34,92,3,3,NULL,NULL),(3,34,93,3,3,NULL,NULL),(3,34,94,3,3,NULL,NULL),(3,34,95,3,3,NULL,NULL),(3,34,96,3,3,NULL,NULL),(3,34,97,3,3,NULL,NULL),(3,34,98,3,3,NULL,NULL),(3,34,99,3,3,NULL,NULL),(3,34,100,3,3,NULL,NULL),(3,35,51,3,3,NULL,NULL),(3,35,52,3,3,NULL,NULL),(3,35,53,3,3,NULL,NULL),(3,35,54,3,3,NULL,NULL),(3,35,55,3,3,NULL,NULL),(3,35,56,3,3,NULL,NULL),(3,35,57,3,3,NULL,NULL),(3,35,58,3,3,NULL,NULL),(3,35,59,3,3,NULL,NULL),(3,35,60,3,3,NULL,NULL),(3,35,61,3,3,NULL,NULL),(3,35,62,3,3,NULL,NULL),(3,35,63,3,3,NULL,NULL),(3,35,64,3,3,NULL,NULL),(3,35,65,3,3,NULL,NULL),(3,35,66,3,3,NULL,NULL),(3,35,67,3,3,NULL,NULL),(3,35,68,3,3,NULL,NULL),(3,35,69,3,3,NULL,NULL),(3,35,70,3,3,NULL,NULL),(3,35,71,3,3,NULL,NULL),(3,35,72,3,3,NULL,NULL),(3,35,73,3,3,NULL,NULL),(3,35,74,3,3,NULL,NULL),(3,35,75,3,3,NULL,NULL),(3,35,76,3,3,NULL,NULL),(3,35,77,3,3,NULL,NULL),(3,35,78,3,3,NULL,NULL),(3,35,79,3,3,NULL,NULL),(3,35,80,3,3,NULL,NULL),(3,35,81,3,3,NULL,NULL),(3,35,82,3,3,NULL,NULL),(3,35,83,3,3,NULL,NULL),(3,35,84,3,3,NULL,NULL),(3,35,85,3,3,NULL,NULL),(3,35,86,3,3,NULL,NULL),(3,35,87,3,3,NULL,NULL),(3,35,88,3,3,NULL,NULL),(3,35,89,3,3,NULL,NULL),(3,35,90,3,3,NULL,NULL),(3,35,91,3,3,NULL,NULL),(3,35,92,3,3,NULL,NULL),(3,35,93,3,3,NULL,NULL),(3,35,94,3,3,NULL,NULL),(3,35,95,3,3,NULL,NULL),(3,35,96,3,3,NULL,NULL),(3,35,97,3,3,NULL,NULL),(3,35,98,3,3,NULL,NULL),(3,35,99,3,3,NULL,NULL),(3,35,100,3,3,NULL,NULL),(3,36,51,3,3,NULL,NULL),(3,36,52,3,3,NULL,NULL),(3,36,53,3,3,NULL,NULL),(3,36,54,3,3,NULL,NULL),(3,36,55,3,3,NULL,NULL),(3,36,56,3,3,NULL,NULL),(3,36,57,3,3,NULL,NULL),(3,36,58,3,3,NULL,NULL),(3,36,59,3,3,NULL,NULL),(3,36,60,3,3,NULL,NULL),(3,36,61,3,3,NULL,NULL),(3,36,62,3,3,NULL,NULL),(3,36,63,3,3,NULL,NULL),(3,36,64,3,3,NULL,NULL),(3,36,65,3,3,NULL,NULL),(3,36,66,3,3,NULL,NULL),(3,36,67,3,3,NULL,NULL),(3,36,68,3,3,NULL,NULL),(3,36,69,3,3,NULL,NULL),(3,36,70,3,3,NULL,NULL),(3,36,71,3,3,NULL,NULL),(3,36,72,3,3,NULL,NULL),(3,36,73,3,3,NULL,NULL),(3,36,74,3,3,NULL,NULL),(3,36,75,3,3,NULL,NULL),(3,36,76,3,3,NULL,NULL),(3,36,77,3,3,NULL,NULL),(3,36,78,3,3,NULL,NULL),(3,36,79,3,3,NULL,NULL),(3,36,80,3,3,NULL,NULL),(3,36,81,3,3,NULL,NULL),(3,36,82,3,3,NULL,NULL),(3,36,83,3,3,NULL,NULL),(3,36,84,3,3,NULL,NULL),(3,36,85,3,3,NULL,NULL),(3,36,86,3,3,NULL,NULL),(3,36,87,3,3,NULL,NULL),(3,36,88,3,3,NULL,NULL),(3,36,89,3,3,NULL,NULL),(3,36,90,3,3,NULL,NULL),(3,36,91,3,3,NULL,NULL),(3,36,92,3,3,NULL,NULL),(3,36,93,3,3,NULL,NULL),(3,36,94,3,3,NULL,NULL),(3,36,95,3,3,NULL,NULL),(3,36,96,3,3,NULL,NULL),(3,36,97,3,3,NULL,NULL),(3,36,98,3,3,NULL,NULL),(3,36,99,3,3,NULL,NULL),(3,36,100,3,3,NULL,NULL),(3,37,51,3,3,NULL,NULL),(3,37,52,3,3,NULL,NULL),(3,37,53,3,3,NULL,NULL),(3,37,54,3,3,NULL,NULL),(3,37,55,3,3,NULL,NULL),(3,37,56,3,3,NULL,NULL),(3,37,57,3,3,NULL,NULL),(3,37,58,3,3,NULL,NULL),(3,37,59,3,3,NULL,NULL),(3,37,60,3,3,NULL,NULL),(3,37,61,3,3,NULL,NULL),(3,37,62,3,3,NULL,NULL),(3,37,63,3,3,NULL,NULL),(3,37,64,3,3,NULL,NULL),(3,37,65,3,3,NULL,NULL),(3,37,66,3,3,NULL,NULL),(3,37,67,3,3,NULL,NULL),(3,37,68,3,3,NULL,NULL),(3,37,69,3,3,NULL,NULL),(3,37,70,3,3,NULL,NULL),(3,37,71,3,3,NULL,NULL),(3,37,72,3,3,NULL,NULL),(3,37,73,3,3,NULL,NULL),(3,37,74,3,3,NULL,NULL),(3,37,75,3,3,NULL,NULL),(3,37,76,3,3,NULL,NULL),(3,37,77,3,3,NULL,NULL),(3,37,78,3,3,NULL,NULL),(3,37,79,3,3,NULL,NULL),(3,37,80,3,3,NULL,NULL),(3,37,81,3,3,NULL,NULL),(3,37,82,3,3,NULL,NULL),(3,37,83,3,3,NULL,NULL),(3,37,84,3,3,NULL,NULL),(3,37,85,3,3,NULL,NULL),(3,37,86,3,3,NULL,NULL),(3,37,87,3,3,NULL,NULL),(3,37,88,3,3,NULL,NULL),(3,37,89,3,3,NULL,NULL),(3,37,90,3,3,NULL,NULL),(3,37,91,3,3,NULL,NULL),(3,37,92,3,3,NULL,NULL),(3,37,93,3,3,NULL,NULL),(3,37,94,3,3,NULL,NULL),(3,37,95,3,3,NULL,NULL),(3,37,96,3,3,NULL,NULL),(3,37,97,3,3,NULL,NULL),(3,37,98,3,3,NULL,NULL),(3,37,99,3,3,NULL,NULL),(3,37,100,3,3,NULL,NULL),(3,38,51,14,14,NULL,NULL),(3,38,52,3,3,NULL,NULL),(3,38,53,3,3,NULL,NULL),(3,38,54,3,3,NULL,NULL),(3,38,55,3,3,NULL,NULL),(3,38,56,3,3,NULL,NULL),(3,38,57,3,3,NULL,NULL),(3,38,58,3,3,NULL,NULL),(3,38,59,3,3,NULL,NULL),(3,38,60,3,3,NULL,NULL),(3,38,61,3,3,NULL,NULL),(3,38,62,3,3,NULL,NULL),(3,38,63,3,3,NULL,NULL),(3,38,64,3,3,NULL,NULL),(3,38,65,3,3,NULL,NULL),(3,38,66,3,3,NULL,NULL),(3,38,67,3,3,NULL,NULL),(3,38,68,3,3,NULL,NULL),(3,38,69,3,3,NULL,NULL),(3,38,70,3,3,NULL,NULL),(3,38,71,3,3,NULL,NULL),(3,38,72,3,3,NULL,NULL),(3,38,73,3,3,NULL,NULL),(3,38,74,3,3,NULL,NULL),(3,38,75,3,3,NULL,NULL),(3,38,76,3,3,NULL,NULL),(3,38,77,3,3,NULL,NULL),(3,38,78,3,3,NULL,NULL),(3,38,79,3,3,NULL,NULL),(3,38,80,3,3,NULL,NULL),(3,38,81,3,3,NULL,NULL),(3,38,82,3,3,NULL,NULL),(3,38,83,3,3,NULL,NULL),(3,38,84,3,3,NULL,NULL),(3,38,85,3,3,NULL,NULL),(3,38,86,3,3,NULL,NULL),(3,38,87,3,3,NULL,NULL),(3,38,88,3,3,NULL,NULL),(3,38,89,3,3,NULL,NULL),(3,38,90,3,3,NULL,NULL),(3,38,91,3,3,NULL,NULL),(3,38,92,3,3,NULL,NULL),(3,38,93,3,3,NULL,NULL),(3,38,94,3,3,NULL,NULL),(3,38,95,3,3,NULL,NULL),(3,38,96,3,3,NULL,NULL),(3,38,97,3,3,NULL,NULL),(3,38,98,3,3,NULL,NULL),(3,38,99,3,3,NULL,NULL),(3,38,100,3,3,NULL,NULL),(3,39,51,15,15,NULL,NULL),(3,39,52,3,3,NULL,NULL),(3,39,53,3,3,NULL,NULL),(3,39,54,3,3,NULL,NULL),(3,39,55,3,3,NULL,NULL),(3,39,56,3,3,NULL,NULL),(3,39,57,3,3,NULL,NULL),(3,39,58,3,3,NULL,NULL),(3,39,59,3,3,NULL,NULL),(3,39,60,3,3,NULL,NULL),(3,39,61,3,3,NULL,NULL),(3,39,62,3,3,NULL,NULL),(3,39,63,3,3,NULL,NULL),(3,39,64,3,3,NULL,NULL),(3,39,65,3,3,NULL,NULL),(3,39,66,3,3,NULL,NULL),(3,39,67,3,3,NULL,NULL),(3,39,68,3,3,NULL,NULL),(3,39,69,3,3,NULL,NULL),(3,39,70,3,3,NULL,NULL),(3,39,71,3,3,NULL,NULL),(3,39,72,3,3,NULL,NULL),(3,39,73,3,3,NULL,NULL),(3,39,74,3,3,NULL,NULL),(3,39,75,3,3,NULL,NULL),(3,39,76,3,3,NULL,NULL),(3,39,77,3,3,NULL,NULL),(3,39,78,3,3,NULL,NULL),(3,39,79,3,3,NULL,NULL),(3,39,80,3,3,NULL,NULL),(3,39,81,3,3,NULL,NULL),(3,39,82,3,3,NULL,NULL),(3,39,83,3,3,NULL,NULL),(3,39,84,3,3,NULL,NULL),(3,39,85,3,3,NULL,NULL),(3,39,86,3,3,NULL,NULL),(3,39,87,3,3,NULL,NULL),(3,39,88,3,3,NULL,NULL),(3,39,89,3,3,NULL,NULL),(3,39,90,3,3,NULL,NULL),(3,39,91,3,3,NULL,NULL),(3,39,92,3,3,NULL,NULL),(3,39,93,3,3,NULL,NULL),(3,39,94,3,3,NULL,NULL),(3,39,95,3,3,NULL,NULL),(3,39,96,3,3,NULL,NULL),(3,39,97,3,3,NULL,NULL),(3,39,98,3,3,NULL,NULL),(3,39,99,3,3,NULL,NULL),(3,39,100,3,3,NULL,NULL),(3,40,51,14,14,NULL,NULL),(3,40,52,14,14,NULL,NULL),(3,40,53,3,3,NULL,NULL),(3,40,54,3,3,NULL,NULL),(3,40,55,3,3,NULL,NULL),(3,40,56,3,3,NULL,NULL),(3,40,57,3,3,NULL,NULL),(3,40,58,3,3,NULL,NULL),(3,40,59,3,3,NULL,NULL),(3,40,60,3,3,NULL,NULL),(3,40,61,3,3,NULL,NULL),(3,40,62,3,3,NULL,NULL),(3,40,63,3,3,NULL,NULL),(3,40,64,3,3,NULL,NULL),(3,40,65,3,3,NULL,NULL),(3,40,66,3,3,NULL,NULL),(3,40,67,3,3,NULL,NULL),(3,40,68,3,3,NULL,NULL),(3,40,69,3,3,NULL,NULL),(3,40,70,3,3,NULL,NULL),(3,40,71,3,3,NULL,NULL),(3,40,72,3,3,NULL,NULL),(3,40,73,3,3,NULL,NULL),(3,40,74,3,3,NULL,NULL),(3,40,75,3,3,NULL,NULL),(3,40,76,3,3,NULL,NULL),(3,40,77,3,3,NULL,NULL),(3,40,78,3,3,NULL,NULL),(3,40,79,3,3,NULL,NULL),(3,40,80,3,3,NULL,NULL),(3,40,81,3,3,NULL,NULL),(3,40,82,3,3,NULL,NULL),(3,40,83,3,3,NULL,NULL),(3,40,84,3,3,NULL,NULL),(3,40,85,3,3,NULL,NULL),(3,40,86,3,3,NULL,NULL),(3,40,87,3,3,NULL,NULL),(3,40,88,3,3,NULL,NULL),(3,40,89,3,3,NULL,NULL),(3,40,90,3,3,NULL,NULL),(3,40,91,3,3,NULL,NULL),(3,40,92,3,3,NULL,NULL),(3,40,93,3,3,NULL,NULL),(3,40,94,3,3,NULL,NULL),(3,40,95,3,3,NULL,NULL),(3,40,96,3,3,NULL,NULL),(3,40,97,3,3,NULL,NULL),(3,40,98,3,3,NULL,NULL),(3,40,99,3,3,NULL,NULL),(3,40,100,3,3,NULL,NULL),(3,41,51,15,15,NULL,NULL),(3,41,52,14,14,NULL,NULL),(3,41,53,3,3,NULL,NULL),(3,41,54,3,3,NULL,NULL),(3,41,55,3,3,NULL,NULL),(3,41,56,3,3,NULL,NULL),(3,41,57,3,3,NULL,NULL),(3,41,58,3,3,NULL,NULL),(3,41,59,3,3,NULL,NULL),(3,41,60,3,3,NULL,NULL),(3,41,61,3,3,NULL,NULL),(3,41,62,3,3,NULL,NULL),(3,41,63,3,3,NULL,NULL),(3,41,64,3,3,NULL,NULL),(3,41,65,3,3,NULL,NULL),(3,41,66,3,3,NULL,NULL),(3,41,67,3,3,NULL,NULL),(3,41,68,3,3,NULL,NULL),(3,41,69,3,3,NULL,NULL),(3,41,70,3,3,NULL,NULL),(3,41,71,3,3,NULL,NULL),(3,41,72,3,3,NULL,NULL),(3,41,73,3,3,NULL,NULL),(3,41,74,3,3,NULL,NULL),(3,41,75,3,3,NULL,NULL),(3,41,76,3,3,NULL,NULL),(3,41,77,3,3,NULL,NULL),(3,41,78,3,3,NULL,NULL),(3,41,79,3,3,NULL,NULL),(3,41,80,3,3,NULL,NULL),(3,41,81,3,3,NULL,NULL),(3,41,82,3,3,NULL,NULL),(3,41,83,3,3,NULL,NULL),(3,41,84,3,3,NULL,NULL),(3,41,85,3,3,NULL,NULL),(3,41,86,3,3,NULL,NULL),(3,41,87,3,3,NULL,NULL),(3,41,88,3,3,NULL,NULL),(3,41,89,3,3,NULL,NULL),(3,41,90,3,3,NULL,NULL),(3,41,91,3,3,NULL,NULL),(3,41,92,3,3,NULL,NULL),(3,41,93,3,3,NULL,NULL),(3,41,94,3,3,NULL,NULL),(3,41,95,3,3,NULL,NULL),(3,41,96,3,3,NULL,NULL),(3,41,97,3,3,NULL,NULL),(3,41,98,3,3,NULL,NULL),(3,41,99,3,3,NULL,NULL),(3,41,100,3,3,NULL,NULL),(3,42,51,14,14,NULL,NULL),(3,42,52,14,14,NULL,NULL),(3,42,53,3,3,NULL,NULL),(3,42,54,3,3,NULL,NULL),(3,42,55,3,3,NULL,NULL),(3,42,56,3,3,NULL,NULL),(3,42,57,3,3,NULL,NULL),(3,42,58,3,3,NULL,NULL),(3,42,59,3,3,NULL,NULL),(3,42,60,3,3,NULL,NULL),(3,42,61,3,3,NULL,NULL),(3,42,62,3,3,NULL,NULL),(3,42,63,3,3,NULL,NULL),(3,42,64,3,3,NULL,NULL),(3,42,65,3,3,NULL,NULL),(3,42,66,3,3,NULL,NULL),(3,42,67,3,3,NULL,NULL),(3,42,68,3,3,NULL,NULL),(3,42,69,3,3,NULL,NULL),(3,42,70,3,3,NULL,NULL),(3,42,71,3,3,NULL,NULL),(3,42,72,3,3,NULL,NULL),(3,42,73,3,3,NULL,NULL),(3,42,74,3,3,NULL,NULL),(3,42,75,3,3,NULL,NULL),(3,42,76,3,3,NULL,NULL),(3,42,77,3,3,NULL,NULL),(3,42,78,3,3,NULL,NULL),(3,42,79,3,3,NULL,NULL),(3,42,80,3,3,NULL,NULL),(3,42,81,3,3,NULL,NULL),(3,42,82,3,3,NULL,NULL),(3,42,83,3,3,NULL,NULL),(3,42,84,3,3,NULL,NULL),(3,42,85,3,3,NULL,NULL),(3,42,86,3,3,NULL,NULL),(3,42,87,3,3,NULL,NULL),(3,42,88,3,3,NULL,NULL),(3,42,89,3,3,NULL,NULL),(3,42,90,3,3,NULL,NULL),(3,42,91,3,3,NULL,NULL),(3,42,92,3,3,NULL,NULL),(3,42,93,3,3,NULL,NULL),(3,42,94,3,3,NULL,NULL),(3,42,95,3,3,NULL,NULL),(3,42,96,3,3,NULL,NULL),(3,42,97,3,3,NULL,NULL),(3,42,98,3,3,NULL,NULL),(3,42,99,3,3,NULL,NULL),(3,42,100,3,3,NULL,NULL),(3,43,51,14,14,NULL,NULL),(3,43,52,3,3,NULL,NULL),(3,43,53,3,3,NULL,NULL),(3,43,54,3,3,NULL,NULL),(3,43,55,3,3,NULL,NULL),(3,43,56,3,3,NULL,NULL),(3,43,57,3,3,NULL,NULL),(3,43,58,3,3,NULL,NULL),(3,43,59,3,3,NULL,NULL),(3,43,60,3,3,NULL,NULL),(3,43,61,3,3,NULL,NULL),(3,43,62,3,3,NULL,NULL),(3,43,63,3,3,NULL,NULL),(3,43,64,3,3,NULL,NULL),(3,43,65,3,3,NULL,NULL),(3,43,66,3,3,NULL,NULL),(3,43,67,3,3,NULL,NULL),(3,43,68,3,3,NULL,NULL),(3,43,69,3,3,NULL,NULL),(3,43,70,3,3,NULL,NULL),(3,43,71,3,3,NULL,NULL),(3,43,72,3,3,NULL,NULL),(3,43,73,3,3,NULL,NULL),(3,43,74,3,3,NULL,NULL),(3,43,75,3,3,NULL,NULL),(3,43,76,3,3,NULL,NULL),(3,43,77,3,3,NULL,NULL),(3,43,78,3,3,NULL,NULL),(3,43,79,3,3,NULL,NULL),(3,43,80,3,3,NULL,NULL),(3,43,81,3,3,NULL,NULL),(3,43,82,3,3,NULL,NULL),(3,43,83,3,3,NULL,NULL),(3,43,84,3,3,NULL,NULL),(3,43,85,3,3,NULL,NULL),(3,43,86,3,3,NULL,NULL),(3,43,87,3,3,NULL,NULL),(3,43,88,3,3,NULL,NULL),(3,43,89,3,3,NULL,NULL),(3,43,90,3,3,NULL,NULL),(3,43,91,3,3,NULL,NULL),(3,43,92,3,3,NULL,NULL),(3,43,93,3,3,NULL,NULL),(3,43,94,3,3,NULL,NULL),(3,43,95,3,3,NULL,NULL),(3,43,96,3,3,NULL,NULL),(3,43,97,3,3,NULL,NULL),(3,43,98,3,3,NULL,NULL),(3,43,99,3,3,NULL,NULL),(3,43,100,3,3,NULL,NULL),(3,44,51,3,3,NULL,NULL),(3,44,52,3,3,NULL,NULL),(3,44,53,3,3,NULL,NULL),(3,44,54,3,3,NULL,NULL),(3,44,55,3,3,NULL,NULL),(3,44,56,3,3,NULL,NULL),(3,44,57,3,3,NULL,NULL),(3,44,58,3,3,NULL,NULL),(3,44,59,3,3,NULL,NULL),(3,44,60,3,3,NULL,NULL),(3,44,61,3,3,NULL,NULL),(3,44,62,3,3,NULL,NULL),(3,44,63,3,3,NULL,NULL),(3,44,64,3,3,NULL,NULL),(3,44,65,3,3,NULL,NULL),(3,44,66,3,3,NULL,NULL),(3,44,67,3,3,NULL,NULL),(3,44,68,3,3,NULL,NULL),(3,44,69,3,3,NULL,NULL),(3,44,70,3,3,NULL,NULL),(3,44,71,3,3,NULL,NULL),(3,44,72,3,3,NULL,NULL),(3,44,73,3,3,NULL,NULL),(3,44,74,3,3,NULL,NULL),(3,44,75,3,3,NULL,NULL),(3,44,76,3,3,NULL,NULL),(3,44,77,3,3,NULL,NULL),(3,44,78,3,3,NULL,NULL),(3,44,79,3,3,NULL,NULL),(3,44,80,3,3,NULL,NULL),(3,44,81,3,3,NULL,NULL),(3,44,82,3,3,NULL,NULL),(3,44,83,3,3,NULL,NULL),(3,44,84,3,3,NULL,NULL),(3,44,85,3,3,NULL,NULL),(3,44,86,3,3,NULL,NULL),(3,44,87,3,3,NULL,NULL),(3,44,88,3,3,NULL,NULL),(3,44,89,3,3,NULL,NULL),(3,44,90,3,3,NULL,NULL),(3,44,91,3,3,NULL,NULL),(3,44,92,3,3,NULL,NULL),(3,44,93,3,3,NULL,NULL),(3,44,94,3,3,NULL,NULL),(3,44,95,3,3,NULL,NULL),(3,44,96,3,3,NULL,NULL),(3,44,97,3,3,NULL,NULL),(3,44,98,3,3,NULL,NULL),(3,44,99,3,3,NULL,NULL),(3,44,100,3,3,NULL,NULL),(3,45,51,3,3,NULL,NULL),(3,45,52,3,3,NULL,NULL),(3,45,53,3,3,NULL,NULL),(3,45,54,3,3,NULL,NULL),(3,45,55,3,3,NULL,NULL),(3,45,56,3,3,NULL,NULL),(3,45,57,3,3,NULL,NULL),(3,45,58,3,3,NULL,NULL),(3,45,59,3,3,NULL,NULL),(3,45,60,3,3,NULL,NULL),(3,45,61,3,3,NULL,NULL),(3,45,62,3,3,NULL,NULL),(3,45,63,3,3,NULL,NULL),(3,45,64,3,3,NULL,NULL),(3,45,65,3,3,NULL,NULL),(3,45,66,3,3,NULL,NULL),(3,45,67,3,3,NULL,NULL),(3,45,68,3,3,NULL,NULL),(3,45,69,3,3,NULL,NULL),(3,45,70,3,3,NULL,NULL),(3,45,71,3,3,NULL,NULL),(3,45,72,3,3,NULL,NULL),(3,45,73,3,3,NULL,NULL),(3,45,74,3,3,NULL,NULL),(3,45,75,3,3,NULL,NULL),(3,45,76,3,3,NULL,NULL),(3,45,77,3,3,NULL,NULL),(3,45,78,3,3,NULL,NULL),(3,45,79,3,3,NULL,NULL),(3,45,80,3,3,NULL,NULL),(3,45,81,3,3,NULL,NULL),(3,45,82,3,3,NULL,NULL),(3,45,83,3,3,NULL,NULL),(3,45,84,3,3,NULL,NULL),(3,45,85,3,3,NULL,NULL),(3,45,86,3,3,NULL,NULL),(3,45,87,3,3,NULL,NULL),(3,45,88,3,3,NULL,NULL),(3,45,89,3,3,NULL,NULL),(3,45,90,3,3,NULL,NULL),(3,45,91,3,3,NULL,NULL),(3,45,92,3,3,NULL,NULL),(3,45,93,3,3,NULL,NULL),(3,45,94,3,3,NULL,NULL),(3,45,95,3,3,NULL,NULL),(3,45,96,3,3,NULL,NULL),(3,45,97,3,3,NULL,NULL),(3,45,98,3,3,NULL,NULL),(3,45,99,3,3,NULL,NULL),(3,45,100,3,3,NULL,NULL),(3,46,51,3,3,NULL,NULL),(3,46,52,3,3,NULL,NULL),(3,46,53,3,3,NULL,NULL),(3,46,54,3,3,NULL,NULL),(3,46,55,3,3,NULL,NULL),(3,46,56,3,3,NULL,NULL),(3,46,57,3,3,NULL,NULL),(3,46,58,3,3,NULL,NULL),(3,46,59,3,3,NULL,NULL),(3,46,60,3,3,NULL,NULL),(3,46,61,3,3,NULL,NULL),(3,46,62,3,3,NULL,NULL),(3,46,63,3,3,NULL,NULL),(3,46,64,3,3,NULL,NULL),(3,46,65,3,3,NULL,NULL),(3,46,66,3,3,NULL,NULL),(3,46,67,3,3,NULL,NULL),(3,46,68,3,3,NULL,NULL),(3,46,69,3,3,NULL,NULL),(3,46,70,3,3,NULL,NULL),(3,46,71,3,3,NULL,NULL),(3,46,72,3,3,NULL,NULL),(3,46,73,3,3,NULL,NULL),(3,46,74,3,3,NULL,NULL),(3,46,75,3,3,NULL,NULL),(3,46,76,3,3,NULL,NULL),(3,46,77,3,3,NULL,NULL),(3,46,78,3,3,NULL,NULL),(3,46,79,3,3,NULL,NULL),(3,46,80,3,3,NULL,NULL),(3,46,81,3,3,NULL,NULL),(3,46,82,3,3,NULL,NULL),(3,46,83,3,3,NULL,NULL),(3,46,84,3,3,NULL,NULL),(3,46,85,3,3,NULL,NULL),(3,46,86,3,3,NULL,NULL),(3,46,87,3,3,NULL,NULL),(3,46,88,3,3,NULL,NULL),(3,46,89,3,3,NULL,NULL),(3,46,90,3,3,NULL,NULL),(3,46,91,3,3,NULL,NULL),(3,46,92,3,3,NULL,NULL),(3,46,93,3,3,NULL,NULL),(3,46,94,3,3,NULL,NULL),(3,46,95,3,3,NULL,NULL),(3,46,96,3,3,NULL,NULL),(3,46,97,3,3,NULL,NULL),(3,46,98,3,3,NULL,NULL),(3,46,99,3,3,NULL,NULL),(3,46,100,3,3,NULL,NULL),(3,47,51,3,3,NULL,NULL),(3,47,52,3,3,NULL,NULL),(3,47,53,3,3,NULL,NULL),(3,47,54,3,3,NULL,NULL),(3,47,55,3,3,NULL,NULL),(3,47,56,3,3,NULL,NULL),(3,47,57,3,3,NULL,NULL),(3,47,58,3,3,NULL,NULL),(3,47,59,3,3,NULL,NULL),(3,47,60,3,3,NULL,NULL),(3,47,61,3,3,NULL,NULL),(3,47,62,3,3,NULL,NULL),(3,47,63,3,3,NULL,NULL),(3,47,64,3,3,NULL,NULL),(3,47,65,3,3,NULL,NULL),(3,47,66,3,3,NULL,NULL),(3,47,67,3,3,NULL,NULL),(3,47,68,3,3,NULL,NULL),(3,47,69,3,3,NULL,NULL),(3,47,70,3,3,NULL,NULL),(3,47,71,3,3,NULL,NULL),(3,47,72,3,3,NULL,NULL),(3,47,73,3,3,NULL,NULL),(3,47,74,3,3,NULL,NULL),(3,47,75,3,3,NULL,NULL),(3,47,76,3,3,NULL,NULL),(3,47,77,3,3,NULL,NULL),(3,47,78,3,3,NULL,NULL),(3,47,79,3,3,NULL,NULL),(3,47,80,3,3,NULL,NULL),(3,47,81,3,3,NULL,NULL),(3,47,82,3,3,NULL,NULL),(3,47,83,3,3,NULL,NULL),(3,47,84,3,3,NULL,NULL),(3,47,85,3,3,NULL,NULL),(3,47,86,3,3,NULL,NULL),(3,47,87,3,3,NULL,NULL),(3,47,88,3,3,NULL,NULL),(3,47,89,3,3,NULL,NULL),(3,47,90,3,3,NULL,NULL),(3,47,91,3,3,NULL,NULL),(3,47,92,3,3,NULL,NULL),(3,47,93,3,3,NULL,NULL),(3,47,94,3,3,NULL,NULL),(3,47,95,3,3,NULL,NULL),(3,47,96,3,3,NULL,NULL),(3,47,97,3,3,NULL,NULL),(3,47,98,3,3,NULL,NULL),(3,47,99,3,3,NULL,NULL),(3,47,100,3,3,NULL,NULL),(3,48,51,3,3,NULL,NULL),(3,48,52,3,3,NULL,NULL),(3,48,53,3,3,NULL,NULL),(3,48,54,3,3,NULL,NULL),(3,48,55,3,3,NULL,NULL),(3,48,56,3,3,NULL,NULL),(3,48,57,3,3,NULL,NULL),(3,48,58,3,3,NULL,NULL),(3,48,59,3,3,NULL,NULL),(3,48,60,3,3,NULL,NULL),(3,48,61,3,3,NULL,NULL),(3,48,62,3,3,NULL,NULL),(3,48,63,3,3,NULL,NULL),(3,48,64,3,3,NULL,NULL),(3,48,65,3,3,NULL,NULL),(3,48,66,3,3,NULL,NULL),(3,48,67,3,3,NULL,NULL),(3,48,68,3,3,NULL,NULL),(3,48,69,3,3,NULL,NULL),(3,48,70,3,3,NULL,NULL),(3,48,71,3,3,NULL,NULL),(3,48,72,3,3,NULL,NULL),(3,48,73,3,3,NULL,NULL),(3,48,74,3,3,NULL,NULL),(3,48,75,3,3,NULL,NULL),(3,48,76,3,3,NULL,NULL),(3,48,77,3,3,NULL,NULL),(3,48,78,3,3,NULL,NULL),(3,48,79,3,3,NULL,NULL),(3,48,80,3,3,NULL,NULL),(3,48,81,3,3,NULL,NULL),(3,48,82,3,3,NULL,NULL),(3,48,83,3,3,NULL,NULL),(3,48,84,3,3,NULL,NULL),(3,48,85,3,3,NULL,NULL),(3,48,86,3,3,NULL,NULL),(3,48,87,3,3,NULL,NULL),(3,48,88,3,3,NULL,NULL),(3,48,89,3,3,NULL,NULL),(3,48,90,3,3,NULL,NULL),(3,48,91,3,3,NULL,NULL),(3,48,92,3,3,NULL,NULL),(3,48,93,3,3,NULL,NULL),(3,48,94,3,3,NULL,NULL),(3,48,95,3,3,NULL,NULL),(3,48,96,3,3,NULL,NULL),(3,48,97,3,3,NULL,NULL),(3,48,98,3,3,NULL,NULL),(3,48,99,3,3,NULL,NULL),(3,48,100,3,3,NULL,NULL),(3,49,51,3,3,NULL,NULL),(3,49,52,3,3,NULL,NULL),(3,49,53,3,3,NULL,NULL),(3,49,54,3,3,NULL,NULL),(3,49,55,3,3,NULL,NULL),(3,49,56,3,3,NULL,NULL),(3,49,57,3,3,NULL,NULL),(3,49,58,3,3,NULL,NULL),(3,49,59,3,3,NULL,NULL),(3,49,60,3,3,NULL,NULL),(3,49,61,3,3,NULL,NULL),(3,49,62,3,3,NULL,NULL),(3,49,63,3,3,NULL,NULL),(3,49,64,3,3,NULL,NULL),(3,49,65,3,3,NULL,NULL),(3,49,66,3,3,NULL,NULL),(3,49,67,3,3,NULL,NULL),(3,49,68,3,3,NULL,NULL),(3,49,69,3,3,NULL,NULL),(3,49,70,3,3,NULL,NULL),(3,49,71,3,3,NULL,NULL),(3,49,72,3,3,NULL,NULL),(3,49,73,3,3,NULL,NULL),(3,49,74,3,3,NULL,NULL),(3,49,75,3,3,NULL,NULL),(3,49,76,3,3,NULL,NULL),(3,49,77,3,3,NULL,NULL),(3,49,78,3,3,NULL,NULL),(3,49,79,3,3,NULL,NULL),(3,49,80,3,3,NULL,NULL),(3,49,81,3,3,NULL,NULL),(3,49,82,3,3,NULL,NULL),(3,49,83,3,3,NULL,NULL),(3,49,84,3,3,NULL,NULL),(3,49,85,3,3,NULL,NULL),(3,49,86,3,3,NULL,NULL),(3,49,87,3,3,NULL,NULL),(3,49,88,3,3,NULL,NULL),(3,49,89,3,3,NULL,NULL),(3,49,90,3,3,NULL,NULL),(3,49,91,3,3,NULL,NULL),(3,49,92,3,3,NULL,NULL),(3,49,93,3,3,NULL,NULL),(3,49,94,3,3,NULL,NULL),(3,49,95,3,3,NULL,NULL),(3,49,96,3,3,NULL,NULL),(3,49,97,3,3,NULL,NULL),(3,49,98,3,3,NULL,NULL),(3,49,99,3,3,NULL,NULL),(3,49,100,3,3,NULL,NULL),(3,50,51,3,3,NULL,NULL),(3,50,52,3,3,NULL,NULL),(3,50,53,3,3,NULL,NULL),(3,50,54,3,3,NULL,NULL),(3,50,55,3,3,NULL,NULL),(3,50,56,3,3,NULL,NULL),(3,50,57,3,3,NULL,NULL),(3,50,58,3,3,NULL,NULL),(3,50,59,3,3,NULL,NULL),(3,50,60,3,3,NULL,NULL),(3,50,61,3,3,NULL,NULL),(3,50,62,3,3,NULL,NULL),(3,50,63,3,3,NULL,NULL),(3,50,64,3,3,NULL,NULL),(3,50,65,3,3,NULL,NULL),(3,50,66,3,3,NULL,NULL),(3,50,67,3,3,NULL,NULL),(3,50,68,3,3,NULL,NULL),(3,50,69,3,3,NULL,NULL),(3,50,70,3,3,NULL,NULL),(3,50,71,3,3,NULL,NULL),(3,50,72,3,3,NULL,NULL),(3,50,73,3,3,NULL,NULL),(3,50,74,3,3,NULL,NULL),(3,50,75,3,3,NULL,NULL),(3,50,76,3,3,NULL,NULL),(3,50,77,3,3,NULL,NULL),(3,50,78,3,3,NULL,NULL),(3,50,79,3,3,NULL,NULL),(3,50,80,3,3,NULL,NULL),(3,50,81,3,3,NULL,NULL),(3,50,82,3,3,NULL,NULL),(3,50,83,3,3,NULL,NULL),(3,50,84,3,3,NULL,NULL),(3,50,85,3,3,NULL,NULL),(3,50,86,3,3,NULL,NULL),(3,50,87,3,3,NULL,NULL),(3,50,88,3,3,NULL,NULL),(3,50,89,3,3,NULL,NULL),(3,50,90,3,3,NULL,NULL),(3,50,91,3,3,NULL,NULL),(3,50,92,3,3,NULL,NULL),(3,50,93,3,3,NULL,NULL),(3,50,94,3,3,NULL,NULL),(3,50,95,3,3,NULL,NULL),(3,50,96,3,3,NULL,NULL),(3,50,97,3,3,NULL,NULL),(3,50,98,3,3,NULL,NULL),(3,50,99,3,3,NULL,NULL),(3,50,100,3,3,NULL,NULL),(3,51,1,3,3,NULL,NULL),(3,51,2,3,3,NULL,NULL),(3,51,3,3,3,NULL,NULL),(3,51,4,3,3,NULL,NULL),(3,51,5,3,3,NULL,NULL),(3,51,6,3,3,NULL,NULL),(3,51,7,3,3,NULL,NULL),(3,51,8,3,3,NULL,NULL),(3,51,9,3,3,NULL,NULL),(3,51,10,3,3,NULL,NULL),(3,51,11,3,3,NULL,NULL),(3,51,12,3,3,NULL,NULL),(3,51,13,3,3,NULL,NULL),(3,51,14,3,3,NULL,NULL),(3,51,15,3,3,NULL,NULL),(3,51,16,3,3,NULL,NULL),(3,51,17,3,3,NULL,NULL),(3,51,18,3,3,NULL,NULL),(3,51,19,3,3,NULL,NULL),(3,51,20,3,3,NULL,NULL),(3,51,21,3,3,NULL,NULL),(3,51,22,3,3,NULL,NULL),(3,51,23,3,3,NULL,NULL),(3,51,24,3,3,NULL,NULL),(3,51,25,3,3,NULL,NULL),(3,51,26,3,3,NULL,NULL),(3,51,27,3,3,NULL,NULL),(3,51,28,3,3,NULL,NULL),(3,51,29,3,3,NULL,NULL),(3,51,30,3,3,NULL,NULL),(3,51,31,3,3,NULL,NULL),(3,51,32,3,3,NULL,NULL),(3,51,33,3,3,NULL,NULL),(3,51,34,3,3,NULL,NULL),(3,51,35,3,3,NULL,NULL),(3,51,36,3,3,NULL,NULL),(3,51,37,3,3,NULL,NULL),(3,51,38,3,3,NULL,NULL),(3,51,39,3,3,NULL,NULL),(3,51,40,3,3,NULL,NULL),(3,51,41,3,3,NULL,NULL),(3,51,42,3,3,NULL,NULL),(3,51,43,3,3,NULL,NULL),(3,51,44,3,3,NULL,NULL),(3,51,45,3,3,NULL,NULL),(3,51,46,3,3,NULL,NULL),(3,51,47,3,3,NULL,NULL),(3,51,48,3,3,NULL,NULL),(3,51,49,3,3,NULL,NULL),(3,51,50,3,3,NULL,NULL),(3,52,1,3,3,NULL,NULL),(3,52,2,3,3,NULL,NULL),(3,52,3,3,3,NULL,NULL),(3,52,4,3,3,NULL,NULL),(3,52,5,3,3,NULL,NULL),(3,52,6,3,3,NULL,NULL),(3,52,7,3,3,NULL,NULL),(3,52,8,3,3,NULL,NULL),(3,52,9,3,3,NULL,NULL),(3,52,10,3,3,NULL,NULL),(3,52,11,3,3,NULL,NULL),(3,52,12,3,3,NULL,NULL),(3,52,13,3,3,NULL,NULL),(3,52,14,3,3,NULL,NULL),(3,52,15,3,3,NULL,NULL),(3,52,16,3,3,NULL,NULL),(3,52,17,3,3,NULL,NULL),(3,52,18,3,3,NULL,NULL),(3,52,19,3,3,NULL,NULL),(3,52,20,3,3,NULL,NULL),(3,52,21,3,3,NULL,NULL),(3,52,22,3,3,NULL,NULL),(3,52,23,3,3,NULL,NULL),(3,52,24,3,3,NULL,NULL),(3,52,25,3,3,NULL,NULL),(3,52,26,3,3,NULL,NULL),(3,52,27,3,3,NULL,NULL),(3,52,28,3,3,NULL,NULL),(3,52,29,3,3,NULL,NULL),(3,52,30,3,3,NULL,NULL),(3,52,31,3,3,NULL,NULL),(3,52,32,3,3,NULL,NULL),(3,52,33,3,3,NULL,NULL),(3,52,34,3,3,NULL,NULL),(3,52,35,3,3,NULL,NULL),(3,52,36,3,3,NULL,NULL),(3,52,37,3,3,NULL,NULL),(3,52,38,3,3,NULL,NULL),(3,52,39,3,3,NULL,NULL),(3,52,40,3,3,NULL,NULL),(3,52,41,3,3,NULL,NULL),(3,52,42,3,3,NULL,NULL),(3,52,43,3,3,NULL,NULL),(3,52,44,3,3,NULL,NULL),(3,52,45,3,3,NULL,NULL),(3,52,46,3,3,NULL,NULL),(3,52,47,3,3,NULL,NULL),(3,52,48,3,3,NULL,NULL),(3,52,49,3,3,NULL,NULL),(3,52,50,3,3,NULL,NULL),(3,53,1,3,3,NULL,NULL),(3,53,2,3,3,NULL,NULL),(3,53,3,3,3,NULL,NULL),(3,53,4,3,3,NULL,NULL),(3,53,5,3,3,NULL,NULL),(3,53,6,3,3,NULL,NULL),(3,53,7,3,3,NULL,NULL),(3,53,8,3,3,NULL,NULL),(3,53,9,3,3,NULL,NULL),(3,53,10,3,3,NULL,NULL),(3,53,11,3,3,NULL,NULL),(3,53,12,3,3,NULL,NULL),(3,53,13,3,3,NULL,NULL),(3,53,14,3,3,NULL,NULL),(3,53,15,3,3,NULL,NULL),(3,53,16,3,3,NULL,NULL),(3,53,17,3,3,NULL,NULL),(3,53,18,3,3,NULL,NULL),(3,53,19,3,3,NULL,NULL),(3,53,20,3,3,NULL,NULL),(3,53,21,3,3,NULL,NULL),(3,53,22,3,3,NULL,NULL),(3,53,23,3,3,NULL,NULL),(3,53,24,3,3,NULL,NULL),(3,53,25,3,3,NULL,NULL),(3,53,26,3,3,NULL,NULL),(3,53,27,3,3,NULL,NULL),(3,53,28,3,3,NULL,NULL),(3,53,29,3,3,NULL,NULL),(3,53,30,3,3,NULL,NULL),(3,53,31,3,3,NULL,NULL),(3,53,32,3,3,NULL,NULL),(3,53,33,3,3,NULL,NULL),(3,53,34,3,3,NULL,NULL),(3,53,35,3,3,NULL,NULL),(3,53,36,3,3,NULL,NULL),(3,53,37,3,3,NULL,NULL),(3,53,38,3,3,NULL,NULL),(3,53,39,3,3,NULL,NULL),(3,53,40,3,3,NULL,NULL),(3,53,41,3,3,NULL,NULL),(3,53,42,3,3,NULL,NULL),(3,53,43,3,3,NULL,NULL),(3,53,44,3,3,NULL,NULL),(3,53,45,3,3,NULL,NULL),(3,53,46,3,3,NULL,NULL),(3,53,47,3,3,NULL,NULL),(3,53,48,3,3,NULL,NULL),(3,53,49,3,3,NULL,NULL),(3,53,50,3,3,NULL,NULL),(3,54,1,3,3,NULL,NULL),(3,54,2,3,3,NULL,NULL),(3,54,3,3,3,NULL,NULL),(3,54,4,3,3,NULL,NULL),(3,54,5,3,3,NULL,NULL),(3,54,6,3,3,NULL,NULL),(3,54,7,3,3,NULL,NULL),(3,54,8,3,3,NULL,NULL),(3,54,9,3,3,NULL,NULL),(3,54,10,3,3,NULL,NULL),(3,54,11,3,3,NULL,NULL),(3,54,12,3,3,NULL,NULL),(3,54,13,3,3,NULL,NULL),(3,54,14,3,3,NULL,NULL),(3,54,15,3,3,NULL,NULL),(3,54,16,3,3,NULL,NULL),(3,54,17,3,3,NULL,NULL),(3,54,18,3,3,NULL,NULL),(3,54,19,3,3,NULL,NULL),(3,54,20,3,3,NULL,NULL),(3,54,21,3,3,NULL,NULL),(3,54,22,3,3,NULL,NULL),(3,54,23,3,3,NULL,NULL),(3,54,24,3,3,NULL,NULL),(3,54,25,3,3,NULL,NULL),(3,54,26,3,3,NULL,NULL),(3,54,27,3,3,NULL,NULL),(3,54,28,3,3,NULL,NULL),(3,54,29,3,3,NULL,NULL),(3,54,30,3,3,NULL,NULL),(3,54,31,3,3,NULL,NULL),(3,54,32,3,3,NULL,NULL),(3,54,33,3,3,NULL,NULL),(3,54,34,3,3,NULL,NULL),(3,54,35,3,3,NULL,NULL),(3,54,36,3,3,NULL,NULL),(3,54,37,3,3,NULL,NULL),(3,54,38,3,3,NULL,NULL),(3,54,39,3,3,NULL,NULL),(3,54,40,3,3,NULL,NULL),(3,54,41,3,3,NULL,NULL),(3,54,42,3,3,NULL,NULL),(3,54,43,3,3,NULL,NULL),(3,54,44,3,3,NULL,NULL),(3,54,45,3,3,NULL,NULL),(3,54,46,3,3,NULL,NULL),(3,54,47,3,3,NULL,NULL),(3,54,48,3,3,NULL,NULL),(3,54,49,3,3,NULL,NULL),(3,54,50,3,3,NULL,NULL),(3,55,1,3,3,NULL,NULL),(3,55,2,3,3,NULL,NULL),(3,55,3,3,3,NULL,NULL),(3,55,4,3,3,NULL,NULL),(3,55,5,3,3,NULL,NULL),(3,55,6,3,3,NULL,NULL),(3,55,7,3,3,NULL,NULL),(3,55,8,3,3,NULL,NULL),(3,55,9,3,3,NULL,NULL),(3,55,10,3,3,NULL,NULL),(3,55,11,3,3,NULL,NULL),(3,55,12,3,3,NULL,NULL),(3,55,13,3,3,NULL,NULL),(3,55,14,3,3,NULL,NULL),(3,55,15,3,3,NULL,NULL),(3,55,16,3,3,NULL,NULL),(3,55,17,3,3,NULL,NULL),(3,55,18,3,3,NULL,NULL),(3,55,19,3,3,NULL,NULL),(3,55,20,3,3,NULL,NULL),(3,55,21,3,3,NULL,NULL),(3,55,22,3,3,NULL,NULL),(3,55,23,3,3,NULL,NULL),(3,55,24,3,3,NULL,NULL),(3,55,25,3,3,NULL,NULL),(3,55,26,3,3,NULL,NULL),(3,55,27,3,3,NULL,NULL),(3,55,28,3,3,NULL,NULL),(3,55,29,3,3,NULL,NULL),(3,55,30,3,3,NULL,NULL),(3,55,31,3,3,NULL,NULL),(3,55,32,3,3,NULL,NULL),(3,55,33,3,3,NULL,NULL),(3,55,34,3,3,NULL,NULL),(3,55,35,3,3,NULL,NULL),(3,55,36,3,3,NULL,NULL),(3,55,37,3,3,NULL,NULL),(3,55,38,3,3,NULL,NULL),(3,55,39,3,3,NULL,NULL),(3,55,40,3,3,NULL,NULL),(3,55,41,3,3,NULL,NULL),(3,55,42,3,3,NULL,NULL),(3,55,43,3,3,NULL,NULL),(3,55,44,3,3,NULL,NULL),(3,55,45,3,3,NULL,NULL),(3,55,46,3,3,NULL,NULL),(3,55,47,3,3,NULL,NULL),(3,55,48,3,3,NULL,NULL),(3,55,49,3,3,NULL,NULL),(3,55,50,3,3,NULL,NULL),(3,56,1,3,3,NULL,NULL),(3,56,2,3,3,NULL,NULL),(3,56,3,3,3,NULL,NULL),(3,56,4,3,3,NULL,NULL),(3,56,5,3,3,NULL,NULL),(3,56,6,3,3,NULL,NULL),(3,56,7,3,3,NULL,NULL),(3,56,8,3,3,NULL,NULL),(3,56,9,3,3,NULL,NULL),(3,56,10,3,3,NULL,NULL),(3,56,11,3,3,NULL,NULL),(3,56,12,3,3,NULL,NULL),(3,56,13,3,3,NULL,NULL),(3,56,14,3,3,NULL,NULL),(3,56,15,3,3,NULL,NULL),(3,56,16,3,3,NULL,NULL),(3,56,17,3,3,NULL,NULL),(3,56,18,3,3,NULL,NULL),(3,56,19,3,3,NULL,NULL),(3,56,20,3,3,NULL,NULL),(3,56,21,3,3,NULL,NULL),(3,56,22,3,3,NULL,NULL),(3,56,23,3,3,NULL,NULL),(3,56,24,3,3,NULL,NULL),(3,56,25,3,3,NULL,NULL),(3,56,26,3,3,NULL,NULL),(3,56,27,3,3,NULL,NULL),(3,56,28,3,3,NULL,NULL),(3,56,29,3,3,NULL,NULL),(3,56,30,3,3,NULL,NULL),(3,56,31,3,3,NULL,NULL),(3,56,32,3,3,NULL,NULL),(3,56,33,3,3,NULL,NULL),(3,56,34,3,3,NULL,NULL),(3,56,35,3,3,NULL,NULL),(3,56,36,3,3,NULL,NULL),(3,56,37,3,3,NULL,NULL),(3,56,38,3,3,NULL,NULL),(3,56,39,3,3,NULL,NULL),(3,56,40,3,3,NULL,NULL),(3,56,41,3,3,NULL,NULL),(3,56,42,3,3,NULL,NULL),(3,56,43,3,3,NULL,NULL),(3,56,44,3,3,NULL,NULL),(3,56,45,3,3,NULL,NULL),(3,56,46,3,3,NULL,NULL),(3,56,47,3,3,NULL,NULL),(3,56,48,3,3,NULL,NULL),(3,56,49,3,3,NULL,NULL),(3,56,50,3,3,NULL,NULL),(3,57,1,3,3,NULL,NULL),(3,57,2,3,3,NULL,NULL),(3,57,3,3,3,NULL,NULL),(3,57,4,3,3,NULL,NULL),(3,57,5,3,3,NULL,NULL),(3,57,6,3,3,NULL,NULL),(3,57,7,3,3,NULL,NULL),(3,57,8,3,3,NULL,NULL),(3,57,9,3,3,NULL,NULL),(3,57,10,3,3,NULL,NULL),(3,57,11,3,3,NULL,NULL),(3,57,12,3,3,NULL,NULL),(3,57,13,3,3,NULL,NULL),(3,57,14,3,3,NULL,NULL),(3,57,15,3,3,NULL,NULL),(3,57,16,3,3,NULL,NULL),(3,57,17,3,3,NULL,NULL),(3,57,18,3,3,NULL,NULL),(3,57,19,3,3,NULL,NULL),(3,57,20,3,3,NULL,NULL),(3,57,21,3,3,NULL,NULL),(3,57,22,3,3,NULL,NULL),(3,57,23,3,3,NULL,NULL),(3,57,24,3,3,NULL,NULL),(3,57,25,3,3,NULL,NULL),(3,57,26,3,3,NULL,NULL),(3,57,27,3,3,NULL,NULL),(3,57,28,3,3,NULL,NULL),(3,57,29,3,3,NULL,NULL),(3,57,30,3,3,NULL,NULL),(3,57,31,3,3,NULL,NULL),(3,57,32,3,3,NULL,NULL),(3,57,33,3,3,NULL,NULL),(3,57,34,3,3,NULL,NULL),(3,57,35,3,3,NULL,NULL),(3,57,36,3,3,NULL,NULL),(3,57,37,3,3,NULL,NULL),(3,57,38,3,3,NULL,NULL),(3,57,39,3,3,NULL,NULL),(3,57,40,3,3,NULL,NULL),(3,57,41,3,3,NULL,NULL),(3,57,42,3,3,NULL,NULL),(3,57,43,3,3,NULL,NULL),(3,57,44,3,3,NULL,NULL),(3,57,45,3,3,NULL,NULL),(3,57,46,3,3,NULL,NULL),(3,57,47,3,3,NULL,NULL),(3,57,48,3,3,NULL,NULL),(3,57,49,3,3,NULL,NULL),(3,57,50,3,3,NULL,NULL),(3,58,1,3,3,NULL,NULL),(3,58,2,3,3,NULL,NULL),(3,58,3,3,3,NULL,NULL),(3,58,4,3,3,NULL,NULL),(3,58,5,3,3,NULL,NULL),(3,58,6,3,3,NULL,NULL),(3,58,7,3,3,NULL,NULL),(3,58,8,3,3,NULL,NULL),(3,58,9,3,3,NULL,NULL),(3,58,10,3,3,NULL,NULL),(3,58,11,3,3,NULL,NULL),(3,58,12,3,3,NULL,NULL),(3,58,13,3,3,NULL,NULL),(3,58,14,3,3,NULL,NULL),(3,58,15,3,3,NULL,NULL),(3,58,16,3,3,NULL,NULL),(3,58,17,3,3,NULL,NULL),(3,58,18,3,3,NULL,NULL),(3,58,19,3,3,NULL,NULL),(3,58,20,3,3,NULL,NULL),(3,58,21,3,3,NULL,NULL),(3,58,22,3,3,NULL,NULL),(3,58,23,3,3,NULL,NULL),(3,58,24,3,3,NULL,NULL),(3,58,25,3,3,NULL,NULL),(3,58,26,3,3,NULL,NULL),(3,58,27,3,3,NULL,NULL),(3,58,28,3,3,NULL,NULL),(3,58,29,3,3,NULL,NULL),(3,58,30,3,3,NULL,NULL),(3,58,31,3,3,NULL,NULL),(3,58,32,3,3,NULL,NULL),(3,58,33,3,3,NULL,NULL),(3,58,34,3,3,NULL,NULL),(3,58,35,3,3,NULL,NULL),(3,58,36,3,3,NULL,NULL),(3,58,37,3,3,NULL,NULL),(3,58,38,3,3,NULL,NULL),(3,58,39,3,3,NULL,NULL),(3,58,40,3,3,NULL,NULL),(3,58,41,3,3,NULL,NULL),(3,58,42,3,3,NULL,NULL),(3,58,43,3,3,NULL,NULL),(3,58,44,3,3,NULL,NULL),(3,58,45,3,3,NULL,NULL),(3,58,46,3,3,NULL,NULL),(3,58,47,3,3,NULL,NULL),(3,58,48,3,3,NULL,NULL),(3,58,49,3,3,NULL,NULL),(3,58,50,3,3,NULL,NULL),(3,59,1,3,3,NULL,NULL),(3,59,2,3,3,NULL,NULL),(3,59,3,3,3,NULL,NULL),(3,59,4,3,3,NULL,NULL),(3,59,5,3,3,NULL,NULL),(3,59,6,3,3,NULL,NULL),(3,59,7,3,3,NULL,NULL),(3,59,8,3,3,NULL,NULL),(3,59,9,3,3,NULL,NULL),(3,59,10,3,3,NULL,NULL),(3,59,11,3,3,NULL,NULL),(3,59,12,3,3,NULL,NULL),(3,59,13,3,3,NULL,NULL),(3,59,14,3,3,NULL,NULL),(3,59,15,3,3,NULL,NULL),(3,59,16,3,3,NULL,NULL),(3,59,17,3,3,NULL,NULL),(3,59,18,3,3,NULL,NULL),(3,59,19,3,3,NULL,NULL),(3,59,20,3,3,NULL,NULL),(3,59,21,3,3,NULL,NULL),(3,59,22,3,3,NULL,NULL),(3,59,23,3,3,NULL,NULL),(3,59,24,3,3,NULL,NULL),(3,59,25,3,3,NULL,NULL),(3,59,26,3,3,NULL,NULL),(3,59,27,3,3,NULL,NULL),(3,59,28,3,3,NULL,NULL),(3,59,29,3,3,NULL,NULL),(3,59,30,3,3,NULL,NULL),(3,59,31,3,3,NULL,NULL),(3,59,32,3,3,NULL,NULL),(3,59,33,3,3,NULL,NULL),(3,59,34,3,3,NULL,NULL),(3,59,35,3,3,NULL,NULL),(3,59,36,3,3,NULL,NULL),(3,59,37,3,3,NULL,NULL),(3,59,38,3,3,NULL,NULL),(3,59,39,3,3,NULL,NULL),(3,59,40,3,3,NULL,NULL),(3,59,41,3,3,NULL,NULL),(3,59,42,3,3,NULL,NULL),(3,59,43,3,3,NULL,NULL),(3,59,44,3,3,NULL,NULL),(3,59,45,3,3,NULL,NULL),(3,59,46,3,3,NULL,NULL),(3,59,47,3,3,NULL,NULL),(3,59,48,3,3,NULL,NULL),(3,59,49,3,3,NULL,NULL),(3,59,50,3,3,NULL,NULL),(3,60,1,3,3,NULL,NULL),(3,60,2,3,3,NULL,NULL),(3,60,3,3,3,NULL,NULL),(3,60,4,3,3,NULL,NULL),(3,60,5,3,3,NULL,NULL),(3,60,6,3,3,NULL,NULL),(3,60,7,3,3,NULL,NULL),(3,60,8,3,3,NULL,NULL),(3,60,9,3,3,NULL,NULL),(3,60,10,3,3,NULL,NULL),(3,60,11,3,3,NULL,NULL),(3,60,12,3,3,NULL,NULL),(3,60,13,3,3,NULL,NULL),(3,60,14,3,3,NULL,NULL),(3,60,15,3,3,NULL,NULL),(3,60,16,3,3,NULL,NULL),(3,60,17,3,3,NULL,NULL),(3,60,18,3,3,NULL,NULL),(3,60,19,3,3,NULL,NULL),(3,60,20,3,3,NULL,NULL),(3,60,21,3,3,NULL,NULL),(3,60,22,3,3,NULL,NULL),(3,60,23,3,3,NULL,NULL),(3,60,24,3,3,NULL,NULL),(3,60,25,3,3,NULL,NULL),(3,60,26,3,3,NULL,NULL),(3,60,27,3,3,NULL,NULL),(3,60,28,3,3,NULL,NULL),(3,60,29,3,3,NULL,NULL),(3,60,30,3,3,NULL,NULL),(3,60,31,3,3,NULL,NULL),(3,60,32,3,3,NULL,NULL),(3,60,33,3,3,NULL,NULL),(3,60,34,3,3,NULL,NULL),(3,60,35,3,3,NULL,NULL),(3,60,36,3,3,NULL,NULL),(3,60,37,3,3,NULL,NULL),(3,60,38,3,3,NULL,NULL),(3,60,39,3,3,NULL,NULL),(3,60,40,3,3,NULL,NULL),(3,60,41,3,3,NULL,NULL),(3,60,42,3,3,NULL,NULL),(3,60,43,3,3,NULL,NULL),(3,60,44,3,3,NULL,NULL),(3,60,45,3,3,NULL,NULL),(3,60,46,3,3,NULL,NULL),(3,60,47,3,3,NULL,NULL),(3,60,48,3,3,NULL,NULL),(3,60,49,3,3,NULL,NULL),(3,60,50,3,3,NULL,NULL),(3,61,1,3,3,NULL,NULL),(3,61,2,3,3,NULL,NULL),(3,61,3,3,3,NULL,NULL),(3,61,4,3,3,NULL,NULL),(3,61,5,3,3,NULL,NULL),(3,61,6,3,3,NULL,NULL),(3,61,7,3,3,NULL,NULL),(3,61,8,3,3,NULL,NULL),(3,61,9,3,3,NULL,NULL),(3,61,10,3,3,NULL,NULL),(3,61,11,3,3,NULL,NULL),(3,61,12,3,3,NULL,NULL),(3,61,13,3,3,NULL,NULL),(3,61,14,3,3,NULL,NULL),(3,61,15,3,3,NULL,NULL),(3,61,16,3,3,NULL,NULL),(3,61,17,3,3,NULL,NULL),(3,61,18,3,3,NULL,NULL),(3,61,19,3,3,NULL,NULL),(3,61,20,3,3,NULL,NULL),(3,61,21,3,3,NULL,NULL),(3,61,22,3,3,NULL,NULL),(3,61,23,3,3,NULL,NULL),(3,61,24,3,3,NULL,NULL),(3,61,25,3,3,NULL,NULL),(3,61,26,3,3,NULL,NULL),(3,61,27,3,3,NULL,NULL),(3,61,28,3,3,NULL,NULL),(3,61,29,3,3,NULL,NULL),(3,61,30,3,3,NULL,NULL),(3,61,31,3,3,NULL,NULL),(3,61,32,3,3,NULL,NULL),(3,61,33,3,3,NULL,NULL),(3,61,34,3,3,NULL,NULL),(3,61,35,3,3,NULL,NULL),(3,61,36,3,3,NULL,NULL),(3,61,37,3,3,NULL,NULL),(3,61,38,3,3,NULL,NULL),(3,61,39,3,3,NULL,NULL),(3,61,40,3,3,NULL,NULL),(3,61,41,3,3,NULL,NULL),(3,61,42,3,3,NULL,NULL),(3,61,43,3,3,NULL,NULL),(3,61,44,3,3,NULL,NULL),(3,61,45,3,3,NULL,NULL),(3,61,46,3,3,NULL,NULL),(3,61,47,3,3,NULL,NULL),(3,61,48,3,3,NULL,NULL),(3,61,49,3,3,NULL,NULL),(3,61,50,3,3,NULL,NULL),(3,62,1,3,3,NULL,NULL),(3,62,2,3,3,NULL,NULL),(3,62,3,3,3,NULL,NULL),(3,62,4,3,3,NULL,NULL),(3,62,5,3,3,NULL,NULL),(3,62,6,3,3,NULL,NULL),(3,62,7,3,3,NULL,NULL),(3,62,8,3,3,NULL,NULL),(3,62,9,3,3,NULL,NULL),(3,62,10,3,3,NULL,NULL),(3,62,11,3,3,NULL,NULL),(3,62,12,3,3,NULL,NULL),(3,62,13,3,3,NULL,NULL),(3,62,14,3,3,NULL,NULL),(3,62,15,3,3,NULL,NULL),(3,62,16,3,3,NULL,NULL),(3,62,17,3,3,NULL,NULL),(3,62,18,3,3,NULL,NULL),(3,62,19,3,3,NULL,NULL),(3,62,20,3,3,NULL,NULL),(3,62,21,3,3,NULL,NULL),(3,62,22,3,3,NULL,NULL),(3,62,23,3,3,NULL,NULL),(3,62,24,3,3,NULL,NULL),(3,62,25,3,3,NULL,NULL),(3,62,26,3,3,NULL,NULL),(3,62,27,3,3,NULL,NULL),(3,62,28,3,3,NULL,NULL),(3,62,29,3,3,NULL,NULL),(3,62,30,3,3,NULL,NULL),(3,62,31,3,3,NULL,NULL),(3,62,32,3,3,NULL,NULL),(3,62,33,3,3,NULL,NULL),(3,62,34,3,3,NULL,NULL),(3,62,35,3,3,NULL,NULL),(3,62,36,3,3,NULL,NULL),(3,62,37,3,3,NULL,NULL),(3,62,38,3,3,NULL,NULL),(3,62,39,3,3,NULL,NULL),(3,62,40,3,3,NULL,NULL),(3,62,41,3,3,NULL,NULL),(3,62,42,3,3,NULL,NULL),(3,62,43,3,3,NULL,NULL),(3,62,44,3,3,NULL,NULL),(3,62,45,3,3,NULL,NULL),(3,62,46,3,3,NULL,NULL),(3,62,47,3,3,NULL,NULL),(3,62,48,3,3,NULL,NULL),(3,62,49,3,3,NULL,NULL),(3,62,50,3,3,NULL,NULL),(3,63,1,3,3,NULL,NULL),(3,63,2,3,3,NULL,NULL),(3,63,3,3,3,NULL,NULL),(3,63,4,3,3,NULL,NULL),(3,63,5,3,3,NULL,NULL),(3,63,6,3,3,NULL,NULL),(3,63,7,3,3,NULL,NULL),(3,63,8,3,3,NULL,NULL),(3,63,9,3,3,NULL,NULL),(3,63,10,3,3,NULL,NULL),(3,63,11,3,3,NULL,NULL),(3,63,12,3,3,NULL,NULL),(3,63,13,3,3,NULL,NULL),(3,63,14,3,3,NULL,NULL),(3,63,15,3,3,NULL,NULL),(3,63,16,3,3,NULL,NULL),(3,63,17,3,3,NULL,NULL),(3,63,18,3,3,NULL,NULL),(3,63,19,3,3,NULL,NULL),(3,63,20,3,3,NULL,NULL),(3,63,21,3,3,NULL,NULL),(3,63,22,3,3,NULL,NULL),(3,63,23,3,3,NULL,NULL),(3,63,24,3,3,NULL,NULL),(3,63,25,3,3,NULL,NULL),(3,63,26,3,3,NULL,NULL),(3,63,27,3,3,NULL,NULL),(3,63,28,3,3,NULL,NULL),(3,63,29,3,3,NULL,NULL),(3,63,30,3,3,NULL,NULL),(3,63,31,3,3,NULL,NULL),(3,63,32,3,3,NULL,NULL),(3,63,33,3,3,NULL,NULL),(3,63,34,3,3,NULL,NULL),(3,63,35,3,3,NULL,NULL),(3,63,36,3,3,NULL,NULL),(3,63,37,3,3,NULL,NULL),(3,63,38,3,3,NULL,NULL),(3,63,39,3,3,NULL,NULL),(3,63,40,3,3,NULL,NULL),(3,63,41,3,3,NULL,NULL),(3,63,42,3,3,NULL,NULL),(3,63,43,3,3,NULL,NULL),(3,63,44,3,3,NULL,NULL),(3,63,45,3,3,NULL,NULL),(3,63,46,3,3,NULL,NULL),(3,63,47,3,3,NULL,NULL),(3,63,48,3,3,NULL,NULL),(3,63,49,3,3,NULL,NULL),(3,63,50,3,3,NULL,NULL),(3,64,1,3,3,NULL,NULL),(3,64,2,3,3,NULL,NULL),(3,64,3,3,3,NULL,NULL),(3,64,4,3,3,NULL,NULL),(3,64,5,3,3,NULL,NULL),(3,64,6,3,3,NULL,NULL),(3,64,7,3,3,NULL,NULL),(3,64,8,3,3,NULL,NULL),(3,64,9,3,3,NULL,NULL),(3,64,10,3,3,NULL,NULL),(3,64,11,3,3,NULL,NULL),(3,64,12,3,3,NULL,NULL),(3,64,13,3,3,NULL,NULL),(3,64,14,3,3,NULL,NULL),(3,64,15,3,3,NULL,NULL),(3,64,16,3,3,NULL,NULL),(3,64,17,3,3,NULL,NULL),(3,64,18,3,3,NULL,NULL),(3,64,19,3,3,NULL,NULL),(3,64,20,3,3,NULL,NULL),(3,64,21,3,3,NULL,NULL),(3,64,22,3,3,NULL,NULL),(3,64,23,3,3,NULL,NULL),(3,64,24,3,3,NULL,NULL),(3,64,25,3,3,NULL,NULL),(3,64,26,3,3,NULL,NULL),(3,64,27,3,3,NULL,NULL),(3,64,28,3,3,NULL,NULL),(3,64,29,3,3,NULL,NULL),(3,64,30,3,3,NULL,NULL),(3,64,31,3,3,NULL,NULL),(3,64,32,3,3,NULL,NULL),(3,64,33,3,3,NULL,NULL),(3,64,34,3,3,NULL,NULL),(3,64,35,3,3,NULL,NULL),(3,64,36,3,3,NULL,NULL),(3,64,37,3,3,NULL,NULL),(3,64,38,3,3,NULL,NULL),(3,64,39,3,3,NULL,NULL),(3,64,40,3,3,NULL,NULL),(3,64,41,3,3,NULL,NULL),(3,64,42,3,3,NULL,NULL),(3,64,43,3,3,NULL,NULL),(3,64,44,3,3,NULL,NULL),(3,64,45,3,3,NULL,NULL),(3,64,46,3,3,NULL,NULL),(3,64,47,3,3,NULL,NULL),(3,64,48,3,3,NULL,NULL),(3,64,49,3,3,NULL,NULL),(3,64,50,3,3,NULL,NULL),(3,65,1,3,3,NULL,NULL),(3,65,2,3,3,NULL,NULL),(3,65,3,3,3,NULL,NULL),(3,65,4,3,3,NULL,NULL),(3,65,5,3,3,NULL,NULL),(3,65,6,3,3,NULL,NULL),(3,65,7,3,3,NULL,NULL),(3,65,8,3,3,NULL,NULL),(3,65,9,3,3,NULL,NULL),(3,65,10,3,3,NULL,NULL),(3,65,11,3,3,NULL,NULL),(3,65,12,3,3,NULL,NULL),(3,65,13,3,3,NULL,NULL),(3,65,14,3,3,NULL,NULL),(3,65,15,3,3,NULL,NULL),(3,65,16,3,3,NULL,NULL),(3,65,17,3,3,NULL,NULL),(3,65,18,3,3,NULL,NULL),(3,65,19,3,3,NULL,NULL),(3,65,20,3,3,NULL,NULL),(3,65,21,3,3,NULL,NULL),(3,65,22,3,3,NULL,NULL),(3,65,23,3,3,NULL,NULL),(3,65,24,3,3,NULL,NULL),(3,65,25,3,3,NULL,NULL),(3,65,26,3,3,NULL,NULL),(3,65,27,3,3,NULL,NULL),(3,65,28,3,3,NULL,NULL),(3,65,29,3,3,NULL,NULL),(3,65,30,3,3,NULL,NULL),(3,65,31,3,3,NULL,NULL),(3,65,32,3,3,NULL,NULL),(3,65,33,3,3,NULL,NULL),(3,65,34,3,3,NULL,NULL),(3,65,35,3,3,NULL,NULL),(3,65,36,3,3,NULL,NULL),(3,65,37,3,3,NULL,NULL),(3,65,38,3,3,NULL,NULL),(3,65,39,3,3,NULL,NULL),(3,65,40,3,3,NULL,NULL),(3,65,41,3,3,NULL,NULL),(3,65,42,3,3,NULL,NULL),(3,65,43,3,3,NULL,NULL),(3,65,44,3,3,NULL,NULL),(3,65,45,3,3,NULL,NULL),(3,65,46,3,3,NULL,NULL),(3,65,47,3,3,NULL,NULL),(3,65,48,3,3,NULL,NULL),(3,65,49,3,3,NULL,NULL),(3,65,50,3,3,NULL,NULL),(3,66,1,3,3,NULL,NULL),(3,66,2,3,3,NULL,NULL),(3,66,3,3,3,NULL,NULL),(3,66,4,3,3,NULL,NULL),(3,66,5,3,3,NULL,NULL),(3,66,6,3,3,NULL,NULL),(3,66,7,3,3,NULL,NULL),(3,66,8,3,3,NULL,NULL),(3,66,9,3,3,NULL,NULL),(3,66,10,3,3,NULL,NULL),(3,66,11,3,3,NULL,NULL),(3,66,12,3,3,NULL,NULL),(3,66,13,3,3,NULL,NULL),(3,66,14,3,3,NULL,NULL),(3,66,15,3,3,NULL,NULL),(3,66,16,3,3,NULL,NULL),(3,66,17,3,3,NULL,NULL),(3,66,18,3,3,NULL,NULL),(3,66,19,3,3,NULL,NULL),(3,66,20,3,3,NULL,NULL),(3,66,21,3,3,NULL,NULL),(3,66,22,3,3,NULL,NULL),(3,66,23,3,3,NULL,NULL),(3,66,24,3,3,NULL,NULL),(3,66,25,3,3,NULL,NULL),(3,66,26,3,3,NULL,NULL),(3,66,27,3,3,NULL,NULL),(3,66,28,3,3,NULL,NULL),(3,66,29,3,3,NULL,NULL),(3,66,30,3,3,NULL,NULL),(3,66,31,3,3,NULL,NULL),(3,66,32,3,3,NULL,NULL),(3,66,33,3,3,NULL,NULL),(3,66,34,3,3,NULL,NULL),(3,66,35,3,3,NULL,NULL),(3,66,36,3,3,NULL,NULL),(3,66,37,3,3,NULL,NULL),(3,66,38,3,3,NULL,NULL),(3,66,39,3,3,NULL,NULL),(3,66,40,3,3,NULL,NULL),(3,66,41,3,3,NULL,NULL),(3,66,42,3,3,NULL,NULL),(3,66,43,3,3,NULL,NULL),(3,66,44,3,3,NULL,NULL),(3,66,45,3,3,NULL,NULL),(3,66,46,3,3,NULL,NULL),(3,66,47,3,3,NULL,NULL),(3,66,48,3,3,NULL,NULL),(3,66,49,3,3,NULL,NULL),(3,66,50,3,3,NULL,NULL),(3,67,1,3,3,NULL,NULL),(3,67,2,3,3,NULL,NULL),(3,67,3,3,3,NULL,NULL),(3,67,4,3,3,NULL,NULL),(3,67,5,3,3,NULL,NULL),(3,67,6,3,3,NULL,NULL),(3,67,7,3,3,NULL,NULL),(3,67,8,3,3,NULL,NULL),(3,67,9,3,3,NULL,NULL),(3,67,10,3,3,NULL,NULL),(3,67,11,3,3,NULL,NULL),(3,67,12,3,3,NULL,NULL),(3,67,13,3,3,NULL,NULL),(3,67,14,3,3,NULL,NULL),(3,67,15,3,3,NULL,NULL),(3,67,16,3,3,NULL,NULL),(3,67,17,3,3,NULL,NULL),(3,67,18,3,3,NULL,NULL),(3,67,19,3,3,NULL,NULL),(3,67,20,3,3,NULL,NULL),(3,67,21,3,3,NULL,NULL),(3,67,22,3,3,NULL,NULL),(3,67,23,3,3,NULL,NULL),(3,67,24,3,3,NULL,NULL),(3,67,25,3,3,NULL,NULL),(3,67,26,3,3,NULL,NULL),(3,67,27,3,3,NULL,NULL),(3,67,28,3,3,NULL,NULL),(3,67,29,3,3,NULL,NULL),(3,67,30,3,3,NULL,NULL),(3,67,31,3,3,NULL,NULL),(3,67,32,3,3,NULL,NULL),(3,67,33,3,3,NULL,NULL),(3,67,34,3,3,NULL,NULL),(3,67,35,3,3,NULL,NULL),(3,67,36,3,3,NULL,NULL),(3,67,37,3,3,NULL,NULL),(3,67,38,3,3,NULL,NULL),(3,67,39,3,3,NULL,NULL),(3,67,40,3,3,NULL,NULL),(3,67,41,3,3,NULL,NULL),(3,67,42,3,3,NULL,NULL),(3,67,43,3,3,NULL,NULL),(3,67,44,3,3,NULL,NULL),(3,67,45,3,3,NULL,NULL),(3,67,46,3,3,NULL,NULL),(3,67,47,3,3,NULL,NULL),(3,67,48,3,3,NULL,NULL),(3,67,49,3,3,NULL,NULL),(3,67,50,3,3,NULL,NULL),(3,68,1,3,3,NULL,NULL),(3,68,2,3,3,NULL,NULL),(3,68,3,3,3,NULL,NULL),(3,68,4,3,3,NULL,NULL),(3,68,5,3,3,NULL,NULL),(3,68,6,3,3,NULL,NULL),(3,68,7,3,3,NULL,NULL),(3,68,8,3,3,NULL,NULL),(3,68,9,3,3,NULL,NULL),(3,68,10,3,3,NULL,NULL),(3,68,11,3,3,NULL,NULL),(3,68,12,3,3,NULL,NULL),(3,68,13,3,3,NULL,NULL),(3,68,14,3,3,NULL,NULL),(3,68,15,3,3,NULL,NULL),(3,68,16,3,3,NULL,NULL),(3,68,17,3,3,NULL,NULL),(3,68,18,3,3,NULL,NULL),(3,68,19,3,3,NULL,NULL),(3,68,20,3,3,NULL,NULL),(3,68,21,3,3,NULL,NULL),(3,68,22,3,3,NULL,NULL),(3,68,23,3,3,NULL,NULL),(3,68,24,3,3,NULL,NULL),(3,68,25,3,3,NULL,NULL),(3,68,26,3,3,NULL,NULL),(3,68,27,3,3,NULL,NULL),(3,68,28,3,3,NULL,NULL),(3,68,29,3,3,NULL,NULL),(3,68,30,3,3,NULL,NULL),(3,68,31,3,3,NULL,NULL),(3,68,32,3,3,NULL,NULL),(3,68,33,3,3,NULL,NULL),(3,68,34,3,3,NULL,NULL),(3,68,35,3,3,NULL,NULL),(3,68,36,3,3,NULL,NULL),(3,68,37,3,3,NULL,NULL),(3,68,38,3,3,NULL,NULL),(3,68,39,3,3,NULL,NULL),(3,68,40,3,3,NULL,NULL),(3,68,41,3,3,NULL,NULL),(3,68,42,3,3,NULL,NULL),(3,68,43,3,3,NULL,NULL),(3,68,44,3,3,NULL,NULL),(3,68,45,3,3,NULL,NULL),(3,68,46,3,3,NULL,NULL),(3,68,47,3,3,NULL,NULL),(3,68,48,3,3,NULL,NULL),(3,68,49,3,3,NULL,NULL),(3,68,50,3,3,NULL,NULL),(3,69,1,3,3,NULL,NULL),(3,69,2,3,3,NULL,NULL),(3,69,3,3,3,NULL,NULL),(3,69,4,3,3,NULL,NULL),(3,69,5,3,3,NULL,NULL),(3,69,6,3,3,NULL,NULL),(3,69,7,3,3,NULL,NULL),(3,69,8,3,3,NULL,NULL),(3,69,9,3,3,NULL,NULL),(3,69,10,3,3,NULL,NULL),(3,69,11,3,3,NULL,NULL),(3,69,12,3,3,NULL,NULL),(3,69,13,3,3,NULL,NULL),(3,69,14,3,3,NULL,NULL),(3,69,15,3,3,NULL,NULL),(3,69,16,3,3,NULL,NULL),(3,69,17,3,3,NULL,NULL),(3,69,18,3,3,NULL,NULL),(3,69,19,3,3,NULL,NULL),(3,69,20,3,3,NULL,NULL),(3,69,21,3,3,NULL,NULL),(3,69,22,3,3,NULL,NULL),(3,69,23,3,3,NULL,NULL),(3,69,24,3,3,NULL,NULL),(3,69,25,3,3,NULL,NULL),(3,69,26,3,3,NULL,NULL),(3,69,27,3,3,NULL,NULL),(3,69,28,3,3,NULL,NULL),(3,69,29,3,3,NULL,NULL),(3,69,30,3,3,NULL,NULL),(3,69,31,3,3,NULL,NULL),(3,69,32,3,3,NULL,NULL),(3,69,33,3,3,NULL,NULL),(3,69,34,3,3,NULL,NULL),(3,69,35,3,3,NULL,NULL),(3,69,36,3,3,NULL,NULL),(3,69,37,3,3,NULL,NULL),(3,69,38,3,3,NULL,NULL),(3,69,39,3,3,NULL,NULL),(3,69,40,3,3,NULL,NULL),(3,69,41,3,3,NULL,NULL),(3,69,42,3,3,NULL,NULL),(3,69,43,3,3,NULL,NULL),(3,69,44,3,3,NULL,NULL),(3,69,45,3,3,NULL,NULL),(3,69,46,3,3,NULL,NULL),(3,69,47,3,3,NULL,NULL),(3,69,48,3,3,NULL,NULL),(3,69,49,3,3,NULL,NULL),(3,69,50,3,3,NULL,NULL),(3,70,1,3,3,NULL,NULL),(3,70,2,3,3,NULL,NULL),(3,70,3,3,3,NULL,NULL),(3,70,4,3,3,NULL,NULL),(3,70,5,3,3,NULL,NULL),(3,70,6,3,3,NULL,NULL),(3,70,7,3,3,NULL,NULL),(3,70,8,3,3,NULL,NULL),(3,70,9,3,3,NULL,NULL),(3,70,10,3,3,NULL,NULL),(3,70,11,3,3,NULL,NULL),(3,70,12,3,3,NULL,NULL),(3,70,13,3,3,NULL,NULL),(3,70,14,3,3,NULL,NULL),(3,70,15,3,3,NULL,NULL),(3,70,16,3,3,NULL,NULL),(3,70,17,3,3,NULL,NULL),(3,70,18,3,3,NULL,NULL),(3,70,19,3,3,NULL,NULL),(3,70,20,3,3,NULL,NULL),(3,70,21,3,3,NULL,NULL),(3,70,22,3,3,NULL,NULL),(3,70,23,3,3,NULL,NULL),(3,70,24,3,3,NULL,NULL),(3,70,25,3,3,NULL,NULL),(3,70,26,3,3,NULL,NULL),(3,70,27,3,3,NULL,NULL),(3,70,28,3,3,NULL,NULL),(3,70,29,3,3,NULL,NULL),(3,70,30,3,3,NULL,NULL),(3,70,31,3,3,NULL,NULL),(3,70,32,3,3,NULL,NULL),(3,70,33,3,3,NULL,NULL),(3,70,34,3,3,NULL,NULL),(3,70,35,3,3,NULL,NULL),(3,70,36,3,3,NULL,NULL),(3,70,37,3,3,NULL,NULL),(3,70,38,3,3,NULL,NULL),(3,70,39,3,3,NULL,NULL),(3,70,40,3,3,NULL,NULL),(3,70,41,3,3,NULL,NULL),(3,70,42,3,3,NULL,NULL),(3,70,43,3,3,NULL,NULL),(3,70,44,3,3,NULL,NULL),(3,70,45,3,3,NULL,NULL),(3,70,46,3,3,NULL,NULL),(3,70,47,3,3,NULL,NULL),(3,70,48,3,3,NULL,NULL),(3,70,49,3,3,NULL,NULL),(3,70,50,3,3,NULL,NULL),(3,71,1,3,3,NULL,NULL),(3,71,2,3,3,NULL,NULL),(3,71,3,3,3,NULL,NULL),(3,71,4,3,3,NULL,NULL),(3,71,5,3,3,NULL,NULL),(3,71,6,3,3,NULL,NULL),(3,71,7,3,3,NULL,NULL),(3,71,8,3,3,NULL,NULL),(3,71,9,3,3,NULL,NULL),(3,71,10,3,3,NULL,NULL),(3,71,11,3,3,NULL,NULL),(3,71,12,3,3,NULL,NULL),(3,71,13,3,3,NULL,NULL),(3,71,14,3,3,NULL,NULL),(3,71,15,3,3,NULL,NULL),(3,71,16,3,3,NULL,NULL),(3,71,17,3,3,NULL,NULL),(3,71,18,3,3,NULL,NULL),(3,71,19,3,3,NULL,NULL),(3,71,20,3,3,NULL,NULL),(3,71,21,3,3,NULL,NULL),(3,71,22,3,3,NULL,NULL),(3,71,23,3,3,NULL,NULL),(3,71,24,3,3,NULL,NULL),(3,71,25,3,3,NULL,NULL),(3,71,26,3,3,NULL,NULL),(3,71,27,3,3,NULL,NULL),(3,71,28,3,3,NULL,NULL),(3,71,29,3,3,NULL,NULL),(3,71,30,3,3,NULL,NULL),(3,71,31,3,3,NULL,NULL),(3,71,32,3,3,NULL,NULL),(3,71,33,3,3,NULL,NULL),(3,71,34,3,3,NULL,NULL),(3,71,35,3,3,NULL,NULL),(3,71,36,3,3,NULL,NULL),(3,71,37,3,3,NULL,NULL),(3,71,38,3,3,NULL,NULL),(3,71,39,3,3,NULL,NULL),(3,71,40,3,3,NULL,NULL),(3,71,41,3,3,NULL,NULL),(3,71,42,3,3,NULL,NULL),(3,71,43,3,3,NULL,NULL),(3,71,44,3,3,NULL,NULL),(3,71,45,3,3,NULL,NULL),(3,71,46,3,3,NULL,NULL),(3,71,47,3,3,NULL,NULL),(3,71,48,3,3,NULL,NULL),(3,71,49,3,3,NULL,NULL),(3,71,50,3,3,NULL,NULL),(3,72,1,3,3,NULL,NULL),(3,72,2,3,3,NULL,NULL),(3,72,3,3,3,NULL,NULL),(3,72,4,3,3,NULL,NULL),(3,72,5,3,3,NULL,NULL),(3,72,6,3,3,NULL,NULL),(3,72,7,3,3,NULL,NULL),(3,72,8,3,3,NULL,NULL),(3,72,9,3,3,NULL,NULL),(3,72,10,3,3,NULL,NULL),(3,72,11,3,3,NULL,NULL),(3,72,12,3,3,NULL,NULL),(3,72,13,3,3,NULL,NULL),(3,72,14,3,3,NULL,NULL),(3,72,15,3,3,NULL,NULL),(3,72,16,3,3,NULL,NULL),(3,72,17,3,3,NULL,NULL),(3,72,18,3,3,NULL,NULL),(3,72,19,3,3,NULL,NULL),(3,72,20,3,3,NULL,NULL),(3,72,21,3,3,NULL,NULL),(3,72,22,3,3,NULL,NULL),(3,72,23,3,3,NULL,NULL),(3,72,24,3,3,NULL,NULL),(3,72,25,3,3,NULL,NULL),(3,72,26,3,3,NULL,NULL),(3,72,27,3,3,NULL,NULL),(3,72,28,3,3,NULL,NULL),(3,72,29,3,3,NULL,NULL),(3,72,30,3,3,NULL,NULL),(3,72,31,3,3,NULL,NULL),(3,72,32,3,3,NULL,NULL),(3,72,33,3,3,NULL,NULL),(3,72,34,3,3,NULL,NULL),(3,72,35,3,3,NULL,NULL),(3,72,36,3,3,NULL,NULL),(3,72,37,3,3,NULL,NULL),(3,72,38,3,3,NULL,NULL),(3,72,39,3,3,NULL,NULL),(3,72,40,3,3,NULL,NULL),(3,72,41,3,3,NULL,NULL),(3,72,42,3,3,NULL,NULL),(3,72,43,3,3,NULL,NULL),(3,72,44,3,3,NULL,NULL),(3,72,45,3,3,NULL,NULL),(3,72,46,3,3,NULL,NULL),(3,72,47,3,3,NULL,NULL),(3,72,48,3,3,NULL,NULL),(3,72,49,3,3,NULL,NULL),(3,72,50,3,3,NULL,NULL),(3,73,1,3,3,NULL,NULL),(3,73,2,3,3,NULL,NULL),(3,73,3,3,3,NULL,NULL),(3,73,4,3,3,NULL,NULL),(3,73,5,3,3,NULL,NULL),(3,73,6,3,3,NULL,NULL),(3,73,7,3,3,NULL,NULL),(3,73,8,3,3,NULL,NULL),(3,73,9,3,3,NULL,NULL),(3,73,10,3,3,NULL,NULL),(3,73,11,3,3,NULL,NULL),(3,73,12,3,3,NULL,NULL),(3,73,13,3,3,NULL,NULL),(3,73,14,3,3,NULL,NULL),(3,73,15,3,3,NULL,NULL),(3,73,16,3,3,NULL,NULL),(3,73,17,3,3,NULL,NULL),(3,73,18,3,3,NULL,NULL),(3,73,19,3,3,NULL,NULL),(3,73,20,3,3,NULL,NULL),(3,73,21,3,3,NULL,NULL),(3,73,22,3,3,NULL,NULL),(3,73,23,3,3,NULL,NULL),(3,73,24,3,3,NULL,NULL),(3,73,25,3,3,NULL,NULL),(3,73,26,3,3,NULL,NULL),(3,73,27,3,3,NULL,NULL),(3,73,28,3,3,NULL,NULL),(3,73,29,3,3,NULL,NULL),(3,73,30,3,3,NULL,NULL),(3,73,31,3,3,NULL,NULL),(3,73,32,3,3,NULL,NULL),(3,73,33,3,3,NULL,NULL),(3,73,34,3,3,NULL,NULL),(3,73,35,3,3,NULL,NULL),(3,73,36,3,3,NULL,NULL),(3,73,37,3,3,NULL,NULL),(3,73,38,3,3,NULL,NULL),(3,73,39,3,3,NULL,NULL),(3,73,40,3,3,NULL,NULL),(3,73,41,3,3,NULL,NULL),(3,73,42,3,3,NULL,NULL),(3,73,43,3,3,NULL,NULL),(3,73,44,3,3,NULL,NULL),(3,73,45,3,3,NULL,NULL),(3,73,46,3,3,NULL,NULL),(3,73,47,3,3,NULL,NULL),(3,73,48,3,3,NULL,NULL),(3,73,49,3,3,NULL,NULL),(3,73,50,3,3,NULL,NULL),(3,74,1,3,3,NULL,NULL),(3,74,2,3,3,NULL,NULL),(3,74,3,3,3,NULL,NULL),(3,74,4,3,3,NULL,NULL),(3,74,5,3,3,NULL,NULL),(3,74,6,3,3,NULL,NULL),(3,74,7,3,3,NULL,NULL),(3,74,8,3,3,NULL,NULL),(3,74,9,3,3,NULL,NULL),(3,74,10,3,3,NULL,NULL),(3,74,11,3,3,NULL,NULL),(3,74,12,3,3,NULL,NULL),(3,74,13,3,3,NULL,NULL),(3,74,14,3,3,NULL,NULL),(3,74,15,3,3,NULL,NULL),(3,74,16,3,3,NULL,NULL),(3,74,17,3,3,NULL,NULL),(3,74,18,3,3,NULL,NULL),(3,74,19,3,3,NULL,NULL),(3,74,20,3,3,NULL,NULL),(3,74,21,3,3,NULL,NULL),(3,74,22,3,3,NULL,NULL),(3,74,23,3,3,NULL,NULL),(3,74,24,3,3,NULL,NULL),(3,74,25,3,3,NULL,NULL),(3,74,26,3,3,NULL,NULL),(3,74,27,3,3,NULL,NULL),(3,74,28,3,3,NULL,NULL),(3,74,29,3,3,NULL,NULL),(3,74,30,3,3,NULL,NULL),(3,74,31,3,3,NULL,NULL),(3,74,32,3,3,NULL,NULL),(3,74,33,3,3,NULL,NULL),(3,74,34,3,3,NULL,NULL),(3,74,35,3,3,NULL,NULL),(3,74,36,3,3,NULL,NULL),(3,74,37,3,3,NULL,NULL),(3,74,38,3,3,NULL,NULL),(3,74,39,3,3,NULL,NULL),(3,74,40,3,3,NULL,NULL),(3,74,41,3,3,NULL,NULL),(3,74,42,3,3,NULL,NULL),(3,74,43,3,3,NULL,NULL),(3,74,44,3,3,NULL,NULL),(3,74,45,3,3,NULL,NULL),(3,74,46,3,3,NULL,NULL),(3,74,47,3,3,NULL,NULL),(3,74,48,3,3,NULL,NULL),(3,74,49,3,3,NULL,NULL),(3,74,50,3,3,NULL,NULL),(3,75,1,3,3,NULL,NULL),(3,75,2,3,3,NULL,NULL),(3,75,3,3,3,NULL,NULL),(3,75,4,3,3,NULL,NULL),(3,75,5,3,3,NULL,NULL),(3,75,6,3,3,NULL,NULL),(3,75,7,3,3,NULL,NULL),(3,75,8,3,3,NULL,NULL),(3,75,9,3,3,NULL,NULL),(3,75,10,3,3,NULL,NULL),(3,75,11,3,3,NULL,NULL),(3,75,12,3,3,NULL,NULL),(3,75,13,3,3,NULL,NULL),(3,75,14,3,3,NULL,NULL),(3,75,15,3,3,NULL,NULL),(3,75,16,3,3,NULL,NULL),(3,75,17,3,3,NULL,NULL),(3,75,18,3,3,NULL,NULL),(3,75,19,3,3,NULL,NULL),(3,75,20,3,3,NULL,NULL),(3,75,21,3,3,NULL,NULL),(3,75,22,3,3,NULL,NULL),(3,75,23,3,3,NULL,NULL),(3,75,24,3,3,NULL,NULL),(3,75,25,3,3,NULL,NULL),(3,75,26,3,3,NULL,NULL),(3,75,27,3,3,NULL,NULL),(3,75,28,3,3,NULL,NULL),(3,75,29,3,3,NULL,NULL),(3,75,30,3,3,NULL,NULL),(3,75,31,3,3,NULL,NULL),(3,75,32,3,3,NULL,NULL),(3,75,33,3,3,NULL,NULL),(3,75,34,3,3,NULL,NULL),(3,75,35,3,3,NULL,NULL),(3,75,36,3,3,NULL,NULL),(3,75,37,3,3,NULL,NULL),(3,75,38,3,3,NULL,NULL),(3,75,39,3,3,NULL,NULL),(3,75,40,3,3,NULL,NULL),(3,75,41,3,3,NULL,NULL),(3,75,42,3,3,NULL,NULL),(3,75,43,3,3,NULL,NULL),(3,75,44,3,3,NULL,NULL),(3,75,45,3,3,NULL,NULL),(3,75,46,3,3,NULL,NULL),(3,75,47,3,3,NULL,NULL),(3,75,48,3,3,NULL,NULL),(3,75,49,3,3,NULL,NULL),(3,75,50,3,3,NULL,NULL),(3,76,1,3,3,NULL,NULL),(3,76,2,3,3,NULL,NULL),(3,76,3,3,3,NULL,NULL),(3,76,4,3,3,NULL,NULL),(3,76,5,3,3,NULL,NULL),(3,76,6,3,3,NULL,NULL),(3,76,7,3,3,NULL,NULL),(3,76,8,3,3,NULL,NULL),(3,76,9,3,3,NULL,NULL),(3,76,10,3,3,NULL,NULL),(3,76,11,3,3,NULL,NULL),(3,76,12,3,3,NULL,NULL),(3,76,13,3,3,NULL,NULL),(3,76,14,3,3,NULL,NULL),(3,76,15,3,3,NULL,NULL),(3,76,16,3,3,NULL,NULL),(3,76,17,3,3,NULL,NULL),(3,76,18,3,3,NULL,NULL),(3,76,19,3,3,NULL,NULL),(3,76,20,3,3,NULL,NULL),(3,76,21,3,3,NULL,NULL),(3,76,22,3,3,NULL,NULL),(3,76,23,3,3,NULL,NULL),(3,76,24,3,3,NULL,NULL),(3,76,25,3,3,NULL,NULL),(3,76,26,3,3,NULL,NULL),(3,76,27,3,3,NULL,NULL),(3,76,28,3,3,NULL,NULL),(3,76,29,3,3,NULL,NULL),(3,76,30,3,3,NULL,NULL),(3,76,31,3,3,NULL,NULL),(3,76,32,3,3,NULL,NULL),(3,76,33,3,3,NULL,NULL),(3,76,34,3,3,NULL,NULL),(3,76,35,3,3,NULL,NULL),(3,76,36,3,3,NULL,NULL),(3,76,37,3,3,NULL,NULL),(3,76,38,3,3,NULL,NULL),(3,76,39,3,3,NULL,NULL),(3,76,40,3,3,NULL,NULL),(3,76,41,3,3,NULL,NULL),(3,76,42,3,3,NULL,NULL),(3,76,43,3,3,NULL,NULL),(3,76,44,3,3,NULL,NULL),(3,76,45,3,3,NULL,NULL),(3,76,46,3,3,NULL,NULL),(3,76,47,3,3,NULL,NULL),(3,76,48,3,3,NULL,NULL),(3,76,49,3,3,NULL,NULL),(3,76,50,3,3,NULL,NULL),(3,77,1,3,3,NULL,NULL),(3,77,2,3,3,NULL,NULL),(3,77,3,3,3,NULL,NULL),(3,77,4,3,3,NULL,NULL),(3,77,5,3,3,NULL,NULL),(3,77,6,3,3,NULL,NULL),(3,77,7,3,3,NULL,NULL),(3,77,8,3,3,NULL,NULL),(3,77,9,3,3,NULL,NULL),(3,77,10,3,3,NULL,NULL),(3,77,11,3,3,NULL,NULL),(3,77,12,3,3,NULL,NULL),(3,77,13,3,3,NULL,NULL),(3,77,14,3,3,NULL,NULL),(3,77,15,3,3,NULL,NULL),(3,77,16,3,3,NULL,NULL),(3,77,17,3,3,NULL,NULL),(3,77,18,3,3,NULL,NULL),(3,77,19,3,3,NULL,NULL),(3,77,20,3,3,NULL,NULL),(3,77,21,3,3,NULL,NULL),(3,77,22,3,3,NULL,NULL),(3,77,23,3,3,NULL,NULL),(3,77,24,3,3,NULL,NULL),(3,77,25,3,3,NULL,NULL),(3,77,26,3,3,NULL,NULL),(3,77,27,3,3,NULL,NULL),(3,77,28,3,3,NULL,NULL),(3,77,29,3,3,NULL,NULL),(3,77,30,3,3,NULL,NULL),(3,77,31,3,3,NULL,NULL),(3,77,32,3,3,NULL,NULL),(3,77,33,3,3,NULL,NULL),(3,77,34,3,3,NULL,NULL),(3,77,35,3,3,NULL,NULL),(3,77,36,3,3,NULL,NULL),(3,77,37,3,3,NULL,NULL),(3,77,38,3,3,NULL,NULL),(3,77,39,3,3,NULL,NULL),(3,77,40,3,3,NULL,NULL),(3,77,41,3,3,NULL,NULL),(3,77,42,3,3,NULL,NULL),(3,77,43,3,3,NULL,NULL),(3,77,44,3,3,NULL,NULL),(3,77,45,3,3,NULL,NULL),(3,77,46,3,3,NULL,NULL),(3,77,47,3,3,NULL,NULL),(3,77,48,3,3,NULL,NULL),(3,77,49,3,3,NULL,NULL),(3,77,50,3,3,NULL,NULL),(3,78,1,3,3,NULL,NULL),(3,78,2,3,3,NULL,NULL),(3,78,3,3,3,NULL,NULL),(3,78,4,3,3,NULL,NULL),(3,78,5,3,3,NULL,NULL),(3,78,6,3,3,NULL,NULL),(3,78,7,3,3,NULL,NULL),(3,78,8,3,3,NULL,NULL),(3,78,9,3,3,NULL,NULL),(3,78,10,3,3,NULL,NULL),(3,78,11,3,3,NULL,NULL),(3,78,12,3,3,NULL,NULL),(3,78,13,3,3,NULL,NULL),(3,78,14,3,3,NULL,NULL),(3,78,15,3,3,NULL,NULL),(3,78,16,3,3,NULL,NULL),(3,78,17,3,3,NULL,NULL),(3,78,18,3,3,NULL,NULL),(3,78,19,3,3,NULL,NULL),(3,78,20,3,3,NULL,NULL),(3,78,21,3,3,NULL,NULL),(3,78,22,3,3,NULL,NULL),(3,78,23,3,3,NULL,NULL),(3,78,24,3,3,NULL,NULL),(3,78,25,3,3,NULL,NULL),(3,78,26,3,3,NULL,NULL),(3,78,27,3,3,NULL,NULL),(3,78,28,3,3,NULL,NULL),(3,78,29,3,3,NULL,NULL),(3,78,30,3,3,NULL,NULL),(3,78,31,3,3,NULL,NULL),(3,78,32,3,3,NULL,NULL),(3,78,33,3,3,NULL,NULL),(3,78,34,3,3,NULL,NULL),(3,78,35,3,3,NULL,NULL),(3,78,36,3,3,NULL,NULL),(3,78,37,3,3,NULL,NULL),(3,78,38,3,3,NULL,NULL),(3,78,39,3,3,NULL,NULL),(3,78,40,3,3,NULL,NULL),(3,78,41,3,3,NULL,NULL),(3,78,42,3,3,NULL,NULL),(3,78,43,3,3,NULL,NULL),(3,78,44,3,3,NULL,NULL),(3,78,45,3,3,NULL,NULL),(3,78,46,3,3,NULL,NULL),(3,78,47,3,3,NULL,NULL),(3,78,48,3,3,NULL,NULL),(3,78,49,3,3,NULL,NULL),(3,78,50,3,3,NULL,NULL),(3,79,1,3,3,NULL,NULL),(3,79,2,3,3,NULL,NULL),(3,79,3,3,3,NULL,NULL),(3,79,4,3,3,NULL,NULL),(3,79,5,3,3,NULL,NULL),(3,79,6,3,3,NULL,NULL),(3,79,7,3,3,NULL,NULL),(3,79,8,3,3,NULL,NULL),(3,79,9,3,3,NULL,NULL),(3,79,10,3,3,NULL,NULL),(3,79,11,3,3,NULL,NULL),(3,79,12,3,3,NULL,NULL),(3,79,13,3,3,NULL,NULL),(3,79,14,3,3,NULL,NULL),(3,79,15,3,3,NULL,NULL),(3,79,16,3,3,NULL,NULL),(3,79,17,3,3,NULL,NULL),(3,79,18,3,3,NULL,NULL),(3,79,19,3,3,NULL,NULL),(3,79,20,3,3,NULL,NULL),(3,79,21,3,3,NULL,NULL),(3,79,22,3,3,NULL,NULL),(3,79,23,3,3,NULL,NULL),(3,79,24,3,3,NULL,NULL),(3,79,25,3,3,NULL,NULL),(3,79,26,3,3,NULL,NULL),(3,79,27,3,3,NULL,NULL),(3,79,28,3,3,NULL,NULL),(3,79,29,3,3,NULL,NULL),(3,79,30,3,3,NULL,NULL),(3,79,31,3,3,NULL,NULL),(3,79,32,3,3,NULL,NULL),(3,79,33,3,3,NULL,NULL),(3,79,34,3,3,NULL,NULL),(3,79,35,3,3,NULL,NULL),(3,79,36,3,3,NULL,NULL),(3,79,37,3,3,NULL,NULL),(3,79,38,3,3,NULL,NULL),(3,79,39,3,3,NULL,NULL),(3,79,40,3,3,NULL,NULL),(3,79,41,3,3,NULL,NULL),(3,79,42,3,3,NULL,NULL),(3,79,43,3,3,NULL,NULL),(3,79,44,3,3,NULL,NULL),(3,79,45,3,3,NULL,NULL),(3,79,46,3,3,NULL,NULL),(3,79,47,3,3,NULL,NULL),(3,79,48,3,3,NULL,NULL),(3,79,49,3,3,NULL,NULL),(3,79,50,3,3,NULL,NULL),(3,80,1,3,3,NULL,NULL),(3,80,2,3,3,NULL,NULL),(3,80,3,3,3,NULL,NULL),(3,80,4,3,3,NULL,NULL),(3,80,5,3,3,NULL,NULL),(3,80,6,3,3,NULL,NULL),(3,80,7,3,3,NULL,NULL),(3,80,8,3,3,NULL,NULL),(3,80,9,3,3,NULL,NULL),(3,80,10,3,3,NULL,NULL),(3,80,11,3,3,NULL,NULL),(3,80,12,3,3,NULL,NULL),(3,80,13,3,3,NULL,NULL),(3,80,14,3,3,NULL,NULL),(3,80,15,3,3,NULL,NULL),(3,80,16,3,3,NULL,NULL),(3,80,17,3,3,NULL,NULL),(3,80,18,3,3,NULL,NULL),(3,80,19,3,3,NULL,NULL),(3,80,20,3,3,NULL,NULL),(3,80,21,3,3,NULL,NULL),(3,80,22,3,3,NULL,NULL),(3,80,23,3,3,NULL,NULL),(3,80,24,3,3,NULL,NULL),(3,80,25,3,3,NULL,NULL),(3,80,26,3,3,NULL,NULL),(3,80,27,3,3,NULL,NULL),(3,80,28,3,3,NULL,NULL),(3,80,29,3,3,NULL,NULL),(3,80,30,3,3,NULL,NULL),(3,80,31,3,3,NULL,NULL),(3,80,32,3,3,NULL,NULL),(3,80,33,3,3,NULL,NULL),(3,80,34,3,3,NULL,NULL),(3,80,35,3,3,NULL,NULL),(3,80,36,3,3,NULL,NULL),(3,80,37,3,3,NULL,NULL),(3,80,38,3,3,NULL,NULL),(3,80,39,3,3,NULL,NULL),(3,80,40,3,3,NULL,NULL),(3,80,41,3,3,NULL,NULL),(3,80,42,3,3,NULL,NULL),(3,80,43,3,3,NULL,NULL),(3,80,44,3,3,NULL,NULL),(3,80,45,3,3,NULL,NULL),(3,80,46,3,3,NULL,NULL),(3,80,47,3,3,NULL,NULL),(3,80,48,3,3,NULL,NULL),(3,80,49,3,3,NULL,NULL),(3,80,50,3,3,NULL,NULL),(3,81,1,3,3,NULL,NULL),(3,81,2,3,3,NULL,NULL),(3,81,3,3,3,NULL,NULL),(3,81,4,3,3,NULL,NULL),(3,81,5,3,3,NULL,NULL),(3,81,6,3,3,NULL,NULL),(3,81,7,3,3,NULL,NULL),(3,81,8,3,3,NULL,NULL),(3,81,9,3,3,NULL,NULL),(3,81,10,3,3,NULL,NULL),(3,81,11,3,3,NULL,NULL),(3,81,12,3,3,NULL,NULL),(3,81,13,3,3,NULL,NULL),(3,81,14,3,3,NULL,NULL),(3,81,15,3,3,NULL,NULL),(3,81,16,3,3,NULL,NULL),(3,81,17,3,3,NULL,NULL),(3,81,18,3,3,NULL,NULL),(3,81,19,3,3,NULL,NULL),(3,81,20,3,3,NULL,NULL),(3,81,21,3,3,NULL,NULL),(3,81,22,3,3,NULL,NULL),(3,81,23,3,3,NULL,NULL),(3,81,24,3,3,NULL,NULL),(3,81,25,3,3,NULL,NULL),(3,81,26,3,3,NULL,NULL),(3,81,27,3,3,NULL,NULL),(3,81,28,3,3,NULL,NULL),(3,81,29,3,3,NULL,NULL),(3,81,30,3,3,NULL,NULL),(3,81,31,3,3,NULL,NULL),(3,81,32,3,3,NULL,NULL),(3,81,33,3,3,NULL,NULL),(3,81,34,3,3,NULL,NULL),(3,81,35,3,3,NULL,NULL),(3,81,36,3,3,NULL,NULL),(3,81,37,3,3,NULL,NULL),(3,81,38,3,3,NULL,NULL),(3,81,39,3,3,NULL,NULL),(3,81,40,3,3,NULL,NULL),(3,81,41,3,3,NULL,NULL),(3,81,42,3,3,NULL,NULL),(3,81,43,3,3,NULL,NULL),(3,81,44,3,3,NULL,NULL),(3,81,45,3,3,NULL,NULL),(3,81,46,3,3,NULL,NULL),(3,81,47,3,3,NULL,NULL),(3,81,48,3,3,NULL,NULL),(3,81,49,3,3,NULL,NULL),(3,81,50,3,3,NULL,NULL),(3,82,1,3,3,NULL,NULL),(3,82,2,3,3,NULL,NULL),(3,82,3,3,3,NULL,NULL),(3,82,4,3,3,NULL,NULL),(3,82,5,3,3,NULL,NULL),(3,82,6,3,3,NULL,NULL),(3,82,7,3,3,NULL,NULL),(3,82,8,3,3,NULL,NULL),(3,82,9,3,3,NULL,NULL),(3,82,10,3,3,NULL,NULL),(3,82,11,3,3,NULL,NULL),(3,82,12,3,3,NULL,NULL),(3,82,13,3,3,NULL,NULL),(3,82,14,3,3,NULL,NULL),(3,82,15,3,3,NULL,NULL),(3,82,16,3,3,NULL,NULL),(3,82,17,3,3,NULL,NULL),(3,82,18,3,3,NULL,NULL),(3,82,19,3,3,NULL,NULL),(3,82,20,3,3,NULL,NULL),(3,82,21,3,3,NULL,NULL),(3,82,22,3,3,NULL,NULL),(3,82,23,3,3,NULL,NULL),(3,82,24,3,3,NULL,NULL),(3,82,25,3,3,NULL,NULL),(3,82,26,3,3,NULL,NULL),(3,82,27,3,3,NULL,NULL),(3,82,28,3,3,NULL,NULL),(3,82,29,3,3,NULL,NULL),(3,82,30,3,3,NULL,NULL),(3,82,31,3,3,NULL,NULL),(3,82,32,3,3,NULL,NULL),(3,82,33,3,3,NULL,NULL),(3,82,34,3,3,NULL,NULL),(3,82,35,3,3,NULL,NULL),(3,82,36,3,3,NULL,NULL),(3,82,37,3,3,NULL,NULL),(3,82,38,3,3,NULL,NULL),(3,82,39,3,3,NULL,NULL),(3,82,40,3,3,NULL,NULL),(3,82,41,3,3,NULL,NULL),(3,82,42,3,3,NULL,NULL),(3,82,43,3,3,NULL,NULL),(3,82,44,3,3,NULL,NULL),(3,82,45,3,3,NULL,NULL),(3,82,46,3,3,NULL,NULL),(3,82,47,3,3,NULL,NULL),(3,82,48,3,3,NULL,NULL),(3,82,49,3,3,NULL,NULL),(3,82,50,3,3,NULL,NULL),(3,83,1,3,3,NULL,NULL),(3,83,2,3,3,NULL,NULL),(3,83,3,3,3,NULL,NULL),(3,83,4,3,3,NULL,NULL),(3,83,5,3,3,NULL,NULL),(3,83,6,3,3,NULL,NULL),(3,83,7,3,3,NULL,NULL),(3,83,8,3,3,NULL,NULL),(3,83,9,3,3,NULL,NULL),(3,83,10,3,3,NULL,NULL),(3,83,11,3,3,NULL,NULL),(3,83,12,3,3,NULL,NULL),(3,83,13,3,3,NULL,NULL),(3,83,14,3,3,NULL,NULL),(3,83,15,3,3,NULL,NULL),(3,83,16,3,3,NULL,NULL),(3,83,17,3,3,NULL,NULL),(3,83,18,3,3,NULL,NULL),(3,83,19,3,3,NULL,NULL),(3,83,20,3,3,NULL,NULL),(3,83,21,3,3,NULL,NULL),(3,83,22,3,3,NULL,NULL),(3,83,23,3,3,NULL,NULL),(3,83,24,3,3,NULL,NULL),(3,83,25,3,3,NULL,NULL),(3,83,26,3,3,NULL,NULL),(3,83,27,3,3,NULL,NULL),(3,83,28,3,3,NULL,NULL),(3,83,29,3,3,NULL,NULL),(3,83,30,3,3,NULL,NULL),(3,83,31,3,3,NULL,NULL),(3,83,32,3,3,NULL,NULL),(3,83,33,3,3,NULL,NULL),(3,83,34,3,3,NULL,NULL),(3,83,35,3,3,NULL,NULL),(3,83,36,3,3,NULL,NULL),(3,83,37,3,3,NULL,NULL),(3,83,38,3,3,NULL,NULL),(3,83,39,3,3,NULL,NULL),(3,83,40,3,3,NULL,NULL),(3,83,41,3,3,NULL,NULL),(3,83,42,3,3,NULL,NULL),(3,83,43,3,3,NULL,NULL),(3,83,44,3,3,NULL,NULL),(3,83,45,3,3,NULL,NULL),(3,83,46,3,3,NULL,NULL),(3,83,47,3,3,NULL,NULL),(3,83,48,3,3,NULL,NULL),(3,83,49,3,3,NULL,NULL),(3,83,50,3,3,NULL,NULL),(3,84,1,3,3,NULL,NULL),(3,84,2,3,3,NULL,NULL),(3,84,3,3,3,NULL,NULL),(3,84,4,3,3,NULL,NULL),(3,84,5,3,3,NULL,NULL),(3,84,6,3,3,NULL,NULL),(3,84,7,3,3,NULL,NULL),(3,84,8,3,3,NULL,NULL),(3,84,9,3,3,NULL,NULL),(3,84,10,3,3,NULL,NULL),(3,84,11,3,3,NULL,NULL),(3,84,12,3,3,NULL,NULL),(3,84,13,3,3,NULL,NULL),(3,84,14,3,3,NULL,NULL),(3,84,15,3,3,NULL,NULL),(3,84,16,3,3,NULL,NULL),(3,84,17,3,3,NULL,NULL),(3,84,18,3,3,NULL,NULL),(3,84,19,3,3,NULL,NULL),(3,84,20,3,3,NULL,NULL),(3,84,21,3,3,NULL,NULL),(3,84,22,3,3,NULL,NULL),(3,84,23,3,3,NULL,NULL),(3,84,24,3,3,NULL,NULL),(3,84,25,3,3,NULL,NULL),(3,84,26,3,3,NULL,NULL),(3,84,27,3,3,NULL,NULL),(3,84,28,3,3,NULL,NULL),(3,84,29,3,3,NULL,NULL),(3,84,30,3,3,NULL,NULL),(3,84,31,3,3,NULL,NULL),(3,84,32,3,3,NULL,NULL),(3,84,33,3,3,NULL,NULL),(3,84,34,3,3,NULL,NULL),(3,84,35,3,3,NULL,NULL),(3,84,36,3,3,NULL,NULL),(3,84,37,3,3,NULL,NULL),(3,84,38,3,3,NULL,NULL),(3,84,39,3,3,NULL,NULL),(3,84,40,3,3,NULL,NULL),(3,84,41,3,3,NULL,NULL),(3,84,42,3,3,NULL,NULL),(3,84,43,3,3,NULL,NULL),(3,84,44,3,3,NULL,NULL),(3,84,45,3,3,NULL,NULL),(3,84,46,3,3,NULL,NULL),(3,84,47,3,3,NULL,NULL),(3,84,48,3,3,NULL,NULL),(3,84,49,3,3,NULL,NULL),(3,84,50,3,3,NULL,NULL),(3,85,1,3,3,NULL,NULL),(3,85,2,3,3,NULL,NULL),(3,85,3,3,3,NULL,NULL),(3,85,4,3,3,NULL,NULL),(3,85,5,3,3,NULL,NULL),(3,85,6,3,3,NULL,NULL),(3,85,7,3,3,NULL,NULL),(3,85,8,3,3,NULL,NULL),(3,85,9,3,3,NULL,NULL),(3,85,10,3,3,NULL,NULL),(3,85,11,3,3,NULL,NULL),(3,85,12,3,3,NULL,NULL),(3,85,13,3,3,NULL,NULL),(3,85,14,3,3,NULL,NULL),(3,85,15,3,3,NULL,NULL),(3,85,16,3,3,NULL,NULL),(3,85,17,3,3,NULL,NULL),(3,85,18,3,3,NULL,NULL),(3,85,19,3,3,NULL,NULL),(3,85,20,3,3,NULL,NULL),(3,85,21,3,3,NULL,NULL),(3,85,22,3,3,NULL,NULL),(3,85,23,3,3,NULL,NULL),(3,85,24,3,3,NULL,NULL),(3,85,25,3,3,NULL,NULL),(3,85,26,3,3,NULL,NULL),(3,85,27,3,3,NULL,NULL),(3,85,28,3,3,NULL,NULL),(3,85,29,3,3,NULL,NULL),(3,85,30,3,3,NULL,NULL),(3,85,31,3,3,NULL,NULL),(3,85,32,3,3,NULL,NULL),(3,85,33,3,3,NULL,NULL),(3,85,34,3,3,NULL,NULL),(3,85,35,3,3,NULL,NULL),(3,85,36,3,3,NULL,NULL),(3,85,37,3,3,NULL,NULL),(3,85,38,3,3,NULL,NULL),(3,85,39,3,3,NULL,NULL),(3,85,40,3,3,NULL,NULL),(3,85,41,3,3,NULL,NULL),(3,85,42,3,3,NULL,NULL),(3,85,43,3,3,NULL,NULL),(3,85,44,3,3,NULL,NULL),(3,85,45,3,3,NULL,NULL),(3,85,46,3,3,NULL,NULL),(3,85,47,3,3,NULL,NULL),(3,85,48,3,3,NULL,NULL),(3,85,49,3,3,NULL,NULL),(3,85,50,3,3,NULL,NULL),(3,86,1,3,3,NULL,NULL),(3,86,2,3,3,NULL,NULL),(3,86,3,3,3,NULL,NULL),(3,86,4,3,3,NULL,NULL),(3,86,5,3,3,NULL,NULL),(3,86,6,3,3,NULL,NULL),(3,86,7,3,3,NULL,NULL),(3,86,8,3,3,NULL,NULL),(3,86,9,3,3,NULL,NULL),(3,86,10,3,3,NULL,NULL),(3,86,11,3,3,NULL,NULL),(3,86,12,3,3,NULL,NULL),(3,86,13,3,3,NULL,NULL),(3,86,14,3,3,NULL,NULL),(3,86,15,3,3,NULL,NULL),(3,86,16,3,3,NULL,NULL),(3,86,17,3,3,NULL,NULL),(3,86,18,3,3,NULL,NULL),(3,86,19,3,3,NULL,NULL),(3,86,20,3,3,NULL,NULL),(3,86,21,3,3,NULL,NULL),(3,86,22,3,3,NULL,NULL),(3,86,23,3,3,NULL,NULL),(3,86,24,3,3,NULL,NULL),(3,86,25,3,3,NULL,NULL),(3,86,26,3,3,NULL,NULL),(3,86,27,3,3,NULL,NULL),(3,86,28,3,3,NULL,NULL),(3,86,29,3,3,NULL,NULL),(3,86,30,3,3,NULL,NULL),(3,86,31,3,3,NULL,NULL),(3,86,32,3,3,NULL,NULL),(3,86,33,3,3,NULL,NULL),(3,86,34,3,3,NULL,NULL),(3,86,35,3,3,NULL,NULL),(3,86,36,3,3,NULL,NULL),(3,86,37,3,3,NULL,NULL),(3,86,38,3,3,NULL,NULL),(3,86,39,3,3,NULL,NULL),(3,86,40,3,3,NULL,NULL),(3,86,41,3,3,NULL,NULL),(3,86,42,3,3,NULL,NULL),(3,86,43,3,3,NULL,NULL),(3,86,44,3,3,NULL,NULL),(3,86,45,3,3,NULL,NULL),(3,86,46,3,3,NULL,NULL),(3,86,47,3,3,NULL,NULL),(3,86,48,3,3,NULL,NULL),(3,86,49,3,3,NULL,NULL),(3,86,50,3,3,NULL,NULL),(3,87,1,3,3,NULL,NULL),(3,87,2,3,3,NULL,NULL),(3,87,3,3,3,NULL,NULL),(3,87,4,3,3,NULL,NULL),(3,87,5,3,3,NULL,NULL),(3,87,6,3,3,NULL,NULL),(3,87,7,3,3,NULL,NULL),(3,87,8,3,3,NULL,NULL),(3,87,9,3,3,NULL,NULL),(3,87,10,3,3,NULL,NULL),(3,87,11,3,3,NULL,NULL),(3,87,12,3,3,NULL,NULL),(3,87,13,3,3,NULL,NULL),(3,87,14,3,3,NULL,NULL),(3,87,15,3,3,NULL,NULL),(3,87,16,3,3,NULL,NULL),(3,87,17,3,3,NULL,NULL),(3,87,18,3,3,NULL,NULL),(3,87,19,3,3,NULL,NULL),(3,87,20,3,3,NULL,NULL),(3,87,21,3,3,NULL,NULL),(3,87,22,3,3,NULL,NULL),(3,87,23,3,3,NULL,NULL),(3,87,24,3,3,NULL,NULL),(3,87,25,3,3,NULL,NULL),(3,87,26,3,3,NULL,NULL),(3,87,27,3,3,NULL,NULL),(3,87,28,3,3,NULL,NULL),(3,87,29,3,3,NULL,NULL),(3,87,30,3,3,NULL,NULL),(3,87,31,3,3,NULL,NULL),(3,87,32,3,3,NULL,NULL),(3,87,33,3,3,NULL,NULL),(3,87,34,3,3,NULL,NULL),(3,87,35,3,3,NULL,NULL),(3,87,36,3,3,NULL,NULL),(3,87,37,3,3,NULL,NULL),(3,87,38,3,3,NULL,NULL),(3,87,39,3,3,NULL,NULL),(3,87,40,3,3,NULL,NULL),(3,87,41,3,3,NULL,NULL),(3,87,42,3,3,NULL,NULL),(3,87,43,3,3,NULL,NULL),(3,87,44,3,3,NULL,NULL),(3,87,45,3,3,NULL,NULL),(3,87,46,3,3,NULL,NULL),(3,87,47,3,3,NULL,NULL),(3,87,48,3,3,NULL,NULL),(3,87,49,3,3,NULL,NULL),(3,87,50,3,3,NULL,NULL),(3,88,1,3,3,NULL,NULL),(3,88,2,3,3,NULL,NULL),(3,88,3,3,3,NULL,NULL),(3,88,4,3,3,NULL,NULL),(3,88,5,3,3,NULL,NULL),(3,88,6,3,3,NULL,NULL),(3,88,7,3,3,NULL,NULL),(3,88,8,3,3,NULL,NULL),(3,88,9,3,3,NULL,NULL),(3,88,10,3,3,NULL,NULL),(3,88,11,3,3,NULL,NULL),(3,88,12,3,3,NULL,NULL),(3,88,13,3,3,NULL,NULL),(3,88,14,3,3,NULL,NULL),(3,88,15,3,3,NULL,NULL),(3,88,16,3,3,NULL,NULL),(3,88,17,3,3,NULL,NULL),(3,88,18,3,3,NULL,NULL),(3,88,19,3,3,NULL,NULL),(3,88,20,3,3,NULL,NULL),(3,88,21,3,3,NULL,NULL),(3,88,22,3,3,NULL,NULL),(3,88,23,3,3,NULL,NULL),(3,88,24,3,3,NULL,NULL),(3,88,25,3,3,NULL,NULL),(3,88,26,3,3,NULL,NULL),(3,88,27,3,3,NULL,NULL),(3,88,28,3,3,NULL,NULL),(3,88,29,3,3,NULL,NULL),(3,88,30,3,3,NULL,NULL),(3,88,31,3,3,NULL,NULL),(3,88,32,3,3,NULL,NULL),(3,88,33,3,3,NULL,NULL),(3,88,34,3,3,NULL,NULL),(3,88,35,3,3,NULL,NULL),(3,88,36,3,3,NULL,NULL),(3,88,37,3,3,NULL,NULL),(3,88,38,3,3,NULL,NULL),(3,88,39,3,3,NULL,NULL),(3,88,40,3,3,NULL,NULL),(3,88,41,3,3,NULL,NULL),(3,88,42,3,3,NULL,NULL),(3,88,43,3,3,NULL,NULL),(3,88,44,3,3,NULL,NULL),(3,88,45,3,3,NULL,NULL),(3,88,46,3,3,NULL,NULL),(3,88,47,3,3,NULL,NULL),(3,88,48,3,3,NULL,NULL),(3,88,49,3,3,NULL,NULL),(3,88,50,3,3,NULL,NULL),(3,89,1,3,3,NULL,NULL),(3,89,2,3,3,NULL,NULL),(3,89,3,3,3,NULL,NULL),(3,89,4,3,3,NULL,NULL),(3,89,5,3,3,NULL,NULL),(3,89,6,3,3,NULL,NULL),(3,89,7,3,3,NULL,NULL),(3,89,8,3,3,NULL,NULL),(3,89,9,3,3,NULL,NULL),(3,89,10,3,3,NULL,NULL),(3,89,11,3,3,NULL,NULL),(3,89,12,3,3,NULL,NULL),(3,89,13,3,3,NULL,NULL),(3,89,14,3,3,NULL,NULL),(3,89,15,3,3,NULL,NULL),(3,89,16,3,3,NULL,NULL),(3,89,17,3,3,NULL,NULL),(3,89,18,3,3,NULL,NULL),(3,89,19,3,3,NULL,NULL),(3,89,20,3,3,NULL,NULL),(3,89,21,3,3,NULL,NULL),(3,89,22,3,3,NULL,NULL),(3,89,23,3,3,NULL,NULL),(3,89,24,3,3,NULL,NULL),(3,89,25,3,3,NULL,NULL),(3,89,26,3,3,NULL,NULL),(3,89,27,3,3,NULL,NULL),(3,89,28,3,3,NULL,NULL),(3,89,29,3,3,NULL,NULL),(3,89,30,3,3,NULL,NULL),(3,89,31,3,3,NULL,NULL),(3,89,32,3,3,NULL,NULL),(3,89,33,3,3,NULL,NULL),(3,89,34,3,3,NULL,NULL),(3,89,35,3,3,NULL,NULL),(3,89,36,3,3,NULL,NULL),(3,89,37,3,3,NULL,NULL),(3,89,38,3,3,NULL,NULL),(3,89,39,3,3,NULL,NULL),(3,89,40,3,3,NULL,NULL),(3,89,41,3,3,NULL,NULL),(3,89,42,3,3,NULL,NULL),(3,89,43,3,3,NULL,NULL),(3,89,44,3,3,NULL,NULL),(3,89,45,3,3,NULL,NULL),(3,89,46,3,3,NULL,NULL),(3,89,47,3,3,NULL,NULL),(3,89,48,3,3,NULL,NULL),(3,89,49,3,3,NULL,NULL),(3,89,50,3,3,NULL,NULL),(3,90,1,3,3,NULL,NULL),(3,90,2,3,3,NULL,NULL),(3,90,3,3,3,NULL,NULL),(3,90,4,3,3,NULL,NULL),(3,90,5,3,3,NULL,NULL),(3,90,6,3,3,NULL,NULL),(3,90,7,3,3,NULL,NULL),(3,90,8,3,3,NULL,NULL),(3,90,9,3,3,NULL,NULL),(3,90,10,3,3,NULL,NULL),(3,90,11,3,3,NULL,NULL),(3,90,12,3,3,NULL,NULL),(3,90,13,3,3,NULL,NULL),(3,90,14,3,3,NULL,NULL),(3,90,15,3,3,NULL,NULL),(3,90,16,3,3,NULL,NULL),(3,90,17,3,3,NULL,NULL),(3,90,18,3,3,NULL,NULL),(3,90,19,3,3,NULL,NULL),(3,90,20,3,3,NULL,NULL),(3,90,21,3,3,NULL,NULL),(3,90,22,3,3,NULL,NULL),(3,90,23,3,3,NULL,NULL),(3,90,24,3,3,NULL,NULL),(3,90,25,3,3,NULL,NULL),(3,90,26,3,3,NULL,NULL),(3,90,27,3,3,NULL,NULL),(3,90,28,3,3,NULL,NULL),(3,90,29,3,3,NULL,NULL),(3,90,30,3,3,NULL,NULL),(3,90,31,3,3,NULL,NULL),(3,90,32,3,3,NULL,NULL),(3,90,33,3,3,NULL,NULL),(3,90,34,3,3,NULL,NULL),(3,90,35,3,3,NULL,NULL),(3,90,36,3,3,NULL,NULL),(3,90,37,3,3,NULL,NULL),(3,90,38,3,3,NULL,NULL),(3,90,39,3,3,NULL,NULL),(3,90,40,3,3,NULL,NULL),(3,90,41,3,3,NULL,NULL),(3,90,42,3,3,NULL,NULL),(3,90,43,3,3,NULL,NULL),(3,90,44,3,3,NULL,NULL),(3,90,45,3,3,NULL,NULL),(3,90,46,3,3,NULL,NULL),(3,90,47,3,3,NULL,NULL),(3,90,48,3,3,NULL,NULL),(3,90,49,3,3,NULL,NULL),(3,90,50,3,3,NULL,NULL),(3,91,1,3,3,NULL,NULL),(3,91,2,3,3,NULL,NULL),(3,91,3,3,3,NULL,NULL),(3,91,4,3,3,NULL,NULL),(3,91,5,3,3,NULL,NULL),(3,91,6,3,3,NULL,NULL),(3,91,7,3,3,NULL,NULL),(3,91,8,3,3,NULL,NULL),(3,91,9,3,3,NULL,NULL),(3,91,10,3,3,NULL,NULL),(3,91,11,3,3,NULL,NULL),(3,91,12,3,3,NULL,NULL),(3,91,13,3,3,NULL,NULL),(3,91,14,3,3,NULL,NULL),(3,91,15,3,3,NULL,NULL),(3,91,16,3,3,NULL,NULL),(3,91,17,3,3,NULL,NULL),(3,91,18,3,3,NULL,NULL),(3,91,19,3,3,NULL,NULL),(3,91,20,3,3,NULL,NULL),(3,91,21,3,3,NULL,NULL),(3,91,22,3,3,NULL,NULL),(3,91,23,3,3,NULL,NULL),(3,91,24,3,3,NULL,NULL),(3,91,25,3,3,NULL,NULL),(3,91,26,3,3,NULL,NULL),(3,91,27,3,3,NULL,NULL),(3,91,28,3,3,NULL,NULL),(3,91,29,3,3,NULL,NULL),(3,91,30,3,3,NULL,NULL),(3,91,31,3,3,NULL,NULL),(3,91,32,3,3,NULL,NULL),(3,91,33,3,3,NULL,NULL),(3,91,34,3,3,NULL,NULL),(3,91,35,3,3,NULL,NULL),(3,91,36,3,3,NULL,NULL),(3,91,37,3,3,NULL,NULL),(3,91,38,3,3,NULL,NULL),(3,91,39,3,3,NULL,NULL),(3,91,40,3,3,NULL,NULL),(3,91,41,3,3,NULL,NULL),(3,91,42,3,3,NULL,NULL),(3,91,43,3,3,NULL,NULL),(3,91,44,3,3,NULL,NULL),(3,91,45,3,3,NULL,NULL),(3,91,46,3,3,NULL,NULL),(3,91,47,3,3,NULL,NULL),(3,91,48,3,3,NULL,NULL),(3,91,49,3,3,NULL,NULL),(3,91,50,3,3,NULL,NULL),(3,92,1,3,3,NULL,NULL),(3,92,2,3,3,NULL,NULL),(3,92,3,3,3,NULL,NULL),(3,92,4,3,3,NULL,NULL),(3,92,5,3,3,NULL,NULL),(3,92,6,3,3,NULL,NULL),(3,92,7,3,3,NULL,NULL),(3,92,8,3,3,NULL,NULL),(3,92,9,3,3,NULL,NULL),(3,92,10,3,3,NULL,NULL),(3,92,11,3,3,NULL,NULL),(3,92,12,3,3,NULL,NULL),(3,92,13,3,3,NULL,NULL),(3,92,14,3,3,NULL,NULL),(3,92,15,3,3,NULL,NULL),(3,92,16,3,3,NULL,NULL),(3,92,17,3,3,NULL,NULL),(3,92,18,3,3,NULL,NULL),(3,92,19,3,3,NULL,NULL),(3,92,20,3,3,NULL,NULL),(3,92,21,3,3,NULL,NULL),(3,92,22,3,3,NULL,NULL),(3,92,23,3,3,NULL,NULL),(3,92,24,3,3,NULL,NULL),(3,92,25,3,3,NULL,NULL),(3,92,26,3,3,NULL,NULL),(3,92,27,3,3,NULL,NULL),(3,92,28,3,3,NULL,NULL),(3,92,29,3,3,NULL,NULL),(3,92,30,3,3,NULL,NULL),(3,92,31,3,3,NULL,NULL),(3,92,32,3,3,NULL,NULL),(3,92,33,3,3,NULL,NULL),(3,92,34,3,3,NULL,NULL),(3,92,35,3,3,NULL,NULL),(3,92,36,3,3,NULL,NULL),(3,92,37,3,3,NULL,NULL),(3,92,38,3,3,NULL,NULL),(3,92,39,3,3,NULL,NULL),(3,92,40,3,3,NULL,NULL),(3,92,41,3,3,NULL,NULL),(3,92,42,3,3,NULL,NULL),(3,92,43,3,3,NULL,NULL),(3,92,44,3,3,NULL,NULL),(3,92,45,3,3,NULL,NULL),(3,92,46,3,3,NULL,NULL),(3,92,47,3,3,NULL,NULL),(3,92,48,3,3,NULL,NULL),(3,92,49,3,3,NULL,NULL),(3,92,50,3,3,NULL,NULL),(3,93,1,3,3,NULL,NULL),(3,93,2,3,3,NULL,NULL),(3,93,3,3,3,NULL,NULL),(3,93,4,3,3,NULL,NULL),(3,93,5,3,3,NULL,NULL),(3,93,6,3,3,NULL,NULL),(3,93,7,3,3,NULL,NULL),(3,93,8,3,3,NULL,NULL),(3,93,9,3,3,NULL,NULL),(3,93,10,3,3,NULL,NULL),(3,93,11,3,3,NULL,NULL),(3,93,12,3,3,NULL,NULL),(3,93,13,3,3,NULL,NULL),(3,93,14,3,3,NULL,NULL),(3,93,15,3,3,NULL,NULL),(3,93,16,3,3,NULL,NULL),(3,93,17,3,3,NULL,NULL),(3,93,18,3,3,NULL,NULL),(3,93,19,3,3,NULL,NULL),(3,93,20,3,3,NULL,NULL),(3,93,21,3,3,NULL,NULL),(3,93,22,3,3,NULL,NULL),(3,93,23,3,3,NULL,NULL),(3,93,24,3,3,NULL,NULL),(3,93,25,3,3,NULL,NULL),(3,93,26,3,3,NULL,NULL),(3,93,27,3,3,NULL,NULL),(3,93,28,3,3,NULL,NULL),(3,93,29,3,3,NULL,NULL),(3,93,30,3,3,NULL,NULL),(3,93,31,3,3,NULL,NULL),(3,93,32,3,3,NULL,NULL),(3,93,33,3,3,NULL,NULL),(3,93,34,3,3,NULL,NULL),(3,93,35,3,3,NULL,NULL),(3,93,36,3,3,NULL,NULL),(3,93,37,3,3,NULL,NULL),(3,93,38,3,3,NULL,NULL),(3,93,39,3,3,NULL,NULL),(3,93,40,3,3,NULL,NULL),(3,93,41,3,3,NULL,NULL),(3,93,42,3,3,NULL,NULL),(3,93,43,3,3,NULL,NULL),(3,93,44,3,3,NULL,NULL),(3,93,45,3,3,NULL,NULL),(3,93,46,3,3,NULL,NULL),(3,93,47,3,3,NULL,NULL),(3,93,48,3,3,NULL,NULL),(3,93,49,3,3,NULL,NULL),(3,93,50,3,3,NULL,NULL),(3,94,1,3,3,NULL,NULL),(3,94,2,3,3,NULL,NULL),(3,94,3,3,3,NULL,NULL),(3,94,4,3,3,NULL,NULL),(3,94,5,3,3,NULL,NULL),(3,94,6,3,3,NULL,NULL),(3,94,7,3,3,NULL,NULL),(3,94,8,3,3,NULL,NULL),(3,94,9,3,3,NULL,NULL),(3,94,10,3,3,NULL,NULL),(3,94,11,3,3,NULL,NULL),(3,94,12,3,3,NULL,NULL),(3,94,13,3,3,NULL,NULL),(3,94,14,3,3,NULL,NULL),(3,94,15,3,3,NULL,NULL),(3,94,16,3,3,NULL,NULL),(3,94,17,3,3,NULL,NULL),(3,94,18,3,3,NULL,NULL),(3,94,19,3,3,NULL,NULL),(3,94,20,3,3,NULL,NULL),(3,94,21,3,3,NULL,NULL),(3,94,22,3,3,NULL,NULL),(3,94,23,3,3,NULL,NULL),(3,94,24,3,3,NULL,NULL),(3,94,25,3,3,NULL,NULL),(3,94,26,3,3,NULL,NULL),(3,94,27,3,3,NULL,NULL),(3,94,28,3,3,NULL,NULL),(3,94,29,3,3,NULL,NULL),(3,94,30,3,3,NULL,NULL),(3,94,31,3,3,NULL,NULL),(3,94,32,3,3,NULL,NULL),(3,94,33,3,3,NULL,NULL),(3,94,34,3,3,NULL,NULL),(3,94,35,3,3,NULL,NULL),(3,94,36,3,3,NULL,NULL),(3,94,37,3,3,NULL,NULL),(3,94,38,3,3,NULL,NULL),(3,94,39,3,3,NULL,NULL),(3,94,40,3,3,NULL,NULL),(3,94,41,3,3,NULL,NULL),(3,94,42,3,3,NULL,NULL),(3,94,43,3,3,NULL,NULL),(3,94,44,3,3,NULL,NULL),(3,94,45,3,3,NULL,NULL),(3,94,46,3,3,NULL,NULL),(3,94,47,3,3,NULL,NULL),(3,94,48,3,3,NULL,NULL),(3,94,49,3,3,NULL,NULL),(3,94,50,3,3,NULL,NULL),(3,95,1,3,3,NULL,NULL),(3,95,2,3,3,NULL,NULL),(3,95,3,3,3,NULL,NULL),(3,95,4,3,3,NULL,NULL),(3,95,5,3,3,NULL,NULL),(3,95,6,3,3,NULL,NULL),(3,95,7,3,3,NULL,NULL),(3,95,8,3,3,NULL,NULL),(3,95,9,3,3,NULL,NULL),(3,95,10,3,3,NULL,NULL),(3,95,11,3,3,NULL,NULL),(3,95,12,3,3,NULL,NULL),(3,95,13,3,3,NULL,NULL),(3,95,14,3,3,NULL,NULL),(3,95,15,3,3,NULL,NULL),(3,95,16,3,3,NULL,NULL),(3,95,17,3,3,NULL,NULL),(3,95,18,3,3,NULL,NULL),(3,95,19,3,3,NULL,NULL),(3,95,20,3,3,NULL,NULL),(3,95,21,3,3,NULL,NULL),(3,95,22,3,3,NULL,NULL),(3,95,23,3,3,NULL,NULL),(3,95,24,3,3,NULL,NULL),(3,95,25,3,3,NULL,NULL),(3,95,26,3,3,NULL,NULL),(3,95,27,3,3,NULL,NULL),(3,95,28,3,3,NULL,NULL),(3,95,29,3,3,NULL,NULL),(3,95,30,3,3,NULL,NULL),(3,95,31,3,3,NULL,NULL),(3,95,32,3,3,NULL,NULL),(3,95,33,3,3,NULL,NULL),(3,95,34,3,3,NULL,NULL),(3,95,35,3,3,NULL,NULL),(3,95,36,3,3,NULL,NULL),(3,95,37,3,3,NULL,NULL),(3,95,38,3,3,NULL,NULL),(3,95,39,3,3,NULL,NULL),(3,95,40,3,3,NULL,NULL),(3,95,41,3,3,NULL,NULL),(3,95,42,3,3,NULL,NULL),(3,95,43,3,3,NULL,NULL),(3,95,44,3,3,NULL,NULL),(3,95,45,3,3,NULL,NULL),(3,95,46,3,3,NULL,NULL),(3,95,47,3,3,NULL,NULL),(3,95,48,3,3,NULL,NULL),(3,95,49,3,3,NULL,NULL),(3,95,50,3,3,NULL,NULL),(3,96,1,3,3,NULL,NULL),(3,96,2,3,3,NULL,NULL),(3,96,3,3,3,NULL,NULL),(3,96,4,3,3,NULL,NULL),(3,96,5,3,3,NULL,NULL),(3,96,6,3,3,NULL,NULL),(3,96,7,3,3,NULL,NULL),(3,96,8,3,3,NULL,NULL),(3,96,9,3,3,NULL,NULL),(3,96,10,3,3,NULL,NULL),(3,96,11,3,3,NULL,NULL),(3,96,12,3,3,NULL,NULL),(3,96,13,3,3,NULL,NULL),(3,96,14,3,3,NULL,NULL),(3,96,15,3,3,NULL,NULL),(3,96,16,3,3,NULL,NULL),(3,96,17,3,3,NULL,NULL),(3,96,18,3,3,NULL,NULL),(3,96,19,3,3,NULL,NULL),(3,96,20,3,3,NULL,NULL),(3,96,21,3,3,NULL,NULL),(3,96,22,3,3,NULL,NULL),(3,96,23,3,3,NULL,NULL),(3,96,24,3,3,NULL,NULL),(3,96,25,3,3,NULL,NULL),(3,96,26,3,3,NULL,NULL),(3,96,27,3,3,NULL,NULL),(3,96,28,3,3,NULL,NULL),(3,96,29,3,3,NULL,NULL),(3,96,30,3,3,NULL,NULL),(3,96,31,3,3,NULL,NULL),(3,96,32,3,3,NULL,NULL),(3,96,33,3,3,NULL,NULL),(3,96,34,3,3,NULL,NULL),(3,96,35,3,3,NULL,NULL),(3,96,36,3,3,NULL,NULL),(3,96,37,3,3,NULL,NULL),(3,96,38,3,3,NULL,NULL),(3,96,39,3,3,NULL,NULL),(3,96,40,3,3,NULL,NULL),(3,96,41,3,3,NULL,NULL),(3,96,42,3,3,NULL,NULL),(3,96,43,3,3,NULL,NULL),(3,96,44,3,3,NULL,NULL),(3,96,45,3,3,NULL,NULL),(3,96,46,3,3,NULL,NULL),(3,96,47,3,3,NULL,NULL),(3,96,48,3,3,NULL,NULL),(3,96,49,3,3,NULL,NULL),(3,96,50,3,3,NULL,NULL),(3,97,1,3,3,NULL,NULL),(3,97,2,3,3,NULL,NULL),(3,97,3,3,3,NULL,NULL),(3,97,4,3,3,NULL,NULL),(3,97,5,3,3,NULL,NULL),(3,97,6,3,3,NULL,NULL),(3,97,7,3,3,NULL,NULL),(3,97,8,3,3,NULL,NULL),(3,97,9,3,3,NULL,NULL),(3,97,10,3,3,NULL,NULL),(3,97,11,3,3,NULL,NULL),(3,97,12,3,3,NULL,NULL),(3,97,13,3,3,NULL,NULL),(3,97,14,3,3,NULL,NULL),(3,97,15,3,3,NULL,NULL),(3,97,16,3,3,NULL,NULL),(3,97,17,3,3,NULL,NULL),(3,97,18,3,3,NULL,NULL),(3,97,19,3,3,NULL,NULL),(3,97,20,3,3,NULL,NULL),(3,97,21,3,3,NULL,NULL),(3,97,22,3,3,NULL,NULL),(3,97,23,3,3,NULL,NULL),(3,97,24,3,3,NULL,NULL),(3,97,25,3,3,NULL,NULL),(3,97,26,3,3,NULL,NULL),(3,97,27,3,3,NULL,NULL),(3,97,28,3,3,NULL,NULL),(3,97,29,3,3,NULL,NULL),(3,97,30,3,3,NULL,NULL),(3,97,31,3,3,NULL,NULL),(3,97,32,3,3,NULL,NULL),(3,97,33,3,3,NULL,NULL),(3,97,34,3,3,NULL,NULL),(3,97,35,3,3,NULL,NULL),(3,97,36,3,3,NULL,NULL),(3,97,37,3,3,NULL,NULL),(3,97,38,3,3,NULL,NULL),(3,97,39,3,3,NULL,NULL),(3,97,40,3,3,NULL,NULL),(3,97,41,3,3,NULL,NULL),(3,97,42,3,3,NULL,NULL),(3,97,43,3,3,NULL,NULL),(3,97,44,3,3,NULL,NULL),(3,97,45,3,3,NULL,NULL),(3,97,46,3,3,NULL,NULL),(3,97,47,3,3,NULL,NULL),(3,97,48,3,3,NULL,NULL),(3,97,49,3,3,NULL,NULL),(3,97,50,3,3,NULL,NULL),(3,98,1,3,3,NULL,NULL),(3,98,2,3,3,NULL,NULL),(3,98,3,3,3,NULL,NULL),(3,98,4,3,3,NULL,NULL),(3,98,5,3,3,NULL,NULL),(3,98,6,3,3,NULL,NULL),(3,98,7,3,3,NULL,NULL),(3,98,8,3,3,NULL,NULL),(3,98,9,3,3,NULL,NULL),(3,98,10,3,3,NULL,NULL),(3,98,11,3,3,NULL,NULL),(3,98,12,3,3,NULL,NULL),(3,98,13,3,3,NULL,NULL),(3,98,14,3,3,NULL,NULL),(3,98,15,3,3,NULL,NULL),(3,98,16,3,3,NULL,NULL),(3,98,17,3,3,NULL,NULL),(3,98,18,3,3,NULL,NULL),(3,98,19,3,3,NULL,NULL),(3,98,20,3,3,NULL,NULL),(3,98,21,3,3,NULL,NULL),(3,98,22,3,3,NULL,NULL),(3,98,23,3,3,NULL,NULL),(3,98,24,3,3,NULL,NULL),(3,98,25,3,3,NULL,NULL),(3,98,26,3,3,NULL,NULL),(3,98,27,3,3,NULL,NULL),(3,98,28,3,3,NULL,NULL),(3,98,29,3,3,NULL,NULL),(3,98,30,3,3,NULL,NULL),(3,98,31,3,3,NULL,NULL),(3,98,32,3,3,NULL,NULL),(3,98,33,3,3,NULL,NULL),(3,98,34,3,3,NULL,NULL),(3,98,35,3,3,NULL,NULL),(3,98,36,3,3,NULL,NULL),(3,98,37,3,3,NULL,NULL),(3,98,38,3,3,NULL,NULL),(3,98,39,3,3,NULL,NULL),(3,98,40,3,3,NULL,NULL),(3,98,41,3,3,NULL,NULL),(3,98,42,3,3,NULL,NULL),(3,98,43,3,3,NULL,NULL),(3,98,44,3,3,NULL,NULL),(3,98,45,3,3,NULL,NULL),(3,98,46,3,3,NULL,NULL),(3,98,47,3,3,NULL,NULL),(3,98,48,3,3,NULL,NULL),(3,98,49,3,3,NULL,NULL),(3,98,50,3,3,NULL,NULL),(3,99,1,3,3,NULL,NULL),(3,99,2,3,3,NULL,NULL),(3,99,3,3,3,NULL,NULL),(3,99,4,3,3,NULL,NULL),(3,99,5,3,3,NULL,NULL),(3,99,6,3,3,NULL,NULL),(3,99,7,3,3,NULL,NULL),(3,99,8,3,3,NULL,NULL),(3,99,9,3,3,NULL,NULL),(3,99,10,3,3,NULL,NULL),(3,99,11,3,3,NULL,NULL),(3,99,12,3,3,NULL,NULL),(3,99,13,3,3,NULL,NULL),(3,99,14,3,3,NULL,NULL),(3,99,15,3,3,NULL,NULL),(3,99,16,3,3,NULL,NULL),(3,99,17,3,3,NULL,NULL),(3,99,18,3,3,NULL,NULL),(3,99,19,3,3,NULL,NULL),(3,99,20,3,3,NULL,NULL),(3,99,21,3,3,NULL,NULL),(3,99,22,3,3,NULL,NULL),(3,99,23,3,3,NULL,NULL),(3,99,24,3,3,NULL,NULL),(3,99,25,3,3,NULL,NULL),(3,99,26,3,3,NULL,NULL),(3,99,27,3,3,NULL,NULL),(3,99,28,3,3,NULL,NULL),(3,99,29,3,3,NULL,NULL),(3,99,30,3,3,NULL,NULL),(3,99,31,3,3,NULL,NULL),(3,99,32,3,3,NULL,NULL),(3,99,33,3,3,NULL,NULL),(3,99,34,3,3,NULL,NULL),(3,99,35,3,3,NULL,NULL),(3,99,36,3,3,NULL,NULL),(3,99,37,3,3,NULL,NULL),(3,99,38,3,3,NULL,NULL),(3,99,39,3,3,NULL,NULL),(3,99,40,3,3,NULL,NULL),(3,99,41,3,3,NULL,NULL),(3,99,42,3,3,NULL,NULL),(3,99,43,3,3,NULL,NULL),(3,99,44,3,3,NULL,NULL),(3,99,45,3,3,NULL,NULL),(3,99,46,3,3,NULL,NULL),(3,99,47,3,3,NULL,NULL),(3,99,48,3,3,NULL,NULL),(3,99,49,3,3,NULL,NULL),(3,99,50,3,3,NULL,NULL),(3,100,1,3,3,NULL,NULL),(3,100,2,3,3,NULL,NULL),(3,100,3,3,3,NULL,NULL),(3,100,4,3,3,NULL,NULL),(3,100,5,3,3,NULL,NULL),(3,100,6,3,3,NULL,NULL),(3,100,7,3,3,NULL,NULL),(3,100,8,3,3,NULL,NULL),(3,100,9,3,3,NULL,NULL),(3,100,10,3,3,NULL,NULL),(3,100,11,3,3,NULL,NULL),(3,100,12,3,3,NULL,NULL),(3,100,13,3,3,NULL,NULL),(3,100,14,3,3,NULL,NULL),(3,100,15,3,3,NULL,NULL),(3,100,16,3,3,NULL,NULL),(3,100,17,3,3,NULL,NULL),(3,100,18,3,3,NULL,NULL),(3,100,19,3,3,NULL,NULL),(3,100,20,3,3,NULL,NULL),(3,100,21,3,3,NULL,NULL),(3,100,22,3,3,NULL,NULL),(3,100,23,3,3,NULL,NULL),(3,100,24,3,3,NULL,NULL),(3,100,25,3,3,NULL,NULL),(3,100,26,3,3,NULL,NULL),(3,100,27,3,3,NULL,NULL),(3,100,28,3,3,NULL,NULL),(3,100,29,3,3,NULL,NULL),(3,100,30,3,3,NULL,NULL),(3,100,31,3,3,NULL,NULL),(3,100,32,3,3,NULL,NULL),(3,100,33,3,3,NULL,NULL),(3,100,34,3,3,NULL,NULL),(3,100,35,3,3,NULL,NULL),(3,100,36,3,3,NULL,NULL),(3,100,37,3,3,NULL,NULL),(3,100,38,3,3,NULL,NULL),(3,100,39,3,3,NULL,NULL),(3,100,40,3,3,NULL,NULL),(3,100,41,3,3,NULL,NULL),(3,100,42,3,3,NULL,NULL),(3,100,43,3,3,NULL,NULL),(3,100,44,3,3,NULL,NULL),(3,100,45,3,3,NULL,NULL),(3,100,46,3,3,NULL,NULL),(3,100,47,3,3,NULL,NULL),(3,100,48,3,3,NULL,NULL),(3,100,49,3,3,NULL,NULL),(3,100,50,3,3,NULL,NULL),(2,49,5,3,3,NULL,NULL),(2,49,6,3,3,NULL,NULL),(2,49,7,3,3,NULL,NULL),(2,49,8,3,3,NULL,NULL),(2,49,9,3,3,NULL,NULL),(2,49,10,3,3,NULL,NULL),(2,49,11,3,3,NULL,NULL),(2,49,12,3,3,NULL,NULL),(2,49,13,3,3,NULL,NULL),(2,49,14,3,3,NULL,NULL),(2,49,15,3,3,NULL,NULL),(2,49,16,3,3,NULL,NULL),(2,49,17,3,3,NULL,NULL),(2,49,18,3,3,NULL,NULL),(2,49,19,3,3,NULL,NULL),(2,49,20,3,3,NULL,NULL),(2,49,21,3,3,NULL,NULL),(2,49,22,3,3,NULL,NULL),(2,49,23,3,3,NULL,NULL),(2,49,24,3,3,NULL,NULL),(2,49,25,3,3,NULL,NULL),(2,49,26,3,3,NULL,NULL),(2,49,27,3,3,NULL,NULL),(2,49,28,3,3,NULL,NULL),(2,49,29,3,3,NULL,NULL),(2,49,30,3,3,NULL,NULL),(2,49,31,3,3,NULL,NULL),(2,49,32,3,3,NULL,NULL),(2,49,33,3,3,NULL,NULL),(2,49,34,3,3,NULL,NULL),(2,49,35,3,3,NULL,NULL),(2,49,36,3,3,NULL,NULL),(2,49,37,3,3,NULL,NULL),(2,49,38,3,3,NULL,NULL),(2,49,39,3,3,NULL,NULL),(2,49,40,3,3,NULL,NULL),(2,49,41,3,3,NULL,NULL),(2,49,42,3,3,NULL,NULL),(2,49,43,3,3,NULL,NULL),(2,49,44,3,3,NULL,NULL),(2,49,45,3,3,NULL,NULL),(2,49,46,3,3,NULL,NULL),(2,49,47,3,3,NULL,NULL),(2,49,48,3,3,NULL,NULL),(2,49,49,3,3,NULL,NULL),(2,49,50,3,3,NULL,NULL),(2,50,1,3,3,NULL,NULL),(2,50,2,3,3,NULL,NULL),(2,32,29,3,3,NULL,NULL),(5,16,17,2,1,NULL,NULL),(2,2,7,3,3,NULL,NULL),(2,2,6,3,3,NULL,NULL),(2,2,5,3,3,NULL,NULL),(2,2,4,3,3,NULL,NULL),(2,2,3,3,3,NULL,NULL),(2,2,2,3,3,NULL,NULL),(2,2,1,3,3,NULL,NULL),(2,1,50,3,3,NULL,NULL),(2,1,49,3,3,NULL,NULL),(2,1,48,3,3,NULL,NULL),(2,1,47,3,3,NULL,NULL),(2,1,46,3,3,NULL,NULL),(2,1,45,3,3,NULL,NULL),(2,1,44,3,3,NULL,NULL),(2,1,43,3,3,NULL,NULL),(2,1,42,3,3,NULL,NULL),(2,1,41,3,3,NULL,NULL),(2,1,40,3,3,NULL,NULL),(2,1,39,3,3,NULL,NULL),(2,1,38,3,3,NULL,NULL),(2,1,37,3,3,NULL,NULL),(2,1,36,3,3,NULL,NULL),(2,1,35,3,3,NULL,NULL),(2,1,34,3,3,NULL,NULL),(2,1,33,3,3,NULL,NULL),(2,1,32,3,3,NULL,NULL),(2,1,31,3,3,NULL,NULL),(2,1,30,3,3,NULL,NULL),(2,1,29,3,3,NULL,NULL),(2,1,28,3,3,NULL,NULL),(2,1,27,3,3,NULL,NULL),(2,1,26,3,3,NULL,NULL),(2,1,25,3,3,NULL,NULL),(2,1,24,3,3,NULL,NULL),(2,1,23,3,3,NULL,NULL),(2,1,22,3,3,NULL,NULL),(2,1,21,3,3,NULL,NULL),(2,1,20,3,3,NULL,NULL),(2,1,19,3,3,NULL,NULL),(2,1,18,3,3,NULL,NULL),(2,1,17,3,3,NULL,NULL),(2,1,16,3,3,NULL,NULL),(2,1,15,3,3,NULL,NULL),(2,1,14,3,3,NULL,NULL),(2,1,13,3,3,NULL,NULL),(2,1,12,3,3,NULL,NULL),(2,1,11,3,3,NULL,NULL),(2,1,10,3,3,NULL,NULL),(2,1,9,3,3,NULL,NULL),(2,1,8,3,3,NULL,NULL),(2,1,7,3,3,NULL,NULL),(2,1,6,3,3,NULL,NULL),(2,1,5,3,3,NULL,NULL),(2,1,4,3,3,NULL,NULL),(2,1,3,3,3,NULL,NULL),(2,1,2,3,3,NULL,NULL),(2,1,1,3,3,NULL,NULL),(2,50,3,3,3,NULL,NULL),(2,50,4,3,3,NULL,NULL),(2,50,5,3,3,NULL,NULL),(2,50,6,3,3,NULL,NULL),(2,50,7,3,3,NULL,NULL),(2,50,8,3,3,NULL,NULL),(2,50,9,3,3,NULL,NULL),(2,50,10,3,3,NULL,NULL),(2,50,11,3,3,NULL,NULL),(2,50,12,3,3,NULL,NULL),(2,50,13,3,3,NULL,NULL),(2,50,14,3,3,NULL,NULL),(2,50,15,3,3,NULL,NULL),(2,50,16,3,3,NULL,NULL),(2,50,17,3,3,NULL,NULL),(2,50,18,3,3,NULL,NULL),(2,50,19,3,3,NULL,NULL),(2,50,20,3,3,NULL,NULL),(2,50,21,3,3,NULL,NULL),(2,50,22,3,3,NULL,NULL),(2,50,23,3,3,NULL,NULL),(2,50,24,3,3,NULL,NULL),(2,50,25,3,3,NULL,NULL),(2,50,26,3,3,NULL,NULL),(2,50,27,3,3,NULL,NULL),(2,50,28,3,3,NULL,NULL),(2,50,29,3,3,NULL,NULL),(2,50,30,3,3,NULL,NULL),(2,50,31,3,3,NULL,NULL),(2,50,32,3,3,NULL,NULL),(2,50,33,3,3,NULL,NULL),(2,50,34,3,3,NULL,NULL),(2,50,35,3,3,NULL,NULL),(2,50,36,3,3,NULL,NULL),(2,50,37,3,3,NULL,NULL),(2,50,38,3,3,NULL,NULL),(2,50,39,3,3,NULL,NULL),(2,50,40,3,3,NULL,NULL),(2,50,41,3,3,NULL,NULL),(2,50,42,3,3,NULL,NULL),(2,50,43,3,3,NULL,NULL),(2,50,44,3,3,NULL,NULL),(2,50,45,3,3,NULL,NULL),(2,50,46,3,3,NULL,NULL),(2,50,47,3,3,NULL,NULL),(2,50,48,3,3,NULL,NULL),(2,50,49,3,3,NULL,NULL),(2,50,50,3,3,NULL,NULL),(2,12,20,1,1,NULL,NULL);
/*!40000 ALTER TABLE `map_cell` ENABLE KEYS */;
UNLOCK TABLES;

--
-- Table structure for table `map_cell_class`
--

DROP TABLE IF EXISTS `map_cell_class`;
/*!40101 SET @saved_cs_client     = @@character_set_client */;
/*!40101 SET character_set_client = utf8 */;
CREATE TABLE `map_cell_class` (
  `map` int(2) NOT NULL,
  `x` int(3) NOT NULL,
  `y` int(3) NOT NULL,
  `indoors` tinyint(1) NOT NULL DEFAULT '-1',
  `cclass` int(3) NOT NULL,
  PRIMARY KEY (`indoors`,`map`,`x`,`y`,`cclass`),
  KEY `indoors` (`indoors`),
  KEY `fk_map_cell_class_class_cell1` (`cclass`),
  KEY `fk_map_cell_class_map_cell1` (`map`,`x`,`y`)
) ENGINE=MyISAM DEFAULT CHARSET=utf8 COLLATE=utf8_bin;
/*!40101 SET character_set_client = @saved_cs_client */;

--
-- Dumping data for table `map_cell_class`
--

LOCK TABLES `map_cell_class` WRITE;
/*!40000 ALTER TABLE `map_cell_class` DISABLE KEYS */;
/*!40000 ALTER TABLE `map_cell_class` ENABLE KEYS */;
UNLOCK TABLES;

--
-- Table structure for table `map_cell_search`
--

DROP TABLE IF EXISTS `map_cell_search`;
/*!40101 SET @saved_cs_client     = @@character_set_client */;
/*!40101 SET character_set_client = utf8 */;
CREATE TABLE `map_cell_search` (
  `map` int(2) NOT NULL,
  `x` int(3) NOT NULL,
  `y` int(3) NOT NULL,
  `indoors` tinyint(1) NOT NULL,
  `inum` int(4) NOT NULL,
  `odds` varchar(2) COLLATE utf8_bin NOT NULL DEFAULT '1',
  PRIMARY KEY (`indoors`,`map`,`x`,`y`,`inum`),
  KEY `odds` (`odds`),
  KEY `fk_map_cell_search_item1` (`inum`),
  KEY `fk_map_cell_search_map_cell1` (`map`,`x`,`y`)
) ENGINE=MyISAM DEFAULT CHARSET=utf8 COLLATE=utf8_bin;
/*!40101 SET character_set_client = @saved_cs_client */;

--
-- Dumping data for table `map_cell_search`
--

LOCK TABLES `map_cell_search` WRITE;
/*!40000 ALTER TABLE `map_cell_search` DISABLE KEYS */;
/*!40000 ALTER TABLE `map_cell_search` ENABLE KEYS */;
UNLOCK TABLES;

--
-- Table structure for table `map_cell_trigger`
--

DROP TABLE IF EXISTS `map_cell_trigger`;
/*!40101 SET @saved_cs_client     = @@character_set_client */;
/*!40101 SET character_set_client = utf8 */;
CREATE TABLE `map_cell_trigger` (
  `map` int(3) NOT NULL,
  `x` int(3) NOT NULL,
  `y` int(3) NOT NULL,
  `indoors` tinyint(1) NOT NULL DEFAULT '0',
  `abbrev` varchar(24) COLLATE utf8_bin NOT NULL,
  `arrive` bit(1) NOT NULL,
  `leave` bit(1) NOT NULL,
  PRIMARY KEY (`map`,`x`,`y`,`indoors`),
  KEY `arrive` (`arrive`,`leave`),
  KEY `abbrev` (`abbrev`)
) ENGINE=MyISAM DEFAULT CHARSET=utf8 COLLATE=utf8_bin;
/*!40101 SET character_set_client = @saved_cs_client */;

--
-- Dumping data for table `map_cell_trigger`
--

LOCK TABLES `map_cell_trigger` WRITE;
/*!40000 ALTER TABLE `map_cell_trigger` DISABLE KEYS */;
/*!40000 ALTER TABLE `map_cell_trigger` ENABLE KEYS */;
UNLOCK TABLES;

--
-- Table structure for table `news`
--

DROP TABLE IF EXISTS `news`;
/*!40101 SET @saved_cs_client     = @@character_set_client */;
/*!40101 SET character_set_client = utf8 */;
CREATE TABLE `news` (
  `news` int(11) NOT NULL AUTO_INCREMENT,
  `posted` int(11) NOT NULL,
  `title` varchar(140) COLLATE utf8_bin NOT NULL,
  `text` text COLLATE utf8_bin NOT NULL,
  PRIMARY KEY (`news`),
  KEY `posted` (`posted`)
) ENGINE=MyISAM DEFAULT CHARSET=utf8 COLLATE=utf8_bin;
/*!40101 SET character_set_client = @saved_cs_client */;

--
-- Dumping data for table `news`
--

LOCK TABLES `news` WRITE;
/*!40000 ALTER TABLE `news` DISABLE KEYS */;
/*!40000 ALTER TABLE `news` ENABLE KEYS */;
UNLOCK TABLES;

--
-- Table structure for table `npc`
--

DROP TABLE IF EXISTS `npc`;
/*!40101 SET @saved_cs_client     = @@character_set_client */;
/*!40101 SET character_set_client = utf8 */;
CREATE TABLE `npc` (
  `npc` int(11) NOT NULL AUTO_INCREMENT,
  `abbrev` varchar(32) COLLATE utf8_bin NOT NULL,
  PRIMARY KEY (`npc`),
  UNIQUE KEY `abbrev` (`abbrev`)
) ENGINE=MyISAM AUTO_INCREMENT=2 DEFAULT CHARSET=utf8 COLLATE=utf8_bin;
/*!40101 SET character_set_client = @saved_cs_client */;

--
-- Dumping data for table `npc`
--

LOCK TABLES `npc` WRITE;
/*!40000 ALTER TABLE `npc` DISABLE KEYS */;
INSERT INTO `npc` VALUES (1,'oni');
/*!40000 ALTER TABLE `npc` ENABLE KEYS */;
UNLOCK TABLES;

--
-- Table structure for table `npc_spawn`
--

DROP TABLE IF EXISTS `npc_spawn`;
/*!40101 SET @saved_cs_client     = @@character_set_client */;
/*!40101 SET character_set_client = utf8 */;
CREATE TABLE `npc_spawn` (
  `npc` int(11) NOT NULL DEFAULT '0',
  `map` int(3) NOT NULL DEFAULT '0',
  `x` int(3) NOT NULL DEFAULT '0',
  `y` int(3) NOT NULL DEFAULT '0',
  `indoors` int(1) NOT NULL DEFAULT '0',
  PRIMARY KEY (`npc`,`map`,`x`,`y`,`indoors`)
) ENGINE=MyISAM DEFAULT CHARSET=utf8 COLLATE=utf8_bin;
/*!40101 SET character_set_client = @saved_cs_client */;

--
-- Dumping data for table `npc_spawn`
--

LOCK TABLES `npc_spawn` WRITE;
/*!40000 ALTER TABLE `npc_spawn` DISABLE KEYS */;
INSERT INTO `npc_spawn` VALUES (1,2,8,13,0),(1,2,19,20,0);
/*!40000 ALTER TABLE `npc_spawn` ENABLE KEYS */;
UNLOCK TABLES;

--
-- Table structure for table `password_reset`
--

DROP TABLE IF EXISTS `password_reset`;
/*!40101 SET @saved_cs_client     = @@character_set_client */;
/*!40101 SET character_set_client = utf8 */;
CREATE TABLE `password_reset` (
  `token_id` int(11) NOT NULL AUTO_INCREMENT,
  `user` int(11) NOT NULL,
  `token` varchar(32) COLLATE utf8_bin NOT NULL,
  `stamp` int(11) NOT NULL,
  PRIMARY KEY (`token_id`),
  UNIQUE KEY `user` (`user`)
) ENGINE=MyISAM AUTO_INCREMENT=7 DEFAULT CHARSET=utf8 COLLATE=utf8_bin;
/*!40101 SET character_set_client = @saved_cs_client */;

--
-- Dumping data for table `password_reset`
--

LOCK TABLES `password_reset` WRITE;
/*!40000 ALTER TABLE `password_reset` DISABLE KEYS */;
INSERT INTO `password_reset` VALUES (6,1,'4da2a1a371be40b4d8649dedb9c2080c',1319923950);
/*!40000 ALTER TABLE `password_reset` ENABLE KEYS */;
UNLOCK TABLES;

--
-- Table structure for table `pdata`
--

DROP TABLE IF EXISTS `pdata`;
/*!40101 SET @saved_cs_client     = @@character_set_client */;
/*!40101 SET character_set_client = utf8 */;
CREATE TABLE `pdata` (
  `dtype` enum('global','effect','skill') COLLATE utf8_bin NOT NULL DEFAULT 'global',
  `owner` int(11) NOT NULL DEFAULT '0',
  `dkey` varchar(32) COLLATE utf8_bin NOT NULL,
  `altkey` int(11) NOT NULL DEFAULT '0',
  `dval` varchar(256) COLLATE utf8_bin NOT NULL,
  PRIMARY KEY (`dtype`,`owner`,`dkey`,`altkey`)
) ENGINE=MyISAM DEFAULT CHARSET=utf8 COLLATE=utf8_bin;
/*!40101 SET character_set_client = @saved_cs_client */;

--
-- Dumping data for table `pdata`
--

LOCK TABLES `pdata` WRITE;
/*!40000 ALTER TABLE `pdata` DISABLE KEYS */;
INSERT INTO `pdata` VALUES ('effect',1,'49',0,'2');
/*!40000 ALTER TABLE `pdata` ENABLE KEYS */;
UNLOCK TABLES;

--
-- Table structure for table `skill`
--

DROP TABLE IF EXISTS `skill`;
/*!40101 SET @saved_cs_client     = @@character_set_client */;
/*!40101 SET character_set_client = utf8 */;
CREATE TABLE `skill` (
  `skill` int(3) NOT NULL AUTO_INCREMENT,
  `abbrev` varchar(24) COLLATE utf8_bin NOT NULL,
  `sname` varchar(64) COLLATE utf8_bin NOT NULL,
  `passive` tinyint(1) NOT NULL DEFAULT '1',
  `list` bit(1) NOT NULL DEFAULT b'1',
  `params` bit(1) NOT NULL,
  `js` bit(1) NOT NULL,
  `repeatable` bit(1) NOT NULL,
  `purchase` bit(1) NOT NULL,
  `cost_ap` int(2) NOT NULL DEFAULT '1',
  `cost_mp` int(2) NOT NULL DEFAULT '0',
  `descr` text COLLATE utf8_bin NOT NULL,
  PRIMARY KEY (`skill`),
  UNIQUE KEY `abbrev` (`abbrev`),
  KEY `passive` (`passive`),
  KEY `cost` (`cost_ap`),
  KEY `params` (`params`),
  KEY `cost_mp` (`cost_mp`),
  KEY `list` (`list`),
  KEY `js` (`js`,`repeatable`),
  KEY `purchase` (`purchase`)
) ENGINE=MyISAM AUTO_INCREMENT=79 DEFAULT CHARSET=utf8 COLLATE=utf8_bin;
/*!40101 SET character_set_client = @saved_cs_client */;

--
-- Dumping data for table `skill`
--

LOCK TABLES `skill` WRITE;
/*!40000 ALTER TABLE `skill` DISABLE KEYS */;
INSERT INTO `skill` VALUES (3,'swim','Swimming',1,'','\0','\0','\0','\0',0,0,'Permits you to move through water tiles. Additional AP costs may apply.'),(9,'poisonstrike','Poison Strike',2,'','\0','\0','\0','\0',2,0,'This is a special attack which, when it hits, inflicts a powerful poison on your victim.'),(10,'aimedstrike','Aimed Strike',2,'','','\0','\0','\0',2,0,'This is a specialized melee attack which can be aimed at a particular area of the opponent\'s body.'),(14,'climb','Climb',0,'','\0','\0','\0','\0',3,0,'With this skill, you can climb certain tiles and move through others without incurring an additional AP penalty. Climbing increases your chance to hit those on the ground while making it harder for them to hit you. Climbing and non-climbing characters cannot engage one another in melee combat.'),(15,'sk_throw','Throw',2,'','','\0','\0','\0',1,0,'This skill allows you to use thrown weapons.'),(16,'hide','Hide',0,'','\0','\0','','\0',1,0,'With this skill, you may attempt to conceal yourself from potential assailants inside buildings.'),(17,'aimedshot','Aimed Shot',2,'','','\0','\0','\0',2,0,'This is a specialized ranged attack which can be aimed at a particular area of the opponent\'s body.'),(18,'scavenge','Scavenge',0,'','\0','\0','','\0',3,0,'Grants you the ability to scavenge for resources with a higher chance of success than ordinary searching.'),(20,'r_leadbar','Craft: Lead Bar',1,'\0','\0','\0','\0','\0',2,0,''),(21,'metallurgy','Metallurgy',0,'','','\0','','',0,0,'This skill allows a character to learn Metallurgy recipes which can be used in conjunction with crafting materials to create items.'),(22,'mining','Mining',0,'','\0','\0','','\0',3,0,'With the use of a mining pick, this skill will allow you to mine mountains for ore with a higher chance of success than scavenging or searching.'),(24,'logging','Logging',0,'','\0','\0','','\0',3,0,'With the use of a wood axe, this skill will allow you to procure lumber from forests with a higher chance of success than scavenging or searching.'),(25,'carpentry','Carpentry',0,'','','\0','','',0,0,'This skill allows a character to learn Carpentry recipes which can be used in conjunction with crafting materials to create items.'),(26,'r_woodarrows','Craft: Wooden arrows',1,'\0','\0','\0','\0','\0',5,0,''),(27,'r_planks','Craft: Wood planks',1,'\0','\0','\0','\0','\0',3,0,''),(31,'kata_tiger','Tiger Kata',1,'\0','\0','\0','\0','',1,5,'When attacking with your Fists while the Tiger Kata is active, your strikes will inflict Slashing damage. Only one Kata may be active at a time.'),(29,'r_kurumaken','Craft: Kurumaken',0,'\0','\0','\0','\0','\0',5,0,''),(30,'repair','Repair',0,'','','\0','\0','\0',0,0,'When inside a building with a Forge, you may repair items which have been damaged or broken at a cost proportional to the item\'s damaged state. Their durability will be restored, though their maximum durability will drop by one point.'),(32,'kata','Kata',0,'','','\0','\0','\0',0,0,''),(33,'kata_mantis','Mantis Kata',1,'\0','\0','\0','\0','',1,5,'While the Mantis Kata is active, attacking with your fists will inflict Piercing damage. Only one Kata may be active at a time.'),(34,'kata_crane','Crane Kata',1,'\0','\0','\0','\0','',1,5,'While the Crane Kata is active, you will Kick rather than use your fists. When Kicks land, they do +1 damage. Only one Kata may be active at a time.'),(35,'healingtouch','Healing touch',2,'','\0','\0','\0','\0',1,10,'Heals yourself or another for 5HP.'),(36,'burningtouch','Burning touch',2,'','\0','\0','\0','\0',1,7,'A touch attack which inflicts damage that cannot be mitigated with armor.'),(37,'illuminate','Illuminate',0,'','\0','\0','\0','\0',1,15,'Illuminates a room, revealing all hidden characters.'),(38,'meditation','Meditation',0,'','\0','\0','\0','\0',15,0,'Allows you to enter a trance-like state, in which you have a random chance of regenerating an additional MP every 5 minutes. Performing actions or being attacked will break your concentration and end the effect.'),(39,'poisonweapon','Poison weapon',0,'','\0','\0','\0','\0',15,0,'You can coat your weapon in a powerful poison.'),(40,'caltrops','Caltrops',0,'','\0','\0','\0','\0',15,0,'Up to 3 opponents (hidden or visible) in the current cell will take damage the next time they move once you litter the floor with caltrops.'),(41,'vanish','Vanish',0,'','\0','\0','\0','\0',1,15,'Enveloping the area in mystical smoke, you may attempt to hide with a much greater chance of success than usual.'),(42,'kujikiri','Kuji-kiri',0,'','','\0','\0','',0,0,'Kuji-Kiri (, \"nine symbolic cuts\") provides the Ninja with the knowledge and application of various hand forms. Each of these forms carries their own effect(s).'),(43,'majutsu','Majutsu',1,'','\0','\0','\0','',0,0,'Majutsu (, \"evil technique\"), the art of black magic, unlocks Ninja spells and grants an additional 5 max MP.'),(44,'kujiin_rin','Rin (Strength)',1,'\0','\0','\0','\0','\0',1,5,'You inflict additional damage when using your fists.'),(45,'kujiin_kyo','Kyo (Direction)',1,'\0','\0','\0','\0','\0',1,5,'Provides additional accuracy when attacking with fists.'),(46,'kujiin_sha','Sha (Healing)',1,'\0','\0','\0','\0','\0',1,5,'You will heal yourself when striking successfully with your fists.'),(47,'kendo','Kendo Strike',2,'','','\0','\0','\0',0,0,''),(48,'kendo_men','Men (Forehead)',1,'\0','\0','\0','\0','',5,0,'A well-placed strike which will inflict damage relative to a percentage of your opponent\'s total hit points.'),(49,'kendo_tsuki','Tsuki (Throat)',1,'\0','\0','\0','\0','',5,0,'This attack will inflict the Bleeding condition if successful, draining your enemy of their lifeblood.'),(50,'kendo_do','Do (Body)',1,'\0','\0','\0','\0','',5,0,'A forceful strike which deals increased damage and knocks elevated opponents to the ground.'),(51,'kendo_kote','Kote (Arms/hands)',1,'\0','\0','\0','\0','',5,0,'An ordinary attack with the chance to disarm your opponent.'),(52,'construction','Construction',0,'','','\0','','\0',5,0,'This skill can be used to contribute labor to buildings currently under construction.'),(53,'boostshield','Boost shield',0,'','\0','\0','','\0',1,5,'When outside of your clan\'s stronghold, this skill can be used to construct or improve the metaphysical barrier that protects the stronghold\'s inhabitants from harm and bars the clan\'s enemies from entering the building.'),(54,'mysticism','Mysticism',1,'\0','\0','\0','\0','',0,0,'Unlocks certain Monk spells and increases your maximum MP by 5 points.'),(55,'dance','Dance',0,'','','\0','\0','\0',0,0,''),(56,'dance_mtnpath','Dance of the Mountain Path',1,'\0','\0','\0','\0','',1,7,'Nearby allies\' armor values are bolstered while inspired by this dance.'),(57,'thrownwepsmaster','Thrown Weapons Mastery',1,'\0','\0','\0','\0','\0',0,0,'Your chance to hit and overall damage with thrown weapons is increased.'),(58,'dance_fallingleaf','Dance of the Falling Leaf',1,'\0','\0','\0','\0','',1,7,'Nearby allies may dodge damaging blows like a leaf riding the wind while inspired by this dance.'),(59,'craft_antidote','Craft Antidote',0,'','\0','\0','\0','\0',15,0,'You are able to create an antidote against poison.'),(60,'sing','Sing',0,'','','\0','\0','\0',0,0,''),(61,'song_luminescentsoul','Song of the Luminescent Soul',1,'\0','\0','\0','\0','',1,7,'This song pierces the very darkness, possibly revealing hidden enemies.'),(62,'teaceremony','Tea Ceremony',2,'','\0','\0','\0','\0',1,5,'This time-honored tradition, properly executed, will relax your ally and elicit their natural healing process.'),(63,'poetryrecital','Poetry Recital',0,'','\0','\0','\0','\0',5,7,'You may heal groups of others through the power of the spoken word, coaxing their inherent energies with timeless tales of love, heroism and virtuous conquest.'),(64,'auctioneer','Auctioneer',1,'\0','\0','\0','\0','\0',0,0,'Your shrewd business sense and negotiating skills allow you to bundle up to 10 items together per auction (instead of the usual 5).'),(65,'architect','Architect',0,'','','\0','','',0,0,'With the Architect skill, you are able to draft blueprints for various building types. (The ability to draft Shack blueprints is granted upon skill purchase.)'),(66,'architect_bp_shack','Craft Blueprints: Shack',1,'\0','\0','\0','\0','\0',25,0,''),(67,'packmule','Pack Mule',1,'\0','\0','\0','\0','\0',0,0,'You are capable of carrying more weight before becoming fatigued.'),(68,'shopkeeping','Shopkeeping',0,'','\0','','\0','\0',25,0,'This skill allows you to set up a personal shop in one of your buildings.'),(69,'auctioneer_imp','Auctioneer (Improved)',1,'','\0','\0','\0','\0',0,0,'Your business savvy permits you to post more auctions than normally allowed.'),(70,'franchise','Franchise',1,'\0','\0','\0','\0','\0',0,0,'You may have 2 shops open simultaneously.'),(71,'corporation','Corporation',1,'\0','\0','\0','\0','\0',0,0,'You may have 3 shops open simultaneously.'),(72,'storeroom','Storeroom',1,'\0','\0','\0','\0','\0',0,0,'You may list more wares in your own shops due to increased storage capacity.'),(73,'cooking','Cooking',0,'','','\0','','',1,0,'With this skill, you may combine base materials to create more powerful culinary  items.'),(74,'r_steamedrice','Recipe: Steamed Rice',1,'','\0','\0','\0','\0',5,0,'Ingredients:\r\n<ul>\r\n<li>Uncooked rice</li>\r\n</ul>'),(75,'r_sushi','Recipe: Sushi',1,'\0','\0','\0','\0','\0',5,0,''),(76,'r_copperarmor','Craft: Copper armor',1,'\0','\0','\0','\0','\0',10,0,''),(77,'r_copperbar','Craft: Copper bar',1,'\0','\0','\0','\0','\0',3,0,''),(78,'annex','Annex building(s)',0,'','','\0','\0','\0',25,0,'Combine two of your adjacent buildings into one structure. (Maximum size: 4 map cells)');
/*!40000 ALTER TABLE `skill` ENABLE KEYS */;
UNLOCK TABLES;

--
-- Table structure for table `skill_class`
--

DROP TABLE IF EXISTS `skill_class`;
/*!40101 SET @saved_cs_client     = @@character_set_client */;
/*!40101 SET character_set_client = utf8 */;
CREATE TABLE `skill_class` (
  `skill` int(3) NOT NULL,
  `sclass` varchar(24) COLLATE utf8_bin NOT NULL,
  PRIMARY KEY (`skill`,`sclass`),
  KEY `fk_skill_class_skill1` (`skill`)
) ENGINE=MyISAM DEFAULT CHARSET=utf8 COLLATE=utf8_bin;
/*!40101 SET character_set_client = @saved_cs_client */;

--
-- Dumping data for table `skill_class`
--

LOCK TABLES `skill_class` WRITE;
/*!40000 ALTER TABLE `skill_class` DISABLE KEYS */;
INSERT INTO `skill_class` VALUES (20,'metallurgy'),(26,'carpentry'),(27,'carpentry'),(29,'metallurgy'),(74,'cooking'),(75,'cooking'),(76,'metallurgy'),(77,'metallurgy');
/*!40000 ALTER TABLE `skill_class` ENABLE KEYS */;
UNLOCK TABLES;

--
-- Table structure for table `skill_effect`
--

DROP TABLE IF EXISTS `skill_effect`;
/*!40101 SET @saved_cs_client     = @@character_set_client */;
/*!40101 SET character_set_client = utf8 */;
CREATE TABLE `skill_effect` (
  `effect` int(3) NOT NULL,
  `purchase` bit(1) NOT NULL,
  PRIMARY KEY (`effect`),
  KEY `purchase` (`purchase`)
) ENGINE=MyISAM DEFAULT CHARSET=utf8 COLLATE=utf8_bin;
/*!40101 SET character_set_client = @saved_cs_client */;

--
-- Dumping data for table `skill_effect`
--

LOCK TABLES `skill_effect` WRITE;
/*!40000 ALTER TABLE `skill_effect` DISABLE KEYS */;
INSERT INTO `skill_effect` VALUES (7,'\0'),(8,'\0'),(10,'\0'),(11,'\0'),(12,'\0'),(13,'\0'),(19,'\0'),(23,''),(25,'\0'),(32,'\0'),(34,'\0'),(35,'\0'),(36,'\0'),(37,'\0'),(41,'\0'),(42,'\0'),(46,'\0'),(45,'\0'),(47,'\0');
/*!40000 ALTER TABLE `skill_effect` ENABLE KEYS */;
UNLOCK TABLES;

--
-- Table structure for table `skill_tree`
--

DROP TABLE IF EXISTS `skill_tree`;
/*!40101 SET @saved_cs_client     = @@character_set_client */;
/*!40101 SET character_set_client = utf8 */;
CREATE TABLE `skill_tree` (
  `faction` int(1) NOT NULL DEFAULT '0',
  `class` int(3) NOT NULL,
  `skill` int(3) NOT NULL,
  `parent` int(3) NOT NULL,
  `xp` int(11) NOT NULL,
  PRIMARY KEY (`faction`,`class`,`skill`),
  KEY `fk_skill_tree_class_actor1` (`class`),
  KEY `fk_skill_tree_skill1` (`skill`)
) ENGINE=MyISAM DEFAULT CHARSET=utf8 COLLATE=utf8_bin;
/*!40101 SET character_set_client = @saved_cs_client */;

--
-- Dumping data for table `skill_tree`
--

LOCK TABLES `skill_tree` WRITE;
/*!40000 ALTER TABLE `skill_tree` DISABLE KEYS */;
INSERT INTO `skill_tree` VALUES (0,1,-12,0,75),(0,1,-10,-12,100),(0,1,-11,-12,100),(0,1,-13,-12,100),(0,1,17,-13,150),(0,1,-7,-12,100),(0,1,-8,-12,100),(0,1,14,0,75),(0,1,3,0,75),(0,2,9,-19,350),(0,1,10,-12,100),(0,1,15,-12,100),(0,1,16,0,75),(0,1,18,0,75),(0,1,21,18,100),(0,1,22,18,100),(0,1,24,18,100),(0,1,25,18,100),(0,1,30,21,200),(0,2,-19,0,200),(0,2,31,-19,350),(0,2,33,-19,350),(0,2,34,-19,350),(0,2,54,0,200),(0,2,35,54,350),(0,2,36,54,350),(0,2,37,54,350),(0,2,38,0,200),(0,3,-25,0,200),(0,3,39,-25,300),(0,3,40,-25,300),(0,3,42,0,225),(0,3,41,43,300),(0,3,43,0,300),(0,3,44,42,300),(0,3,45,42,300),(0,3,46,42,300),(0,4,-32,0,225),(0,4,48,-32,300),(0,4,49,-32,300),(0,4,50,-32,300),(0,4,51,-32,300),(0,4,-34,0,225),(0,4,-35,0,225),(0,4,-36,0,225),(0,2,-37,0,75),(0,1,52,0,75),(0,1,53,0,150),(0,5,56,0,225),(0,5,57,0,225),(0,5,-41,56,300),(0,5,-42,56,300),(0,5,58,0,225),(0,5,-45,58,300),(0,5,-46,58,300),(0,5,-47,0,225),(0,5,59,-47,300),(0,5,61,0,225),(0,5,62,0,225),(0,5,63,62,300),(0,6,64,0,225),(0,6,65,0,225),(0,6,67,0,225),(0,6,68,0,225),(0,6,69,64,300),(0,6,70,68,275),(0,6,71,70,325),(0,6,72,68,300),(0,1,73,0,75),(0,1,78,52,100);
/*!40000 ALTER TABLE `skill_tree` ENABLE KEYS */;
UNLOCK TABLES;

--
-- Table structure for table `structure`
--

DROP TABLE IF EXISTS `structure`;
/*!40101 SET @saved_cs_client     = @@character_set_client */;
/*!40101 SET character_set_client = utf8 */;
CREATE TABLE `structure` (
  `structure` int(3) NOT NULL AUTO_INCREMENT,
  `elevation` tinyint(1) NOT NULL,
  `abbrev` varchar(24) COLLATE utf8_bin NOT NULL,
  `descr` varchar(64) COLLATE utf8_bin DEFAULT NULL,
  `def_tile` int(3) NOT NULL,
  PRIMARY KEY (`structure`),
  KEY `elevation` (`elevation`)
) ENGINE=MyISAM AUTO_INCREMENT=8 DEFAULT CHARSET=utf8 COLLATE=utf8_bin;
/*!40101 SET character_set_client = @saved_cs_client */;

--
-- Dumping data for table `structure`
--

LOCK TABLES `structure` WRITE;
/*!40000 ALTER TABLE `structure` DISABLE KEYS */;
INSERT INTO `structure` VALUES (1,0,'palace','Palace',10),(2,0,'blacksmith','Blacksmith',12),(3,0,'inn','Inn',11),(4,0,'workshop','Workshop',21),(5,0,'shack','Shack',26),(6,0,'auctionhouse','Auction House',24),(7,0,'zenshrine','Zen Shrine',27);
/*!40000 ALTER TABLE `structure` ENABLE KEYS */;
UNLOCK TABLES;

--
-- Table structure for table `structure_class`
--

DROP TABLE IF EXISTS `structure_class`;
/*!40101 SET @saved_cs_client     = @@character_set_client */;
/*!40101 SET character_set_client = utf8 */;
CREATE TABLE `structure_class` (
  `structure` int(3) NOT NULL,
  `sclass` int(3) NOT NULL,
  `indoors` tinyint(1) NOT NULL DEFAULT '-1',
  PRIMARY KEY (`indoors`,`structure`,`sclass`),
  KEY `fk_structure_class_class_cell1` (`sclass`),
  KEY `fk_structure_class_structure1` (`structure`)
) ENGINE=MyISAM DEFAULT CHARSET=utf8 COLLATE=utf8_bin;
/*!40101 SET character_set_client = @saved_cs_client */;

--
-- Dumping data for table `structure_class`
--

LOCK TABLES `structure_class` WRITE;
/*!40000 ALTER TABLE `structure_class` DISABLE KEYS */;
INSERT INTO `structure_class` VALUES (6,3,-1),(2,1,1),(4,2,1),(7,5,1);
/*!40000 ALTER TABLE `structure_class` ENABLE KEYS */;
UNLOCK TABLES;

--
-- Table structure for table `structure_search`
--

DROP TABLE IF EXISTS `structure_search`;
/*!40101 SET @saved_cs_client     = @@character_set_client */;
/*!40101 SET character_set_client = utf8 */;
CREATE TABLE `structure_search` (
  `structure` int(3) NOT NULL,
  `inum` int(4) NOT NULL,
  `odds` int(2) NOT NULL,
  PRIMARY KEY (`inum`,`structure`),
  KEY `odds` (`odds`),
  KEY `fk_structure_search_item1` (`inum`),
  KEY `fk_structure_search_structure1` (`structure`)
) ENGINE=MyISAM DEFAULT CHARSET=utf8 COLLATE=utf8_bin;
/*!40101 SET character_set_client = @saved_cs_client */;

--
-- Dumping data for table `structure_search`
--

LOCK TABLES `structure_search` WRITE;
/*!40000 ALTER TABLE `structure_search` DISABLE KEYS */;
/*!40000 ALTER TABLE `structure_search` ENABLE KEYS */;
UNLOCK TABLES;

--
-- Table structure for table `structure_trigger`
--

DROP TABLE IF EXISTS `structure_trigger`;
/*!40101 SET @saved_cs_client     = @@character_set_client */;
/*!40101 SET character_set_client = utf8 */;
CREATE TABLE `structure_trigger` (
  `structure` int(3) NOT NULL,
  `enter` bit(1) NOT NULL,
  `exit` bit(1) NOT NULL,
  `arrive` bit(1) NOT NULL,
  `leave` bit(1) NOT NULL,
  PRIMARY KEY (`structure`),
  KEY `enter` (`enter`,`exit`,`arrive`,`leave`)
) ENGINE=MyISAM DEFAULT CHARSET=utf8 COLLATE=utf8_bin;
/*!40101 SET character_set_client = @saved_cs_client */;

--
-- Dumping data for table `structure_trigger`
--

LOCK TABLES `structure_trigger` WRITE;
/*!40000 ALTER TABLE `structure_trigger` DISABLE KEYS */;
/*!40000 ALTER TABLE `structure_trigger` ENABLE KEYS */;
UNLOCK TABLES;

--
-- Table structure for table `tile`
--

DROP TABLE IF EXISTS `tile`;
/*!40101 SET @saved_cs_client     = @@character_set_client */;
/*!40101 SET character_set_client = utf8 */;
CREATE TABLE `tile` (
  `tile` int(3) NOT NULL AUTO_INCREMENT,
  `img` varchar(24) COLLATE utf8_bin NOT NULL,
  `abbrev` varchar(24) COLLATE utf8_bin DEFAULT NULL,
  `descr` varchar(60) COLLATE utf8_bin NOT NULL DEFAULT 'Unknown',
  `dense` bit(1) NOT NULL,
  `hexcolor` char(6) COLLATE utf8_bin NOT NULL DEFAULT '996633',
  PRIMARY KEY (`tile`),
  KEY `dense` (`dense`)
) ENGINE=MyISAM AUTO_INCREMENT=29 DEFAULT CHARSET=utf8 COLLATE=utf8_bin;
/*!40101 SET character_set_client = @saved_cs_client */;

--
-- Dumping data for table `tile`
--

LOCK TABLES `tile` WRITE;
/*!40000 ALTER TABLE `tile` DISABLE KEYS */;
INSERT INTO `tile` VALUES (1,'dirt.gif',NULL,'Dirt','\0','663300'),(2,'grass.gif',NULL,'Grass','\0','339900'),(3,'water.gif','water','Water','\0','3399FF'),(4,'mountains.gif','mountains','Mountains','\0','999999'),(5,'sand.gif',NULL,'Sand','\0','FFCC66'),(6,'lava-cool.gif','lavacool','Lava','\0','FF3300'),(7,'lava-hot.gif','lavahot','Hot lava','\0','FF3300'),(8,'house.gif',NULL,'House','\0','000000'),(9,'temple.gif',NULL,'Temple','\0','000000'),(10,'palace.gif',NULL,'Palace','\0','000000'),(11,'ryokan.gif',NULL,'Inn','\0','000000'),(12,'blacksmith.gif',NULL,'Blacksmith','\0','000000'),(13,'swamp.jpg',NULL,'Swamp','\0','442200'),(14,'forest.gif','forest','Forest','\0','669933'),(15,'forest-dense.gif','forestdense','Dense forest','','666633'),(16,'ricepaddy1.gif',NULL,'Rice paddy','\0','FF9933'),(17,'ricepaddy2.gif',NULL,'Rice paddy','\0','FF9933'),(18,'hills.gif','hills','Hills','\0','66CC33'),(19,'mountain.gif','mountains','Mountain peak','\0','CCCCCC'),(20,'tower.gif',NULL,'Tower','\0','000000'),(21,'workshop.gif',NULL,'Workshop','\0','000000'),(22,'graveyard.gif',NULL,'Graveyard','\0','dd2222'),(23,'scaffolding.gif',NULL,'Construction site','\0','000000'),(24,'auction-house.gif',NULL,'Auction House','\0','000000'),(25,'ruins.gif',NULL,'Ruins','','222222'),(26,'shack.gif',NULL,'Shack','\0','000000'),(27,'shrine.gif',NULL,'Shrine','\0','000000'),(28,'capital.gif',NULL,'City Capital','\0','000000');
/*!40000 ALTER TABLE `tile` ENABLE KEYS */;
UNLOCK TABLES;

--
-- Table structure for table `tile_class`
--

DROP TABLE IF EXISTS `tile_class`;
/*!40101 SET @saved_cs_client     = @@character_set_client */;
/*!40101 SET character_set_client = utf8 */;
CREATE TABLE `tile_class` (
  `tile` int(3) NOT NULL,
  `indoors` tinyint(1) NOT NULL DEFAULT '-1',
  `tclass` int(3) NOT NULL,
  PRIMARY KEY (`indoors`,`tile`,`tclass`),
  KEY `fk_tile_class_class_cell1` (`tclass`),
  KEY `fk_tile_class_tile1` (`tile`)
) ENGINE=MyISAM DEFAULT CHARSET=utf8 COLLATE=utf8_bin;
/*!40101 SET character_set_client = @saved_cs_client */;

--
-- Dumping data for table `tile_class`
--

LOCK TABLES `tile_class` WRITE;
/*!40000 ALTER TABLE `tile_class` DISABLE KEYS */;
INSERT INTO `tile_class` VALUES (3,0,8),(4,0,5),(4,0,7),(8,0,1),(9,0,1),(10,0,1),(11,0,1),(12,0,1),(14,0,1),(14,0,4),(14,0,5),(15,0,1),(15,0,4),(15,0,5),(15,0,6),(19,0,2),(19,0,5),(19,0,7),(20,0,1),(20,0,2),(21,0,1),(28,1,9);
/*!40000 ALTER TABLE `tile_class` ENABLE KEYS */;
UNLOCK TABLES;

--
-- Table structure for table `tile_search`
--

DROP TABLE IF EXISTS `tile_search`;
/*!40101 SET @saved_cs_client     = @@character_set_client */;
/*!40101 SET character_set_client = utf8 */;
CREATE TABLE `tile_search` (
  `tile` int(3) NOT NULL,
  `indoors` tinyint(1) NOT NULL DEFAULT '0',
  `inum` int(4) NOT NULL,
  `odds` int(2) NOT NULL DEFAULT '1',
  PRIMARY KEY (`indoors`,`tile`,`inum`),
  KEY `odds` (`odds`),
  KEY `indoors` (`indoors`),
  KEY `fk_tile_search_item1` (`inum`),
  KEY `fk_tile_search_tile1` (`tile`)
) ENGINE=MyISAM DEFAULT CHARSET=utf8 COLLATE=utf8_bin;
/*!40101 SET character_set_client = @saved_cs_client */;

--
-- Dumping data for table `tile_search`
--

LOCK TABLES `tile_search` WRITE;
/*!40000 ALTER TABLE `tile_search` DISABLE KEYS */;
INSERT INTO `tile_search` VALUES (8,1,4,3),(8,1,0,41),(12,1,1,1),(12,1,0,15),(10,1,2,1),(9,1,0,18),(9,1,5,3),(11,1,6,3),(11,1,0,20),(10,1,0,17),(11,1,3,2),(9,1,7,1),(8,1,8,1),(9,1,10,3),(8,1,11,5),(10,1,12,2),(12,1,13,3),(12,1,14,1),(9,1,15,4),(21,1,20,2),(21,1,0,16),(21,1,21,1),(21,1,19,2),(3,0,22,15),(3,0,0,85),(17,0,25,1),(17,0,0,19),(16,0,25,1),(16,0,0,19);
/*!40000 ALTER TABLE `tile_search` ENABLE KEYS */;
UNLOCK TABLES;

--
-- Table structure for table `tile_trigger`
--

DROP TABLE IF EXISTS `tile_trigger`;
/*!40101 SET @saved_cs_client     = @@character_set_client */;
/*!40101 SET character_set_client = utf8 */;
CREATE TABLE `tile_trigger` (
  `tile` int(3) NOT NULL,
  `arrive` bit(1) NOT NULL,
  `leave` bit(1) NOT NULL,
  PRIMARY KEY (`tile`),
  KEY `arrive` (`arrive`,`leave`)
) ENGINE=MyISAM DEFAULT CHARSET=utf8 COLLATE=utf8_bin;
/*!40101 SET character_set_client = @saved_cs_client */;

--
-- Dumping data for table `tile_trigger`
--

LOCK TABLES `tile_trigger` WRITE;
/*!40000 ALTER TABLE `tile_trigger` DISABLE KEYS */;
INSERT INTO `tile_trigger` VALUES (3,'','\0'),(4,'','\0'),(6,'','\0'),(7,'','\0'),(15,'','\0'),(18,'','\0'),(19,'','\0'),(14,'','\0');
/*!40000 ALTER TABLE `tile_trigger` ENABLE KEYS */;
UNLOCK TABLES;

--
-- Table structure for table `town`
--

DROP TABLE IF EXISTS `town`;
/*!40101 SET @saved_cs_client     = @@character_set_client */;
/*!40101 SET character_set_client = utf8 */;
CREATE TABLE `town` (
  `town` int(2) NOT NULL,
  `map` int(2) NOT NULL,
  `name` varchar(24) COLLATE utf8_bin NOT NULL,
  `descr` text COLLATE utf8_bin NOT NULL,
  `x` int(3) NOT NULL,
  `y` int(3) NOT NULL,
  `radius` int(2) NOT NULL,
  `faction` int(1) NOT NULL,
  PRIMARY KEY (`town`,`map`),
  KEY `x` (`x`,`y`,`radius`,`faction`)
) ENGINE=MyISAM DEFAULT CHARSET=utf8 COLLATE=utf8_bin;
/*!40101 SET character_set_client = @saved_cs_client */;

--
-- Dumping data for table `town`
--

LOCK TABLES `town` WRITE;
/*!40000 ALTER TABLE `town` DISABLE KEYS */;
/*!40000 ALTER TABLE `town` ENABLE KEYS */;
UNLOCK TABLES;

--
-- Table structure for table `user`
--

DROP TABLE IF EXISTS `user`;
/*!40101 SET @saved_cs_client     = @@character_set_client */;
/*!40101 SET character_set_client = utf8 */;
CREATE TABLE `user` (
  `user` int(11) NOT NULL AUTO_INCREMENT,
  `uname` varchar(24) COLLATE utf8_bin DEFAULT NULL,
  `fb` varchar(255) COLLATE utf8_bin DEFAULT NULL,
  `pass` char(32) COLLATE utf8_bin DEFAULT NULL,
  `email` varchar(64) COLLATE utf8_bin NOT NULL,
  `created` int(11) NOT NULL,
  `last` int(11) NOT NULL,
  `slots` tinyint(1) NOT NULL DEFAULT '3',
  PRIMARY KEY (`user`),
  UNIQUE KEY `name` (`uname`),
  UNIQUE KEY `fb` (`fb`),
  KEY `slots` (`slots`)
) ENGINE=MyISAM AUTO_INCREMENT=6 DEFAULT CHARSET=utf8 COLLATE=utf8_bin;
/*!40101 SET character_set_client = @saved_cs_client */;

--
-- Dumping data for table `user`
--

LOCK TABLES `user` WRITE;
/*!40000 ALTER TABLE `user` DISABLE KEYS */;
INSERT INTO `user` VALUES (1,'haliphax',NULL,'74af4ad39fa773e59d498c4afe440043','haliphax@gmail.com',1322783664,1350942099,3),(2,'h4liphax',NULL,'74af4ad39fa773e59d498c4afe440043','haliphax@mail.com',1322783699,1330972073,3),(3,'Azguz',NULL,'40bac0b7fd5d370953798be43a74524f','leicesterlo@yahoo.co.uk',1333133904,0,3),(4,'Mirath',NULL,'3a749fce348ba94a3b7d5b2814f4987e','whelan14@gmail.com',1339447983,0,3),(5,'docneon',NULL,'99ff8e476f775a11bd2f79c62dbae1f8','samchott@gmail.com',1339626708,0,3);
/*!40000 ALTER TABLE `user` ENABLE KEYS */;
UNLOCK TABLES;

--
-- Table structure for table `user_mod`
--

DROP TABLE IF EXISTS `user_mod`;
/*!40101 SET @saved_cs_client     = @@character_set_client */;
/*!40101 SET character_set_client = utf8 */;
CREATE TABLE `user_mod` (
  `user` int(11) NOT NULL,
  PRIMARY KEY (`user`)
) ENGINE=MyISAM DEFAULT CHARSET=utf8 COLLATE=utf8_bin;
/*!40101 SET character_set_client = @saved_cs_client */;

--
-- Dumping data for table `user_mod`
--

LOCK TABLES `user_mod` WRITE;
/*!40000 ALTER TABLE `user_mod` DISABLE KEYS */;
INSERT INTO `user_mod` VALUES (1);
/*!40000 ALTER TABLE `user_mod` ENABLE KEYS */;
UNLOCK TABLES;

--
-- Table structure for table `user_priv_mapedit`
--

DROP TABLE IF EXISTS `user_priv_mapedit`;
/*!40101 SET @saved_cs_client     = @@character_set_client */;
/*!40101 SET character_set_client = utf8 */;
CREATE TABLE `user_priv_mapedit` (
  `user` int(11) NOT NULL,
  `map` int(2) NOT NULL,
  PRIMARY KEY (`map`,`user`),
  KEY `fk_user_priv_mapedit_map1` (`map`),
  KEY `fk_user_priv_mapedit_user1` (`user`)
) ENGINE=MyISAM DEFAULT CHARSET=utf8 COLLATE=utf8_bin;
/*!40101 SET character_set_client = @saved_cs_client */;

--
-- Dumping data for table `user_priv_mapedit`
--

LOCK TABLES `user_priv_mapedit` WRITE;
/*!40000 ALTER TABLE `user_priv_mapedit` DISABLE KEYS */;
INSERT INTO `user_priv_mapedit` VALUES (1,0);
/*!40000 ALTER TABLE `user_priv_mapedit` ENABLE KEYS */;
UNLOCK TABLES;
/*!40103 SET TIME_ZONE=@OLD_TIME_ZONE */;

/*!40101 SET SQL_MODE=@OLD_SQL_MODE */;
/*!40014 SET FOREIGN_KEY_CHECKS=@OLD_FOREIGN_KEY_CHECKS */;
/*!40014 SET UNIQUE_CHECKS=@OLD_UNIQUE_CHECKS */;
/*!40101 SET CHARACTER_SET_CLIENT=@OLD_CHARACTER_SET_CLIENT */;
/*!40101 SET CHARACTER_SET_RESULTS=@OLD_CHARACTER_SET_RESULTS */;
/*!40101 SET COLLATION_CONNECTION=@OLD_COLLATION_CONNECTION */;
/*!40111 SET SQL_NOTES=@OLD_SQL_NOTES */;

-- Dump completed on 2012-10-22 17:08:04
-- MySQL dump 10.13  Distrib 5.5.24, for debian-linux-gnu (x86_64)
--
-- Host: localhost    Database: kaiju_dev
-- ------------------------------------------------------
-- Server version	5.5.24-0ubuntu0.12.04.1

/*!40101 SET @OLD_CHARACTER_SET_CLIENT=@@CHARACTER_SET_CLIENT */;
/*!40101 SET @OLD_CHARACTER_SET_RESULTS=@@CHARACTER_SET_RESULTS */;
/*!40101 SET @OLD_COLLATION_CONNECTION=@@COLLATION_CONNECTION */;
/*!40101 SET NAMES utf8 */;
/*!40103 SET @OLD_TIME_ZONE=@@TIME_ZONE */;
/*!40103 SET TIME_ZONE='+00:00' */;
/*!40014 SET @OLD_UNIQUE_CHECKS=@@UNIQUE_CHECKS, UNIQUE_CHECKS=0 */;
/*!40014 SET @OLD_FOREIGN_KEY_CHECKS=@@FOREIGN_KEY_CHECKS, FOREIGN_KEY_CHECKS=0 */;
/*!40101 SET @OLD_SQL_MODE=@@SQL_MODE, SQL_MODE='NO_AUTO_VALUE_ON_ZERO' */;
/*!40111 SET @OLD_SQL_NOTES=@@SQL_NOTES, SQL_NOTES=0 */;

--
-- Table structure for table `ci_sessions`
--

DROP TABLE IF EXISTS `ci_sessions`;
/*!40101 SET @saved_cs_client     = @@character_set_client */;
/*!40101 SET character_set_client = utf8 */;
CREATE TABLE `ci_sessions` (
  `session_id` varchar(40) COLLATE utf8_bin NOT NULL DEFAULT '0',
  `ip_address` varchar(16) COLLATE utf8_bin NOT NULL DEFAULT '0',
  `user_agent` varchar(50) COLLATE utf8_bin NOT NULL,
  `last_activity` int(10) unsigned NOT NULL DEFAULT '0',
  `user_data` text COLLATE utf8_bin NOT NULL,
  PRIMARY KEY (`session_id`)
) ENGINE=MyISAM DEFAULT CHARSET=utf8 COLLATE=utf8_bin;
/*!40101 SET character_set_client = @saved_cs_client */;

--
-- Table structure for table `user`
--

DROP TABLE IF EXISTS `user`;
/*!40101 SET @saved_cs_client     = @@character_set_client */;
/*!40101 SET character_set_client = utf8 */;
CREATE TABLE `user` (
  `user` int(11) NOT NULL AUTO_INCREMENT,
  `uname` varchar(24) COLLATE utf8_bin DEFAULT NULL,
  `fb` varchar(255) COLLATE utf8_bin DEFAULT NULL,
  `pass` char(32) COLLATE utf8_bin DEFAULT NULL,
  `email` varchar(64) COLLATE utf8_bin NOT NULL,
  `created` int(11) NOT NULL,
  `last` int(11) NOT NULL,
  `slots` tinyint(1) NOT NULL DEFAULT '3',
  PRIMARY KEY (`user`),
  UNIQUE KEY `name` (`uname`),
  UNIQUE KEY `fb` (`fb`),
  KEY `slots` (`slots`)
) ENGINE=MyISAM AUTO_INCREMENT=6 DEFAULT CHARSET=utf8 COLLATE=utf8_bin;
/*!40101 SET character_set_client = @saved_cs_client */;

--
-- Table structure for table `user_mod`
--

DROP TABLE IF EXISTS `user_mod`;
/*!40101 SET @saved_cs_client     = @@character_set_client */;
/*!40101 SET character_set_client = utf8 */;
CREATE TABLE `user_mod` (
  `user` int(11) NOT NULL,
  PRIMARY KEY (`user`)
) ENGINE=MyISAM DEFAULT CHARSET=utf8 COLLATE=utf8_bin;
/*!40101 SET character_set_client = @saved_cs_client */;

--
-- Table structure for table `user_priv_mapedit`
--

DROP TABLE IF EXISTS `user_priv_mapedit`;
/*!40101 SET @saved_cs_client     = @@character_set_client */;
/*!40101 SET character_set_client = utf8 */;
CREATE TABLE `user_priv_mapedit` (
  `user` int(11) NOT NULL,
  `map` int(2) NOT NULL,
  PRIMARY KEY (`map`,`user`),
  KEY `fk_user_priv_mapedit_map1` (`map`),
  KEY `fk_user_priv_mapedit_user1` (`user`)
) ENGINE=MyISAM DEFAULT CHARSET=utf8 COLLATE=utf8_bin;
/*!40101 SET character_set_client = @saved_cs_client */;

--
-- Table structure for table `actor`
--

DROP TABLE IF EXISTS `actor`;
/*!40101 SET @saved_cs_client     = @@character_set_client */;
/*!40101 SET character_set_client = utf8 */;
CREATE TABLE `actor` (
  `user` int(11) NOT NULL,
  `actor` int(11) NOT NULL AUTO_INCREMENT,
  `faction` int(1) NOT NULL,
  `map` int(2) NOT NULL DEFAULT '2',
  `x` int(3) NOT NULL DEFAULT '12',
  `y` int(3) NOT NULL DEFAULT '12',
  `aname` varchar(24) COLLATE utf8_bin NOT NULL,
  `indoors` tinyint(1) NOT NULL DEFAULT '0',
  `stat_hp` int(3) NOT NULL DEFAULT '30',
  `stat_hpmax` int(3) NOT NULL DEFAULT '30',
  `stat_mp` int(3) NOT NULL DEFAULT '0',
  `stat_mpmax` int(3) NOT NULL DEFAULT '0',
  `stat_xp` int(9) NOT NULL DEFAULT '750',
  `stat_xplevel` int(9) NOT NULL DEFAULT '1000',
  `stat_xpspent` int(5) unsigned NOT NULL DEFAULT '0',
  `stat_ap` int(3) NOT NULL DEFAULT '150',
  `stat_apmax` int(3) NOT NULL DEFAULT '150',
  `evts` bit(1) NOT NULL,
  `evtm` bit(1) NOT NULL,
  `last` int(11) NOT NULL DEFAULT '0',
  PRIMARY KEY (`actor`,`user`),
  KEY `indoors` (`indoors`),
  KEY `evt` (`evts`),
  KEY `stat_xp` (`stat_xp`,`stat_xplevel`),
  KEY `stat_xpspent` (`stat_xpspent`),
  KEY `fk_actor_map_cell1` (`x`,`y`,`map`),
  KEY `fk_actor_user1` (`user`),
  KEY `faction` (`faction`)
) ENGINE=MyISAM AUTO_INCREMENT=8 DEFAULT CHARSET=utf8 COLLATE=utf8_bin;
/*!40101 SET character_set_client = @saved_cs_client */;

--
-- Table structure for table `actor_item`
--

DROP TABLE IF EXISTS `actor_item`;
/*!40101 SET @saved_cs_client     = @@character_set_client */;
/*!40101 SET character_set_client = utf8 */;
CREATE TABLE `actor_item` (
  `instance` int(11) NOT NULL AUTO_INCREMENT,
  `actor` int(11) NOT NULL,
  `inum` int(4) NOT NULL,
  `eq_slot` enum('MH','OH','Head','Torso','Legs','Arms') COLLATE utf8_bin DEFAULT NULL,
  `lifespan` int(3) DEFAULT NULL,
  `durability` int(3) DEFAULT NULL,
  `durmax` int(3) DEFAULT NULL,
  PRIMARY KEY (`instance`),
  KEY `eq_slot` (`eq_slot`),
  KEY `lifespan` (`lifespan`,`durability`),
  KEY `durmax` (`durmax`),
  KEY `fk_actor_item_actor1` (`actor`),
  KEY `fk_actor_item_item1` (`inum`)
) ENGINE=MyISAM AUTO_INCREMENT=125 DEFAULT CHARSET=utf8 COLLATE=utf8_bin;
/*!40101 SET character_set_client = @saved_cs_client */;

--
-- Table structure for table `actor_effect`
--

DROP TABLE IF EXISTS `actor_effect`;
/*!40101 SET @saved_cs_client     = @@character_set_client */;
/*!40101 SET character_set_client = utf8 */;
CREATE TABLE `actor_effect` (
  `actor` int(11) NOT NULL,
  `effect` int(3) NOT NULL,
  PRIMARY KEY (`actor`,`effect`),
  KEY `fk_actor_effect_actor1` (`actor`),
  KEY `fk_actor_effect_effect1` (`effect`)
) ENGINE=MyISAM DEFAULT CHARSET=utf8 COLLATE=utf8_bin;
/*!40101 SET character_set_client = @saved_cs_client */;

--
-- Table structure for table `actor_npc`
--

DROP TABLE IF EXISTS `actor_npc`;
/*!40101 SET @saved_cs_client     = @@character_set_client */;
/*!40101 SET character_set_client = utf8 */;
CREATE TABLE `actor_npc` (
  `actor` int(11) NOT NULL,
  `npc` int(11) NOT NULL,
  PRIMARY KEY (`actor`,`npc`)
) ENGINE=MyISAM DEFAULT CHARSET=latin1;
/*!40101 SET character_set_client = @saved_cs_client */;

--
-- Table structure for table `actor_skill`
--

DROP TABLE IF EXISTS `actor_skill`;
/*!40101 SET @saved_cs_client     = @@character_set_client */;
/*!40101 SET character_set_client = utf8 */;
CREATE TABLE `actor_skill` (
  `actor` int(11) NOT NULL,
  `skill` int(3) NOT NULL,
  PRIMARY KEY (`actor`,`skill`),
  KEY `fk_actor_skill_actor1` (`actor`),
  KEY `fk_actor_skill_skill1` (`skill`)
) ENGINE=MyISAM DEFAULT CHARSET=utf8 COLLATE=utf8_bin;
/*!40101 SET character_set_client = @saved_cs_client */;

--
-- Table structure for table `actor_class`
--

DROP TABLE IF EXISTS `actor_class`;
/*!40101 SET @saved_cs_client     = @@character_set_client */;
/*!40101 SET character_set_client = utf8 */;
CREATE TABLE `actor_class` (
  `actor` int(11) NOT NULL,
  `aclass` int(3) NOT NULL,
  PRIMARY KEY (`actor`,`aclass`),
  KEY `fk_actor_class_actor` (`actor`),
  KEY `fk_actor_class_class_actor1` (`aclass`)
) ENGINE=MyISAM DEFAULT CHARSET=utf8 COLLATE=utf8_bin;
/*!40101 SET character_set_client = @saved_cs_client */;

--
-- Table structure for table `actor_item_ammo`
--

DROP TABLE IF EXISTS `actor_item_ammo`;
/*!40101 SET @saved_cs_client     = @@character_set_client */;
/*!40101 SET character_set_client = utf8 */;
CREATE TABLE `actor_item_ammo` (
  `instance` int(11) NOT NULL,
  `ammo` int(4) NOT NULL,
  PRIMARY KEY (`instance`),
  KEY `fk_actor_item_ammo_item_ammo1` (`ammo`)
) ENGINE=MyISAM DEFAULT CHARSET=utf8 COLLATE=utf8_bin;
/*!40101 SET character_set_client = @saved_cs_client */;

--
-- Table structure for table `pdata`
--

DROP TABLE IF EXISTS `pdata`;
/*!40101 SET @saved_cs_client     = @@character_set_client */;
/*!40101 SET character_set_client = utf8 */;
CREATE TABLE `pdata` (
  `dtype` enum('global','effect','skill') COLLATE utf8_bin NOT NULL DEFAULT 'global',
  `owner` int(11) NOT NULL DEFAULT '0',
  `dkey` varchar(32) COLLATE utf8_bin NOT NULL,
  `altkey` int(11) NOT NULL DEFAULT '0',
  `dval` varchar(256) COLLATE utf8_bin NOT NULL,
  PRIMARY KEY (`dtype`,`owner`,`dkey`,`altkey`)
) ENGINE=MyISAM DEFAULT CHARSET=utf8 COLLATE=utf8_bin;
/*!40101 SET character_set_client = @saved_cs_client */;

--
-- Table structure for table `event`
--

DROP TABLE IF EXISTS `event`;
/*!40101 SET @saved_cs_client     = @@character_set_client */;
/*!40101 SET character_set_client = utf8 */;
CREATE TABLE `event` (
  `event` int(11) NOT NULL AUTO_INCREMENT,
  `stamp` int(11) NOT NULL,
  `descr` varchar(255) COLLATE utf8_bin NOT NULL,
  PRIMARY KEY (`event`)
) ENGINE=MyISAM AUTO_INCREMENT=719 DEFAULT CHARSET=utf8 COLLATE=utf8_bin;
/*!40101 SET character_set_client = @saved_cs_client */;

--
-- Table structure for table `event_thread`
--

DROP TABLE IF EXISTS `event_thread`;
/*!40101 SET @saved_cs_client     = @@character_set_client */;
/*!40101 SET character_set_client = utf8 */;
CREATE TABLE `event_thread` (
  `event` int(11) NOT NULL,
  `actor` int(11) NOT NULL,
  PRIMARY KEY (`event`,`actor`),
  KEY `fk_event_thread_actor1` (`actor`),
  KEY `fk_event_thread_event1` (`event`)
) ENGINE=MyISAM DEFAULT CHARSET=utf8 COLLATE=utf8_bin;
/*!40101 SET character_set_client = @saved_cs_client */;

--
-- Dumping routines for database 'kaiju_dev'
--
/*!40103 SET TIME_ZONE=@OLD_TIME_ZONE */;

/*!40101 SET SQL_MODE=@OLD_SQL_MODE */;
/*!40014 SET FOREIGN_KEY_CHECKS=@OLD_FOREIGN_KEY_CHECKS */;
/*!40014 SET UNIQUE_CHECKS=@OLD_UNIQUE_CHECKS */;
/*!40101 SET CHARACTER_SET_CLIENT=@OLD_CHARACTER_SET_CLIENT */;
/*!40101 SET CHARACTER_SET_RESULTS=@OLD_CHARACTER_SET_RESULTS */;
/*!40101 SET COLLATION_CONNECTION=@OLD_COLLATION_CONNECTION */;
/*!40111 SET SQL_NOTES=@OLD_SQL_NOTES */;

-- Dump completed on 2012-10-22 17:08:04
